2026-09-03 05:35:31,113 - Platform info 
                                                                       0
IP                                                            172.19.0.2
CPU                                               Intel(R) Xeon(R) 6515P
System Memory                                                 1007.52 GB
Motherboard                                 Giga Computing MSB4-G40-000 
GPU 0                                     NVIDIA H200 NVL, size=140.4 GB
GPU 1                                     NVIDIA H200 NVL, size=140.4 GB
OS Version                                            Ubuntu 24.04.3 LTS
Kernel Version              Linux-7.0.0-28-generic-x86_64-with-glibc2.39
aiDAPTIV+ Version                                            vNXUN205.A1
aiDAPTIV+ Soulution 0      PASCARI A1808K032T00E008T1900             ...
aiDAPTIV+ Soulution 1      PASCARI A1808K032T00E008T1900             ...
2026-09-03 05:35:31,115 - GPU info 
                              0                1
Driver version       580.173.02              NaN
Cuda Version              13000              NaN
Device                    GPU 0            GPU 1
Device Name     NVIDIA H200 NVL  NVIDIA H200 NVL
Total Memory              140.4            140.4
2026-09-03 05:35:31,115 - Training ACC = 4
2026-09-03 05:35:35,501 - DRAM Used + Cache + Buffer + Swap = 21.04 GB
2026-09-03 05:35:35,501 - DRAM Used + Cache + Buffer = 21.04 GB
2026-09-03 05:35:35,501 - DRAM Used = 18.51 GB
2026-09-03 05:35:35,501 - DRAM Swap = 0.0 GB
2026-09-03 05:35:35,501 - 
2026-09-03 05:35:36,145 - VRAM Total = [140.4] GB
2026-09-03 05:35:36,146 - VRAM Used = [0.1] GB
2026-09-03 05:35:36,146 - 
2026-09-03 05:35:36,171 - Get SMARTINFO error, error=Expecting value: line 1 column 1 (char 0)
2026-09-03 05:35:36,171 - 
2026-09-03 05:35:36,171 - ================================================================================
2026-09-03 05:35:37,172 - DRAM Used + Cache + Buffer + Swap = 21.33 GB
2026-09-03 05:35:37,173 - DRAM Used + Cache + Buffer = 21.33 GB
2026-09-03 05:35:37,173 - DRAM Used = 18.8 GB
2026-09-03 05:35:37,173 - DRAM Swap = 0.0 GB
2026-09-03 05:35:37,173 - 
2026-09-03 05:35:37,378 - VRAM Total = [140.4] GB
2026-09-03 05:35:37,379 - VRAM Used = [0.1] GB
2026-09-03 05:35:37,379 - 
2026-09-03 05:35:37,406 - Get SMARTINFO error, error=Expecting value: line 1 column 1 (char 0)
2026-09-03 05:35:37,406 - 
2026-09-03 05:35:37,406 - ================================================================================
2026-09-03 05:35:38,408 - DRAM Used + Cache + Buffer + Swap = 21.4 GB
2026-09-03 05:35:38,408 - DRAM Used + Cache + Buffer = 21.4 GB
2026-09-03 05:35:38,408 - DRAM Used = 18.84 GB
2026-09-03 05:35:38,408 - DRAM Swap = 0.0 GB
2026-09-03 05:35:38,408 - 
2026-09-03 05:35:38,613 - VRAM Total = [140.4] GB
2026-09-03 05:35:38,614 - VRAM Used = [0.1] GB
2026-09-03 05:35:38,614 - 
2026-09-03 05:35:38,632 - Get SMARTINFO error, error=Expecting value: line 1 column 1 (char 0)
2026-09-03 05:35:38,632 - 
2026-09-03 05:35:38,632 - ================================================================================
2026-09-03 05:35:39,633 - DRAM Used + Cache + Buffer + Swap = 21.49 GB
2026-09-03 05:35:39,633 - DRAM Used + Cache + Buffer = 21.49 GB
2026-09-03 05:35:39,633 - DRAM Used = 18.9 GB
2026-09-03 05:35:39,633 - DRAM Swap = 0.0 GB
2026-09-03 05:35:39,634 - 
2026-09-03 05:35:39,839 - VRAM Total = [140.4] GB
2026-09-03 05:35:39,839 - VRAM Used = [0.1] GB
2026-09-03 05:35:39,839 - 
2026-09-03 05:35:39,864 - Get SMARTINFO error, error=Expecting value: line 1 column 1 (char 0)
2026-09-03 05:35:39,864 - 
2026-09-03 05:35:39,864 - ================================================================================
2026-09-03 05:35:40,865 - DRAM Used + Cache + Buffer + Swap = 21.51 GB
2026-09-03 05:35:40,866 - DRAM Used + Cache + Buffer = 21.51 GB
2026-09-03 05:35:40,866 - DRAM Used = 18.91 GB
2026-09-03 05:35:40,866 - DRAM Swap = 0.0 GB
2026-09-03 05:35:40,866 - 
2026-09-03 05:35:41,160 - VRAM Total = [140.4] GB
2026-09-03 05:35:41,160 - VRAM Used = [0.1] GB
2026-09-03 05:35:41,160 - 
2026-09-03 05:35:41,182 - Get SMARTINFO error, error=Expecting value: line 1 column 1 (char 0)
2026-09-03 05:35:41,183 - 
2026-09-03 05:35:41,183 - ================================================================================
2026-09-03 05:35:42,184 - DRAM Used + Cache + Buffer + Swap = 21.56 GB
2026-09-03 05:35:42,184 - DRAM Used + Cache + Buffer = 21.56 GB
2026-09-03 05:35:42,185 - DRAM Used = 18.95 GB
2026-09-03 05:35:42,185 - DRAM Swap = 0.0 GB
2026-09-03 05:35:42,185 - 
2026-09-03 05:35:42,390 - VRAM Total = [140.4] GB
2026-09-03 05:35:42,391 - VRAM Used = [0.1] GB
2026-09-03 05:35:42,391 - 
2026-09-03 05:35:42,411 - Get SMARTINFO error, error=Expecting value: line 1 column 1 (char 0)
2026-09-03 05:35:42,412 - 
2026-09-03 05:35:42,412 - ================================================================================
2026-09-03 05:35:43,413 - DRAM Used + Cache + Buffer + Swap = 21.58 GB
2026-09-03 05:35:43,413 - DRAM Used + Cache + Buffer = 21.58 GB
2026-09-03 05:35:43,413 - DRAM Used = 18.96 GB
2026-09-03 05:35:43,413 - DRAM Swap = 0.0 GB
2026-09-03 05:35:43,413 - 
2026-09-03 05:35:43,618 - VRAM Total = [140.4] GB
2026-09-03 05:35:43,618 - VRAM Used = [0.1] GB
2026-09-03 05:35:43,619 - 
2026-09-03 05:35:43,645 - Get SMARTINFO error, error=Expecting value: line 1 column 1 (char 0)
2026-09-03 05:35:43,645 - 
2026-09-03 05:35:43,645 - ================================================================================
2026-09-03 05:35:44,646 - DRAM Used + Cache + Buffer + Swap = 21.58 GB
2026-09-03 05:35:44,646 - DRAM Used + Cache + Buffer = 21.58 GB
2026-09-03 05:35:44,647 - DRAM Used = 18.96 GB
2026-09-03 05:35:44,647 - DRAM Swap = 0.0 GB
2026-09-03 05:35:44,647 - 
2026-09-03 05:35:44,852 - VRAM Total = [140.4] GB
2026-09-03 05:35:44,852 - VRAM Used = [0.1] GB
2026-09-03 05:35:44,852 - 
2026-09-03 05:35:44,879 - Get SMARTINFO error, error=Expecting value: line 1 column 1 (char 0)
2026-09-03 05:35:44,879 - 
2026-09-03 05:35:44,879 - ================================================================================
2026-09-03 05:35:45,880 - DRAM Used + Cache + Buffer + Swap = 21.61 GB
2026-09-03 05:35:45,881 - DRAM Used + Cache + Buffer = 21.61 GB
2026-09-03 05:35:45,881 - DRAM Used = 18.99 GB
2026-09-03 05:35:45,881 - DRAM Swap = 0.0 GB
2026-09-03 05:35:45,881 - 
2026-09-03 05:35:46,086 - VRAM Total = [140.4] GB
2026-09-03 05:35:46,086 - VRAM Used = [0.1] GB
2026-09-03 05:35:46,086 - 
2026-09-03 05:35:46,109 - Get SMARTINFO error, error=Expecting value: line 1 column 1 (char 0)
2026-09-03 05:35:46,109 - 
2026-09-03 05:35:46,109 - ================================================================================
2026-09-03 05:35:47,111 - DRAM Used + Cache + Buffer + Swap = 21.83 GB
2026-09-03 05:35:47,111 - DRAM Used + Cache + Buffer = 21.83 GB
2026-09-03 05:35:47,111 - DRAM Used = 19.16 GB
2026-09-03 05:35:47,111 - DRAM Swap = 0.0 GB
2026-09-03 05:35:47,111 - 
2026-09-03 05:35:47,318 - VRAM Total = [140.4] GB
2026-09-03 05:35:47,318 - VRAM Used = [0.35] GB
2026-09-03 05:35:47,319 - 
2026-09-03 05:35:47,343 - Get SMARTINFO error, error=Expecting value: line 1 column 1 (char 0)
2026-09-03 05:35:47,343 - 
2026-09-03 05:35:47,343 - ================================================================================
2026-09-03 05:35:48,344 - DRAM Used + Cache + Buffer + Swap = 22.07 GB
2026-09-03 05:35:48,345 - DRAM Used + Cache + Buffer = 22.07 GB
2026-09-03 05:35:48,345 - DRAM Used = 19.4 GB
2026-09-03 05:35:48,345 - DRAM Swap = 0.0 GB
2026-09-03 05:35:48,345 - 
2026-09-03 05:35:48,551 - VRAM Total = [140.4] GB
2026-09-03 05:35:48,552 - VRAM Used = [0.35] GB
2026-09-03 05:35:48,552 - 
2026-09-03 05:35:48,579 - Get SMARTINFO error, error=Expecting value: line 1 column 1 (char 0)
2026-09-03 05:35:48,580 - 
2026-09-03 05:35:48,580 - ================================================================================
2026-09-03 05:35:49,581 - DRAM Used + Cache + Buffer + Swap = 22.51 GB
2026-09-03 05:35:49,581 - DRAM Used + Cache + Buffer = 22.51 GB
2026-09-03 05:35:49,582 - DRAM Used = 19.77 GB
2026-09-03 05:35:49,582 - DRAM Swap = 0.0 GB
2026-09-03 05:35:49,582 - 
2026-09-03 05:35:49,790 - VRAM Total = [140.4] GB
2026-09-03 05:35:49,790 - VRAM Used = [0.94] GB
2026-09-03 05:35:49,790 - 
2026-09-03 05:35:49,814 - Get SMARTINFO error, error=Expecting value: line 1 column 1 (char 0)
2026-09-03 05:35:49,814 - 
2026-09-03 05:35:49,814 - ================================================================================
2026-09-03 05:35:50,816 - DRAM Used + Cache + Buffer + Swap = 22.66 GB
2026-09-03 05:35:50,816 - DRAM Used + Cache + Buffer = 22.66 GB
2026-09-03 05:35:50,816 - DRAM Used = 19.92 GB
2026-09-03 05:35:50,816 - DRAM Swap = 0.0 GB
2026-09-03 05:35:50,816 - 
2026-09-03 05:35:51,023 - VRAM Total = [140.4] GB
2026-09-03 05:35:51,024 - VRAM Used = [0.94] GB
2026-09-03 05:35:51,024 - 
2026-09-03 05:35:51,051 - Get SMARTINFO error, error=Expecting value: line 1 column 1 (char 0)
2026-09-03 05:35:51,052 - 
2026-09-03 05:35:51,052 - ================================================================================
2026-09-03 05:35:52,053 - DRAM Used + Cache + Buffer + Swap = 22.8 GB
2026-09-03 05:35:52,053 - DRAM Used + Cache + Buffer = 22.8 GB
2026-09-03 05:35:52,053 - DRAM Used = 19.92 GB
2026-09-03 05:35:52,053 - DRAM Swap = 0.0 GB
2026-09-03 05:35:52,053 - 
2026-09-03 05:35:52,259 - VRAM Total = [140.4] GB
2026-09-03 05:35:52,259 - VRAM Used = [2.0] GB
2026-09-03 05:35:52,259 - 
2026-09-03 05:35:52,283 - Get SMARTINFO error, error=Expecting value: line 1 column 1 (char 0)
2026-09-03 05:35:52,284 - 
2026-09-03 05:35:52,284 - ================================================================================
2026-09-03 05:35:53,285 - DRAM Used + Cache + Buffer + Swap = 22.8 GB
2026-09-03 05:35:53,285 - DRAM Used + Cache + Buffer = 22.8 GB
2026-09-03 05:35:53,285 - DRAM Used = 19.92 GB
2026-09-03 05:35:53,285 - DRAM Swap = 0.0 GB
2026-09-03 05:35:53,285 - 
2026-09-03 05:35:53,492 - VRAM Total = [140.4] GB
2026-09-03 05:35:53,492 - VRAM Used = [2.0] GB
2026-09-03 05:35:53,492 - 
2026-09-03 05:35:53,516 - Get SMARTINFO error, error=Expecting value: line 1 column 1 (char 0)
2026-09-03 05:35:53,517 - 
2026-09-03 05:35:53,517 - ================================================================================
2026-09-03 05:35:54,518 - DRAM Used + Cache + Buffer + Swap = 22.8 GB
2026-09-03 05:35:54,518 - DRAM Used + Cache + Buffer = 22.8 GB
2026-09-03 05:35:54,518 - DRAM Used = 19.92 GB
2026-09-03 05:35:54,518 - DRAM Swap = 0.0 GB
2026-09-03 05:35:54,518 - 
2026-09-03 05:35:54,724 - VRAM Total = [140.4] GB
2026-09-03 05:35:54,724 - VRAM Used = [2.0] GB
2026-09-03 05:35:54,724 - 
2026-09-03 05:35:54,750 - Get SMARTINFO error, error=Expecting value: line 1 column 1 (char 0)
2026-09-03 05:35:54,750 - 
2026-09-03 05:35:54,750 - ================================================================================
2026-09-03 05:35:55,751 - DRAM Used + Cache + Buffer + Swap = 22.8 GB
2026-09-03 05:35:55,752 - DRAM Used + Cache + Buffer = 22.8 GB
2026-09-03 05:35:55,752 - DRAM Used = 19.92 GB
2026-09-03 05:35:55,753 - DRAM Swap = 0.0 GB
2026-09-03 05:35:55,753 - 
2026-09-03 05:35:55,960 - VRAM Total = [140.4] GB
2026-09-03 05:35:55,960 - VRAM Used = [2.0] GB
2026-09-03 05:35:55,960 - 
2026-09-03 05:35:55,985 - Get SMARTINFO error, error=Expecting value: line 1 column 1 (char 0)
2026-09-03 05:35:55,985 - 
2026-09-03 05:35:55,985 - ================================================================================
2026-09-03 05:35:56,986 - DRAM Used + Cache + Buffer + Swap = 22.8 GB
2026-09-03 05:35:56,987 - DRAM Used + Cache + Buffer = 22.8 GB
2026-09-03 05:35:56,987 - DRAM Used = 19.92 GB
2026-09-03 05:35:56,987 - DRAM Swap = 0.0 GB
2026-09-03 05:35:56,987 - 
2026-09-03 05:35:57,193 - VRAM Total = [140.4] GB
2026-09-03 05:35:57,193 - VRAM Used = [2.0] GB
2026-09-03 05:35:57,193 - 
2026-09-03 05:35:57,217 - Get SMARTINFO error, error=Expecting value: line 1 column 1 (char 0)
2026-09-03 05:35:57,217 - 
2026-09-03 05:35:57,218 - ================================================================================
2026-09-03 05:35:58,219 - DRAM Used + Cache + Buffer + Swap = 22.8 GB
2026-09-03 05:35:58,219 - DRAM Used + Cache + Buffer = 22.8 GB
2026-09-03 05:35:58,219 - DRAM Used = 19.92 GB
2026-09-03 05:35:58,219 - DRAM Swap = 0.0 GB
2026-09-03 05:35:58,219 - 
2026-09-03 05:35:58,425 - VRAM Total = [140.4] GB
2026-09-03 05:35:58,426 - VRAM Used = [2.0] GB
2026-09-03 05:35:58,426 - 
2026-09-03 05:35:58,450 - Get SMARTINFO error, error=Expecting value: line 1 column 1 (char 0)
2026-09-03 05:35:58,451 - 
2026-09-03 05:35:58,451 - ================================================================================
2026-09-03 05:35:59,452 - DRAM Used + Cache + Buffer + Swap = 22.8 GB
2026-09-03 05:35:59,452 - DRAM Used + Cache + Buffer = 22.8 GB
2026-09-03 05:35:59,452 - DRAM Used = 19.91 GB
2026-09-03 05:35:59,452 - DRAM Swap = 0.0 GB
2026-09-03 05:35:59,452 - 
2026-09-03 05:35:59,658 - VRAM Total = [140.4] GB
2026-09-03 05:35:59,658 - VRAM Used = [2.0] GB
2026-09-03 05:35:59,658 - 
2026-09-03 05:35:59,682 - Get SMARTINFO error, error=Expecting value: line 1 column 1 (char 0)
2026-09-03 05:35:59,682 - 
2026-09-03 05:35:59,682 - ================================================================================
2026-09-03 05:36:00,684 - DRAM Used + Cache + Buffer + Swap = 22.8 GB
2026-09-03 05:36:00,684 - DRAM Used + Cache + Buffer = 22.8 GB
2026-09-03 05:36:00,684 - DRAM Used = 19.92 GB
2026-09-03 05:36:00,684 - DRAM Swap = 0.0 GB
2026-09-03 05:36:00,684 - 
2026-09-03 05:36:00,890 - VRAM Total = [140.4] GB
2026-09-03 05:36:00,891 - VRAM Used = [2.0] GB
2026-09-03 05:36:00,891 - 
2026-09-03 05:36:00,916 - Get SMARTINFO error, error=Expecting value: line 1 column 1 (char 0)
2026-09-03 05:36:00,917 - 
2026-09-03 05:36:00,917 - ================================================================================
2026-09-03 05:36:01,918 - DRAM Used + Cache + Buffer + Swap = 22.78 GB
2026-09-03 05:36:01,918 - DRAM Used + Cache + Buffer = 22.78 GB
2026-09-03 05:36:01,918 - DRAM Used = 19.89 GB
2026-09-03 05:36:01,918 - DRAM Swap = 0.0 GB
2026-09-03 05:36:01,918 - 
2026-09-03 05:36:02,125 - VRAM Total = [140.4] GB
2026-09-03 05:36:02,125 - VRAM Used = [2.0] GB
2026-09-03 05:36:02,125 - 
2026-09-03 05:36:02,151 - Get SMARTINFO error, error=Expecting value: line 1 column 1 (char 0)
2026-09-03 05:36:02,151 - 
2026-09-03 05:36:02,151 - ================================================================================
2026-09-03 05:36:03,152 - DRAM Used + Cache + Buffer + Swap = 22.78 GB
2026-09-03 05:36:03,153 - DRAM Used + Cache + Buffer = 22.78 GB
2026-09-03 05:36:03,153 - DRAM Used = 19.89 GB
2026-09-03 05:36:03,153 - DRAM Swap = 0.0 GB
2026-09-03 05:36:03,153 - 
2026-09-03 05:36:03,360 - VRAM Total = [140.4] GB
2026-09-03 05:36:03,360 - VRAM Used = [2.0] GB
2026-09-03 05:36:03,360 - 
2026-09-03 05:36:03,385 - Get SMARTINFO error, error=Expecting value: line 1 column 1 (char 0)
2026-09-03 05:36:03,385 - 
2026-09-03 05:36:03,385 - ================================================================================
2026-09-03 05:36:04,386 - DRAM Used + Cache + Buffer + Swap = 22.78 GB
2026-09-03 05:36:04,386 - DRAM Used + Cache + Buffer = 22.78 GB
2026-09-03 05:36:04,386 - DRAM Used = 19.89 GB
2026-09-03 05:36:04,386 - DRAM Swap = 0.0 GB
2026-09-03 05:36:04,387 - 
2026-09-03 05:36:04,593 - VRAM Total = [140.4] GB
2026-09-03 05:36:04,593 - VRAM Used = [2.0] GB
2026-09-03 05:36:04,593 - 
2026-09-03 05:36:04,615 - Get SMARTINFO error, error=Expecting value: line 1 column 1 (char 0)
2026-09-03 05:36:04,616 - 
2026-09-03 05:36:04,616 - ================================================================================
2026-09-03 05:36:05,617 - DRAM Used + Cache + Buffer + Swap = 22.78 GB
2026-09-03 05:36:05,617 - DRAM Used + Cache + Buffer = 22.78 GB
2026-09-03 05:36:05,617 - DRAM Used = 19.89 GB
2026-09-03 05:36:05,617 - DRAM Swap = 0.0 GB
2026-09-03 05:36:05,617 - 
2026-09-03 05:36:05,823 - VRAM Total = [140.4] GB
2026-09-03 05:36:05,823 - VRAM Used = [2.0] GB
2026-09-03 05:36:05,823 - 
2026-09-03 05:36:05,845 - Get SMARTINFO error, error=Expecting value: line 1 column 1 (char 0)
2026-09-03 05:36:05,846 - 
2026-09-03 05:36:05,846 - ================================================================================
2026-09-03 05:36:06,847 - DRAM Used + Cache + Buffer + Swap = 22.78 GB
2026-09-03 05:36:06,847 - DRAM Used + Cache + Buffer = 22.78 GB
2026-09-03 05:36:06,847 - DRAM Used = 19.89 GB
2026-09-03 05:36:06,847 - DRAM Swap = 0.0 GB
2026-09-03 05:36:06,847 - 
2026-09-03 05:36:07,053 - VRAM Total = [140.4] GB
2026-09-03 05:36:07,053 - VRAM Used = [2.0] GB
2026-09-03 05:36:07,053 - 
2026-09-03 05:36:07,077 - Get SMARTINFO error, error=Expecting value: line 1 column 1 (char 0)
2026-09-03 05:36:07,077 - 
2026-09-03 05:36:07,077 - ================================================================================
2026-09-03 05:36:08,078 - DRAM Used + Cache + Buffer + Swap = 22.78 GB
2026-09-03 05:36:08,079 - DRAM Used + Cache + Buffer = 22.78 GB
2026-09-03 05:36:08,079 - DRAM Used = 19.89 GB
2026-09-03 05:36:08,079 - DRAM Swap = 0.0 GB
2026-09-03 05:36:08,079 - 
2026-09-03 05:36:08,286 - VRAM Total = [140.4] GB
2026-09-03 05:36:08,286 - VRAM Used = [2.0] GB
2026-09-03 05:36:08,286 - 
2026-09-03 05:36:08,311 - Get SMARTINFO error, error=Expecting value: line 1 column 1 (char 0)
2026-09-03 05:36:08,311 - 
2026-09-03 05:36:08,311 - ================================================================================
2026-09-03 05:36:09,312 - DRAM Used + Cache + Buffer + Swap = 22.77 GB
2026-09-03 05:36:09,313 - DRAM Used + Cache + Buffer = 22.77 GB
2026-09-03 05:36:09,313 - DRAM Used = 19.89 GB
2026-09-03 05:36:09,313 - DRAM Swap = 0.0 GB
2026-09-03 05:36:09,313 - 
2026-09-03 05:36:09,518 - VRAM Total = [140.4] GB
2026-09-03 05:36:09,519 - VRAM Used = [2.0] GB
2026-09-03 05:36:09,519 - 
2026-09-03 05:36:09,543 - Get SMARTINFO error, error=Expecting value: line 1 column 1 (char 0)
2026-09-03 05:36:09,544 - 
2026-09-03 05:36:09,544 - ================================================================================
2026-09-03 05:36:10,545 - DRAM Used + Cache + Buffer + Swap = 22.77 GB
2026-09-03 05:36:10,545 - DRAM Used + Cache + Buffer = 22.77 GB
2026-09-03 05:36:10,545 - DRAM Used = 19.89 GB
2026-09-03 05:36:10,545 - DRAM Swap = 0.0 GB
2026-09-03 05:36:10,545 - 
2026-09-03 05:36:10,751 - VRAM Total = [140.4] GB
2026-09-03 05:36:10,751 - VRAM Used = [2.0] GB
2026-09-03 05:36:10,751 - 
2026-09-03 05:36:10,773 - Get SMARTINFO error, error=Expecting value: line 1 column 1 (char 0)
2026-09-03 05:36:10,773 - 
2026-09-03 05:36:10,773 - ================================================================================
2026-09-03 05:36:11,774 - DRAM Used + Cache + Buffer + Swap = 22.77 GB
2026-09-03 05:36:11,774 - DRAM Used + Cache + Buffer = 22.77 GB
2026-09-03 05:36:11,774 - DRAM Used = 19.88 GB
2026-09-03 05:36:11,774 - DRAM Swap = 0.0 GB
2026-09-03 05:36:11,774 - 
2026-09-03 05:36:11,980 - VRAM Total = [140.4] GB
2026-09-03 05:36:11,980 - VRAM Used = [2.0] GB
2026-09-03 05:36:11,980 - 
2026-09-03 05:36:12,004 - Get SMARTINFO error, error=Expecting value: line 1 column 1 (char 0)
2026-09-03 05:36:12,004 - 
2026-09-03 05:36:12,004 - ================================================================================
2026-09-03 05:36:13,005 - DRAM Used + Cache + Buffer + Swap = 22.76 GB
2026-09-03 05:36:13,005 - DRAM Used + Cache + Buffer = 22.76 GB
2026-09-03 05:36:13,005 - DRAM Used = 19.87 GB
2026-09-03 05:36:13,005 - DRAM Swap = 0.0 GB
2026-09-03 05:36:13,005 - 
2026-09-03 05:36:13,211 - VRAM Total = [140.4] GB
2026-09-03 05:36:13,212 - VRAM Used = [2.0] GB
2026-09-03 05:36:13,212 - 
2026-09-03 05:36:13,233 - Get SMARTINFO error, error=Expecting value: line 1 column 1 (char 0)
2026-09-03 05:36:13,233 - 
2026-09-03 05:36:13,233 - ================================================================================
2026-09-03 05:36:14,234 - DRAM Used + Cache + Buffer + Swap = 22.74 GB
2026-09-03 05:36:14,235 - DRAM Used + Cache + Buffer = 22.74 GB
2026-09-03 05:36:14,235 - DRAM Used = 19.86 GB
2026-09-03 05:36:14,235 - DRAM Swap = 0.0 GB
2026-09-03 05:36:14,235 - 
2026-09-03 05:36:14,441 - VRAM Total = [140.4] GB
2026-09-03 05:36:14,441 - VRAM Used = [2.0] GB
2026-09-03 05:36:14,441 - 
2026-09-03 05:36:14,463 - Get SMARTINFO error, error=Expecting value: line 1 column 1 (char 0)
2026-09-03 05:36:14,464 - 
2026-09-03 05:36:14,464 - ================================================================================
2026-09-03 05:36:15,465 - DRAM Used + Cache + Buffer + Swap = 22.74 GB
2026-09-03 05:36:15,465 - DRAM Used + Cache + Buffer = 22.74 GB
2026-09-03 05:36:15,465 - DRAM Used = 19.85 GB
2026-09-03 05:36:15,465 - DRAM Swap = 0.0 GB
2026-09-03 05:36:15,465 - 
2026-09-03 05:36:15,671 - VRAM Total = [140.4] GB
2026-09-03 05:36:15,671 - VRAM Used = [2.0] GB
2026-09-03 05:36:15,671 - 
2026-09-03 05:36:15,693 - Get SMARTINFO error, error=Expecting value: line 1 column 1 (char 0)
2026-09-03 05:36:15,694 - 
2026-09-03 05:36:15,694 - ================================================================================
2026-09-03 05:36:16,695 - DRAM Used + Cache + Buffer + Swap = 22.73 GB
2026-09-03 05:36:16,695 - DRAM Used + Cache + Buffer = 22.73 GB
2026-09-03 05:36:16,695 - DRAM Used = 19.84 GB
2026-09-03 05:36:16,695 - DRAM Swap = 0.0 GB
2026-09-03 05:36:16,695 - 
2026-09-03 05:36:16,901 - VRAM Total = [140.4] GB
2026-09-03 05:36:16,901 - VRAM Used = [2.0] GB
2026-09-03 05:36:16,901 - 
2026-09-03 05:36:16,925 - Get SMARTINFO error, error=Expecting value: line 1 column 1 (char 0)
2026-09-03 05:36:16,926 - 
2026-09-03 05:36:16,926 - ================================================================================
2026-09-03 05:36:17,927 - DRAM Used + Cache + Buffer + Swap = 22.75 GB
2026-09-03 05:36:17,927 - DRAM Used + Cache + Buffer = 22.75 GB
2026-09-03 05:36:17,927 - DRAM Used = 19.84 GB
2026-09-03 05:36:17,927 - DRAM Swap = 0.0 GB
2026-09-03 05:36:17,928 - 
2026-09-03 05:36:18,134 - VRAM Total = [140.4] GB
2026-09-03 05:36:18,135 - VRAM Used = [2.0] GB
2026-09-03 05:36:18,135 - 
2026-09-03 05:36:18,161 - Get SMARTINFO error, error=Expecting value: line 1 column 1 (char 0)
2026-09-03 05:36:18,161 - 
2026-09-03 05:36:18,161 - ================================================================================
2026-09-03 05:36:19,162 - DRAM Used + Cache + Buffer + Swap = 22.75 GB
2026-09-03 05:36:19,162 - DRAM Used + Cache + Buffer = 22.75 GB
2026-09-03 05:36:19,162 - DRAM Used = 19.84 GB
2026-09-03 05:36:19,163 - DRAM Swap = 0.0 GB
2026-09-03 05:36:19,163 - 
2026-09-03 05:36:19,370 - VRAM Total = [140.4] GB
2026-09-03 05:36:19,370 - VRAM Used = [2.0] GB
2026-09-03 05:36:19,370 - 
2026-09-03 05:36:19,395 - Get SMARTINFO error, error=Expecting value: line 1 column 1 (char 0)
2026-09-03 05:36:19,395 - 
2026-09-03 05:36:19,395 - ================================================================================
2026-09-03 05:36:20,396 - DRAM Used + Cache + Buffer + Swap = 22.75 GB
2026-09-03 05:36:20,396 - DRAM Used + Cache + Buffer = 22.75 GB
2026-09-03 05:36:20,396 - DRAM Used = 19.84 GB
2026-09-03 05:36:20,397 - DRAM Swap = 0.0 GB
2026-09-03 05:36:20,397 - 
2026-09-03 05:36:20,602 - VRAM Total = [140.4] GB
2026-09-03 05:36:20,602 - VRAM Used = [2.0] GB
2026-09-03 05:36:20,602 - 
2026-09-03 05:36:20,628 - Get SMARTINFO error, error=Expecting value: line 1 column 1 (char 0)
2026-09-03 05:36:20,628 - 
2026-09-03 05:36:20,628 - ================================================================================
2026-09-03 05:36:21,629 - DRAM Used + Cache + Buffer + Swap = 22.75 GB
2026-09-03 05:36:21,629 - DRAM Used + Cache + Buffer = 22.75 GB
2026-09-03 05:36:21,629 - DRAM Used = 19.84 GB
2026-09-03 05:36:21,629 - DRAM Swap = 0.0 GB
2026-09-03 05:36:21,629 - 
2026-09-03 05:36:21,835 - VRAM Total = [140.4] GB
2026-09-03 05:36:21,836 - VRAM Used = [2.0] GB
2026-09-03 05:36:21,836 - 
2026-09-03 05:36:21,859 - Get SMARTINFO error, error=Expecting value: line 1 column 1 (char 0)
2026-09-03 05:36:21,859 - 
2026-09-03 05:36:21,859 - ================================================================================
2026-09-03 05:36:22,860 - DRAM Used + Cache + Buffer + Swap = 22.75 GB
2026-09-03 05:36:22,861 - DRAM Used + Cache + Buffer = 22.75 GB
2026-09-03 05:36:22,861 - DRAM Used = 19.84 GB
2026-09-03 05:36:22,861 - DRAM Swap = 0.0 GB
2026-09-03 05:36:22,861 - 
2026-09-03 05:36:23,067 - VRAM Total = [140.4] GB
2026-09-03 05:36:23,067 - VRAM Used = [2.0] GB
2026-09-03 05:36:23,067 - 
2026-09-03 05:36:23,089 - Get SMARTINFO error, error=Expecting value: line 1 column 1 (char 0)
2026-09-03 05:36:23,089 - 
2026-09-03 05:36:23,089 - ================================================================================
2026-09-03 05:36:24,090 - DRAM Used + Cache + Buffer + Swap = 22.75 GB
2026-09-03 05:36:24,090 - DRAM Used + Cache + Buffer = 22.75 GB
2026-09-03 05:36:24,091 - DRAM Used = 19.84 GB
2026-09-03 05:36:24,091 - DRAM Swap = 0.0 GB
2026-09-03 05:36:24,091 - 
2026-09-03 05:36:24,297 - VRAM Total = [140.4] GB
2026-09-03 05:36:24,297 - VRAM Used = [2.0] GB
2026-09-03 05:36:24,297 - 
2026-09-03 05:36:24,321 - Get SMARTINFO error, error=Expecting value: line 1 column 1 (char 0)
2026-09-03 05:36:24,322 - 
2026-09-03 05:36:24,322 - ================================================================================
2026-09-03 05:36:25,323 - DRAM Used + Cache + Buffer + Swap = 22.75 GB
2026-09-03 05:36:25,323 - DRAM Used + Cache + Buffer = 22.75 GB
2026-09-03 05:36:25,323 - DRAM Used = 19.84 GB
2026-09-03 05:36:25,323 - DRAM Swap = 0.0 GB
2026-09-03 05:36:25,323 - 
2026-09-03 05:36:25,529 - VRAM Total = [140.4] GB
2026-09-03 05:36:25,529 - VRAM Used = [2.0] GB
2026-09-03 05:36:25,529 - 
2026-09-03 05:36:25,553 - Get SMARTINFO error, error=Expecting value: line 1 column 1 (char 0)
2026-09-03 05:36:25,553 - 
2026-09-03 05:36:25,553 - ================================================================================
2026-09-03 05:36:26,554 - DRAM Used + Cache + Buffer + Swap = 22.75 GB
2026-09-03 05:36:26,554 - DRAM Used + Cache + Buffer = 22.75 GB
2026-09-03 05:36:26,554 - DRAM Used = 19.84 GB
2026-09-03 05:36:26,554 - DRAM Swap = 0.0 GB
2026-09-03 05:36:26,554 - 
2026-09-03 05:36:26,761 - VRAM Total = [140.4] GB
2026-09-03 05:36:26,761 - VRAM Used = [2.0] GB
2026-09-03 05:36:26,761 - 
2026-09-03 05:36:26,785 - Get SMARTINFO error, error=Expecting value: line 1 column 1 (char 0)
2026-09-03 05:36:26,785 - 
2026-09-03 05:36:26,785 - ================================================================================
2026-09-03 05:36:27,786 - DRAM Used + Cache + Buffer + Swap = 22.75 GB
2026-09-03 05:36:27,786 - DRAM Used + Cache + Buffer = 22.75 GB
2026-09-03 05:36:27,786 - DRAM Used = 19.84 GB
2026-09-03 05:36:27,786 - DRAM Swap = 0.0 GB
2026-09-03 05:36:27,786 - 
2026-09-03 05:36:27,992 - VRAM Total = [140.4] GB
2026-09-03 05:36:27,993 - VRAM Used = [2.0] GB
2026-09-03 05:36:27,993 - 
2026-09-03 05:36:28,017 - Get SMARTINFO error, error=Expecting value: line 1 column 1 (char 0)
2026-09-03 05:36:28,017 - 
2026-09-03 05:36:28,017 - ================================================================================
2026-09-03 05:36:29,018 - DRAM Used + Cache + Buffer + Swap = 22.74 GB
2026-09-03 05:36:29,019 - DRAM Used + Cache + Buffer = 22.74 GB
2026-09-03 05:36:29,019 - DRAM Used = 19.84 GB
2026-09-03 05:36:29,019 - DRAM Swap = 0.0 GB
2026-09-03 05:36:29,019 - 
2026-09-03 05:36:29,225 - VRAM Total = [140.4] GB
2026-09-03 05:36:29,225 - VRAM Used = [2.0] GB
2026-09-03 05:36:29,225 - 
2026-09-03 05:36:29,249 - Get SMARTINFO error, error=Expecting value: line 1 column 1 (char 0)
2026-09-03 05:36:29,249 - 
2026-09-03 05:36:29,249 - ================================================================================
2026-09-03 05:36:30,250 - DRAM Used + Cache + Buffer + Swap = 22.75 GB
2026-09-03 05:36:30,251 - DRAM Used + Cache + Buffer = 22.75 GB
2026-09-03 05:36:30,251 - DRAM Used = 19.84 GB
2026-09-03 05:36:30,251 - DRAM Swap = 0.0 GB
2026-09-03 05:36:30,251 - 
2026-09-03 05:36:30,457 - VRAM Total = [140.4] GB
2026-09-03 05:36:30,457 - VRAM Used = [2.0] GB
2026-09-03 05:36:30,457 - 
2026-09-03 05:36:30,482 - Get SMARTINFO error, error=Expecting value: line 1 column 1 (char 0)
2026-09-03 05:36:30,482 - 
2026-09-03 05:36:30,482 - ================================================================================
2026-09-03 05:36:31,483 - DRAM Used + Cache + Buffer + Swap = 22.75 GB
2026-09-03 05:36:31,483 - DRAM Used + Cache + Buffer = 22.75 GB
2026-09-03 05:36:31,483 - DRAM Used = 19.84 GB
2026-09-03 05:36:31,483 - DRAM Swap = 0.0 GB
2026-09-03 05:36:31,484 - 
2026-09-03 05:36:31,689 - VRAM Total = [140.4] GB
2026-09-03 05:36:31,689 - VRAM Used = [2.0] GB
2026-09-03 05:36:31,689 - 
2026-09-03 05:36:31,713 - Get SMARTINFO error, error=Expecting value: line 1 column 1 (char 0)
2026-09-03 05:36:31,713 - 
2026-09-03 05:36:31,713 - ================================================================================
2026-09-03 05:36:32,714 - DRAM Used + Cache + Buffer + Swap = 22.75 GB
2026-09-03 05:36:32,714 - DRAM Used + Cache + Buffer = 22.75 GB
2026-09-03 05:36:32,714 - DRAM Used = 19.84 GB
2026-09-03 05:36:32,714 - DRAM Swap = 0.0 GB
2026-09-03 05:36:32,714 - 
2026-09-03 05:36:32,921 - VRAM Total = [140.4] GB
2026-09-03 05:36:32,921 - VRAM Used = [2.0] GB
2026-09-03 05:36:32,921 - 
2026-09-03 05:36:32,946 - Get SMARTINFO error, error=Expecting value: line 1 column 1 (char 0)
2026-09-03 05:36:32,946 - 
2026-09-03 05:36:32,946 - ================================================================================
2026-09-03 05:36:33,947 - DRAM Used + Cache + Buffer + Swap = 22.75 GB
2026-09-03 05:36:33,947 - DRAM Used + Cache + Buffer = 22.75 GB
2026-09-03 05:36:33,948 - DRAM Used = 19.84 GB
2026-09-03 05:36:33,948 - DRAM Swap = 0.0 GB
2026-09-03 05:36:33,948 - 
2026-09-03 05:36:34,154 - VRAM Total = [140.4] GB
2026-09-03 05:36:34,154 - VRAM Used = [2.0] GB
2026-09-03 05:36:34,154 - 
2026-09-03 05:36:34,179 - Get SMARTINFO error, error=Expecting value: line 1 column 1 (char 0)
2026-09-03 05:36:34,179 - 
2026-09-03 05:36:34,179 - ================================================================================
2026-09-03 05:36:35,180 - DRAM Used + Cache + Buffer + Swap = 22.74 GB
2026-09-03 05:36:35,181 - DRAM Used + Cache + Buffer = 22.74 GB
2026-09-03 05:36:35,181 - DRAM Used = 19.83 GB
2026-09-03 05:36:35,181 - DRAM Swap = 0.0 GB
2026-09-03 05:36:35,181 - 
2026-09-03 05:36:35,387 - VRAM Total = [140.4] GB
2026-09-03 05:36:35,387 - VRAM Used = [2.0] GB
2026-09-03 05:36:35,387 - 
2026-09-03 05:36:35,411 - Get SMARTINFO error, error=Expecting value: line 1 column 1 (char 0)
2026-09-03 05:36:35,412 - 
2026-09-03 05:36:35,412 - ================================================================================
2026-09-03 05:36:36,413 - DRAM Used + Cache + Buffer + Swap = 22.74 GB
2026-09-03 05:36:36,413 - DRAM Used + Cache + Buffer = 22.74 GB
2026-09-03 05:36:36,413 - DRAM Used = 19.83 GB
2026-09-03 05:36:36,413 - DRAM Swap = 0.0 GB
2026-09-03 05:36:36,413 - 
2026-09-03 05:36:36,620 - VRAM Total = [140.4] GB
2026-09-03 05:36:36,620 - VRAM Used = [2.0] GB
2026-09-03 05:36:36,620 - 
2026-09-03 05:36:36,643 - Get SMARTINFO error, error=Expecting value: line 1 column 1 (char 0)
2026-09-03 05:36:36,643 - 
2026-09-03 05:36:36,643 - ================================================================================
2026-09-03 05:36:37,644 - DRAM Used + Cache + Buffer + Swap = 22.74 GB
2026-09-03 05:36:37,644 - DRAM Used + Cache + Buffer = 22.74 GB
2026-09-03 05:36:37,644 - DRAM Used = 19.83 GB
2026-09-03 05:36:37,645 - DRAM Swap = 0.0 GB
2026-09-03 05:36:37,645 - 
2026-09-03 05:36:37,851 - VRAM Total = [140.4] GB
2026-09-03 05:36:37,851 - VRAM Used = [2.0] GB
2026-09-03 05:36:37,851 - 
2026-09-03 05:36:37,876 - Get SMARTINFO error, error=Expecting value: line 1 column 1 (char 0)
2026-09-03 05:36:37,876 - 
2026-09-03 05:36:37,877 - ================================================================================
2026-09-03 05:36:38,878 - DRAM Used + Cache + Buffer + Swap = 22.74 GB
2026-09-03 05:36:38,878 - DRAM Used + Cache + Buffer = 22.74 GB
2026-09-03 05:36:38,878 - DRAM Used = 19.83 GB
2026-09-03 05:36:38,878 - DRAM Swap = 0.0 GB
2026-09-03 05:36:38,878 - 
2026-09-03 05:36:39,084 - VRAM Total = [140.4] GB
2026-09-03 05:36:39,084 - VRAM Used = [2.0] GB
2026-09-03 05:36:39,084 - 
2026-09-03 05:36:39,108 - Get SMARTINFO error, error=Expecting value: line 1 column 1 (char 0)
2026-09-03 05:36:39,108 - 
2026-09-03 05:36:39,108 - ================================================================================
2026-09-03 05:36:40,109 - DRAM Used + Cache + Buffer + Swap = 22.74 GB
2026-09-03 05:36:40,109 - DRAM Used + Cache + Buffer = 22.74 GB
2026-09-03 05:36:40,109 - DRAM Used = 19.83 GB
2026-09-03 05:36:40,109 - DRAM Swap = 0.0 GB
2026-09-03 05:36:40,109 - 
2026-09-03 05:36:40,315 - VRAM Total = [140.4] GB
2026-09-03 05:36:40,316 - VRAM Used = [2.0] GB
2026-09-03 05:36:40,316 - 
2026-09-03 05:36:40,337 - Get SMARTINFO error, error=Expecting value: line 1 column 1 (char 0)
2026-09-03 05:36:40,337 - 
2026-09-03 05:36:40,338 - ================================================================================
2026-09-03 05:36:41,339 - DRAM Used + Cache + Buffer + Swap = 22.74 GB
2026-09-03 05:36:41,339 - DRAM Used + Cache + Buffer = 22.74 GB
2026-09-03 05:36:41,339 - DRAM Used = 19.83 GB
2026-09-03 05:36:41,339 - DRAM Swap = 0.0 GB
2026-09-03 05:36:41,339 - 
2026-09-03 05:36:41,545 - VRAM Total = [140.4] GB
2026-09-03 05:36:41,545 - VRAM Used = [2.0] GB
2026-09-03 05:36:41,545 - 
2026-09-03 05:36:41,569 - Get SMARTINFO error, error=Expecting value: line 1 column 1 (char 0)
2026-09-03 05:36:41,569 - 
2026-09-03 05:36:41,569 - ================================================================================
2026-09-03 05:36:42,570 - DRAM Used + Cache + Buffer + Swap = 22.73 GB
2026-09-03 05:36:42,570 - DRAM Used + Cache + Buffer = 22.73 GB
2026-09-03 05:36:42,570 - DRAM Used = 19.82 GB
2026-09-03 05:36:42,570 - DRAM Swap = 0.0 GB
2026-09-03 05:36:42,570 - 
2026-09-03 05:36:42,776 - VRAM Total = [140.4] GB
2026-09-03 05:36:42,776 - VRAM Used = [2.0] GB
2026-09-03 05:36:42,776 - 
2026-09-03 05:36:42,801 - Get SMARTINFO error, error=Expecting value: line 1 column 1 (char 0)
2026-09-03 05:36:42,802 - 
2026-09-03 05:36:42,802 - ================================================================================
2026-09-03 05:36:43,803 - DRAM Used + Cache + Buffer + Swap = 22.73 GB
2026-09-03 05:36:43,803 - DRAM Used + Cache + Buffer = 22.73 GB
2026-09-03 05:36:43,803 - DRAM Used = 19.82 GB
2026-09-03 05:36:43,803 - DRAM Swap = 0.0 GB
2026-09-03 05:36:43,803 - 
2026-09-03 05:36:44,009 - VRAM Total = [140.4] GB
2026-09-03 05:36:44,009 - VRAM Used = [2.0] GB
2026-09-03 05:36:44,009 - 
2026-09-03 05:36:44,033 - Get SMARTINFO error, error=Expecting value: line 1 column 1 (char 0)
2026-09-03 05:36:44,033 - 
2026-09-03 05:36:44,033 - ================================================================================
2026-09-03 05:36:45,034 - DRAM Used + Cache + Buffer + Swap = 22.73 GB
2026-09-03 05:36:45,034 - DRAM Used + Cache + Buffer = 22.73 GB
2026-09-03 05:36:45,034 - DRAM Used = 19.82 GB
2026-09-03 05:36:45,034 - DRAM Swap = 0.0 GB
2026-09-03 05:36:45,035 - 
2026-09-03 05:36:45,240 - VRAM Total = [140.4] GB
2026-09-03 05:36:45,240 - VRAM Used = [2.0] GB
2026-09-03 05:36:45,240 - 
2026-09-03 05:36:45,268 - Get SMARTINFO error, error=Expecting value: line 1 column 1 (char 0)
2026-09-03 05:36:45,268 - 
2026-09-03 05:36:45,268 - ================================================================================
2026-09-03 05:36:46,269 - DRAM Used + Cache + Buffer + Swap = 22.73 GB
2026-09-03 05:36:46,269 - DRAM Used + Cache + Buffer = 22.73 GB
2026-09-03 05:36:46,269 - DRAM Used = 19.82 GB
2026-09-03 05:36:46,269 - DRAM Swap = 0.0 GB
2026-09-03 05:36:46,270 - 
2026-09-03 05:36:46,477 - VRAM Total = [140.4] GB
2026-09-03 05:36:46,477 - VRAM Used = [2.0] GB
2026-09-03 05:36:46,477 - 
2026-09-03 05:36:46,501 - Get SMARTINFO error, error=Expecting value: line 1 column 1 (char 0)
2026-09-03 05:36:46,501 - 
2026-09-03 05:36:46,502 - ================================================================================
2026-09-03 05:36:47,503 - DRAM Used + Cache + Buffer + Swap = 22.73 GB
2026-09-03 05:36:47,503 - DRAM Used + Cache + Buffer = 22.73 GB
2026-09-03 05:36:47,503 - DRAM Used = 19.82 GB
2026-09-03 05:36:47,503 - DRAM Swap = 0.0 GB
2026-09-03 05:36:47,503 - 
2026-09-03 05:36:47,708 - VRAM Total = [140.4] GB
2026-09-03 05:36:47,709 - VRAM Used = [2.0] GB
2026-09-03 05:36:47,709 - 
2026-09-03 05:36:47,733 - Get SMARTINFO error, error=Expecting value: line 1 column 1 (char 0)
2026-09-03 05:36:47,733 - 
2026-09-03 05:36:47,733 - ================================================================================
2026-09-03 05:36:48,734 - DRAM Used + Cache + Buffer + Swap = 22.73 GB
2026-09-03 05:36:48,734 - DRAM Used + Cache + Buffer = 22.73 GB
2026-09-03 05:36:48,735 - DRAM Used = 19.82 GB
2026-09-03 05:36:48,735 - DRAM Swap = 0.0 GB
2026-09-03 05:36:48,735 - 
2026-09-03 05:36:48,940 - VRAM Total = [140.4] GB
2026-09-03 05:36:48,941 - VRAM Used = [2.0] GB
2026-09-03 05:36:48,941 - 
2026-09-03 05:36:48,965 - Get SMARTINFO error, error=Expecting value: line 1 column 1 (char 0)
2026-09-03 05:36:48,965 - 
2026-09-03 05:36:48,966 - ================================================================================
2026-09-03 05:36:49,967 - DRAM Used + Cache + Buffer + Swap = 22.73 GB
2026-09-03 05:36:49,967 - DRAM Used + Cache + Buffer = 22.73 GB
2026-09-03 05:36:49,967 - DRAM Used = 19.82 GB
2026-09-03 05:36:49,967 - DRAM Swap = 0.0 GB
2026-09-03 05:36:49,967 - 
2026-09-03 05:36:50,174 - VRAM Total = [140.4] GB
2026-09-03 05:36:50,174 - VRAM Used = [2.0] GB
2026-09-03 05:36:50,174 - 
2026-09-03 05:36:50,199 - Get SMARTINFO error, error=Expecting value: line 1 column 1 (char 0)
2026-09-03 05:36:50,199 - 
2026-09-03 05:36:50,199 - ================================================================================
2026-09-03 05:36:51,200 - DRAM Used + Cache + Buffer + Swap = 22.73 GB
2026-09-03 05:36:51,200 - DRAM Used + Cache + Buffer = 22.73 GB
2026-09-03 05:36:51,200 - DRAM Used = 19.82 GB
2026-09-03 05:36:51,200 - DRAM Swap = 0.0 GB
2026-09-03 05:36:51,200 - 
2026-09-03 05:36:51,406 - VRAM Total = [140.4] GB
2026-09-03 05:36:51,407 - VRAM Used = [2.0] GB
2026-09-03 05:36:51,407 - 
2026-09-03 05:36:51,431 - Get SMARTINFO error, error=Expecting value: line 1 column 1 (char 0)
2026-09-03 05:36:51,431 - 
2026-09-03 05:36:51,431 - ================================================================================
2026-09-03 05:36:52,432 - DRAM Used + Cache + Buffer + Swap = 22.74 GB
2026-09-03 05:36:52,432 - DRAM Used + Cache + Buffer = 22.74 GB
2026-09-03 05:36:52,432 - DRAM Used = 19.83 GB
2026-09-03 05:36:52,432 - DRAM Swap = 0.0 GB
2026-09-03 05:36:52,432 - 
2026-09-03 05:36:52,638 - VRAM Total = [140.4] GB
2026-09-03 05:36:52,638 - VRAM Used = [2.0] GB
2026-09-03 05:36:52,638 - 
2026-09-03 05:36:52,661 - Get SMARTINFO error, error=Expecting value: line 1 column 1 (char 0)
2026-09-03 05:36:52,661 - 
2026-09-03 05:36:52,661 - ================================================================================
2026-09-03 05:36:53,662 - DRAM Used + Cache + Buffer + Swap = 22.74 GB
2026-09-03 05:36:53,662 - DRAM Used + Cache + Buffer = 22.74 GB
2026-09-03 05:36:53,663 - DRAM Used = 19.82 GB
2026-09-03 05:36:53,663 - DRAM Swap = 0.0 GB
2026-09-03 05:36:53,663 - 
2026-09-03 05:36:53,869 - VRAM Total = [140.4] GB
2026-09-03 05:36:53,869 - VRAM Used = [2.0] GB
2026-09-03 05:36:53,869 - 
2026-09-03 05:36:53,891 - Get SMARTINFO error, error=Expecting value: line 1 column 1 (char 0)
2026-09-03 05:36:53,891 - 
2026-09-03 05:36:53,891 - ================================================================================
2026-09-03 05:36:54,892 - DRAM Used + Cache + Buffer + Swap = 22.74 GB
2026-09-03 05:36:54,892 - DRAM Used + Cache + Buffer = 22.74 GB
2026-09-03 05:36:54,892 - DRAM Used = 19.82 GB
2026-09-03 05:36:54,892 - DRAM Swap = 0.0 GB
2026-09-03 05:36:54,892 - 
2026-09-03 05:36:55,099 - VRAM Total = [140.4] GB
2026-09-03 05:36:55,099 - VRAM Used = [2.0] GB
2026-09-03 05:36:55,099 - 
2026-09-03 05:36:55,123 - Get SMARTINFO error, error=Expecting value: line 1 column 1 (char 0)
2026-09-03 05:36:55,124 - 
2026-09-03 05:36:55,124 - ================================================================================
2026-09-03 05:36:56,125 - DRAM Used + Cache + Buffer + Swap = 22.74 GB
2026-09-03 05:36:56,125 - DRAM Used + Cache + Buffer = 22.74 GB
2026-09-03 05:36:56,125 - DRAM Used = 19.82 GB
2026-09-03 05:36:56,125 - DRAM Swap = 0.0 GB
2026-09-03 05:36:56,125 - 
2026-09-03 05:36:56,332 - VRAM Total = [140.4] GB
2026-09-03 05:36:56,332 - VRAM Used = [2.0] GB
2026-09-03 05:36:56,332 - 
2026-09-03 05:36:56,355 - Get SMARTINFO error, error=Expecting value: line 1 column 1 (char 0)
2026-09-03 05:36:56,356 - 
2026-09-03 05:36:56,356 - ================================================================================
2026-09-03 05:36:57,357 - DRAM Used + Cache + Buffer + Swap = 22.74 GB
2026-09-03 05:36:57,357 - DRAM Used + Cache + Buffer = 22.74 GB
2026-09-03 05:36:57,357 - DRAM Used = 19.82 GB
2026-09-03 05:36:57,357 - DRAM Swap = 0.0 GB
2026-09-03 05:36:57,357 - 
2026-09-03 05:36:57,563 - VRAM Total = [140.4] GB
2026-09-03 05:36:57,564 - VRAM Used = [2.0] GB
2026-09-03 05:36:57,564 - 
2026-09-03 05:36:57,588 - Get SMARTINFO error, error=Expecting value: line 1 column 1 (char 0)
2026-09-03 05:36:57,588 - 
2026-09-03 05:36:57,589 - ================================================================================
2026-09-03 05:36:58,590 - DRAM Used + Cache + Buffer + Swap = 22.74 GB
2026-09-03 05:36:58,590 - DRAM Used + Cache + Buffer = 22.74 GB
2026-09-03 05:36:58,590 - DRAM Used = 19.81 GB
2026-09-03 05:36:58,590 - DRAM Swap = 0.0 GB
2026-09-03 05:36:58,590 - 
2026-09-03 05:36:58,796 - VRAM Total = [140.4] GB
2026-09-03 05:36:58,796 - VRAM Used = [2.0] GB
2026-09-03 05:36:58,796 - 
2026-09-03 05:36:58,821 - Get SMARTINFO error, error=Expecting value: line 1 column 1 (char 0)
2026-09-03 05:36:58,821 - 
2026-09-03 05:36:58,821 - ================================================================================
2026-09-03 05:36:59,822 - DRAM Used + Cache + Buffer + Swap = 22.74 GB
2026-09-03 05:36:59,823 - DRAM Used + Cache + Buffer = 22.74 GB
2026-09-03 05:36:59,823 - DRAM Used = 19.81 GB
2026-09-03 05:36:59,823 - DRAM Swap = 0.0 GB
2026-09-03 05:36:59,823 - 
2026-09-03 05:37:00,028 - VRAM Total = [140.4] GB
2026-09-03 05:37:00,029 - VRAM Used = [2.0] GB
2026-09-03 05:37:00,029 - 
2026-09-03 05:37:00,053 - Get SMARTINFO error, error=Expecting value: line 1 column 1 (char 0)
2026-09-03 05:37:00,053 - 
2026-09-03 05:37:00,054 - ================================================================================
2026-09-03 05:37:01,055 - DRAM Used + Cache + Buffer + Swap = 22.74 GB
2026-09-03 05:37:01,055 - DRAM Used + Cache + Buffer = 22.74 GB
2026-09-03 05:37:01,055 - DRAM Used = 19.82 GB
2026-09-03 05:37:01,055 - DRAM Swap = 0.0 GB
2026-09-03 05:37:01,055 - 
2026-09-03 05:37:01,262 - VRAM Total = [140.4] GB
2026-09-03 05:37:01,262 - VRAM Used = [2.0] GB
2026-09-03 05:37:01,262 - 
2026-09-03 05:37:01,287 - Get SMARTINFO error, error=Expecting value: line 1 column 1 (char 0)
2026-09-03 05:37:01,288 - 
2026-09-03 05:37:01,288 - ================================================================================
2026-09-03 05:37:02,289 - DRAM Used + Cache + Buffer + Swap = 22.74 GB
2026-09-03 05:37:02,289 - DRAM Used + Cache + Buffer = 22.74 GB
2026-09-03 05:37:02,289 - DRAM Used = 19.81 GB
2026-09-03 05:37:02,289 - DRAM Swap = 0.0 GB
2026-09-03 05:37:02,289 - 
2026-09-03 05:37:02,496 - VRAM Total = [140.4] GB
2026-09-03 05:37:02,496 - VRAM Used = [2.0] GB
2026-09-03 05:37:02,496 - 
2026-09-03 05:37:02,521 - Get SMARTINFO error, error=Expecting value: line 1 column 1 (char 0)
2026-09-03 05:37:02,521 - 
2026-09-03 05:37:02,521 - ================================================================================
2026-09-03 05:37:03,522 - DRAM Used + Cache + Buffer + Swap = 22.74 GB
2026-09-03 05:37:03,522 - DRAM Used + Cache + Buffer = 22.74 GB
2026-09-03 05:37:03,522 - DRAM Used = 19.81 GB
2026-09-03 05:37:03,522 - DRAM Swap = 0.0 GB
2026-09-03 05:37:03,522 - 
2026-09-03 05:37:03,728 - VRAM Total = [140.4] GB
2026-09-03 05:37:03,728 - VRAM Used = [2.0] GB
2026-09-03 05:37:03,729 - 
2026-09-03 05:37:03,754 - Get SMARTINFO error, error=Expecting value: line 1 column 1 (char 0)
2026-09-03 05:37:03,754 - 
2026-09-03 05:37:03,754 - ================================================================================
2026-09-03 05:37:04,755 - DRAM Used + Cache + Buffer + Swap = 22.74 GB
2026-09-03 05:37:04,755 - DRAM Used + Cache + Buffer = 22.74 GB
2026-09-03 05:37:04,756 - DRAM Used = 19.81 GB
2026-09-03 05:37:04,756 - DRAM Swap = 0.0 GB
2026-09-03 05:37:04,756 - 
2026-09-03 05:37:04,962 - VRAM Total = [140.4] GB
2026-09-03 05:37:04,962 - VRAM Used = [2.0] GB
2026-09-03 05:37:04,962 - 
2026-09-03 05:37:04,988 - Get SMARTINFO error, error=Expecting value: line 1 column 1 (char 0)
2026-09-03 05:37:04,988 - 
2026-09-03 05:37:04,988 - ================================================================================
2026-09-03 05:37:05,989 - DRAM Used + Cache + Buffer + Swap = 22.73 GB
2026-09-03 05:37:05,989 - DRAM Used + Cache + Buffer = 22.73 GB
2026-09-03 05:37:05,989 - DRAM Used = 19.81 GB
2026-09-03 05:37:05,989 - DRAM Swap = 0.0 GB
2026-09-03 05:37:05,989 - 
2026-09-03 05:37:06,196 - VRAM Total = [140.4] GB
2026-09-03 05:37:06,196 - VRAM Used = [2.0] GB
2026-09-03 05:37:06,196 - 
2026-09-03 05:37:06,222 - Get SMARTINFO error, error=Expecting value: line 1 column 1 (char 0)
2026-09-03 05:37:06,222 - 
2026-09-03 05:37:06,222 - ================================================================================
2026-09-03 05:37:07,223 - DRAM Used + Cache + Buffer + Swap = 22.73 GB
2026-09-03 05:37:07,224 - DRAM Used + Cache + Buffer = 22.73 GB
2026-09-03 05:37:07,224 - DRAM Used = 19.81 GB
2026-09-03 05:37:07,224 - DRAM Swap = 0.0 GB
2026-09-03 05:37:07,224 - 
2026-09-03 05:37:07,430 - VRAM Total = [140.4] GB
2026-09-03 05:37:07,430 - VRAM Used = [2.0] GB
2026-09-03 05:37:07,430 - 
2026-09-03 05:37:07,455 - Get SMARTINFO error, error=Expecting value: line 1 column 1 (char 0)
2026-09-03 05:37:07,455 - 
2026-09-03 05:37:07,456 - ================================================================================
2026-09-03 05:37:08,457 - DRAM Used + Cache + Buffer + Swap = 22.73 GB
2026-09-03 05:37:08,457 - DRAM Used + Cache + Buffer = 22.73 GB
2026-09-03 05:37:08,457 - DRAM Used = 19.81 GB
2026-09-03 05:37:08,457 - DRAM Swap = 0.0 GB
2026-09-03 05:37:08,457 - 
2026-09-03 05:37:08,663 - VRAM Total = [140.4] GB
2026-09-03 05:37:08,663 - VRAM Used = [2.0] GB
2026-09-03 05:37:08,663 - 
2026-09-03 05:37:08,688 - Get SMARTINFO error, error=Expecting value: line 1 column 1 (char 0)
2026-09-03 05:37:08,688 - 
2026-09-03 05:37:08,688 - ================================================================================
2026-09-03 05:37:09,689 - DRAM Used + Cache + Buffer + Swap = 22.73 GB
2026-09-03 05:37:09,689 - DRAM Used + Cache + Buffer = 22.73 GB
2026-09-03 05:37:09,689 - DRAM Used = 19.81 GB
2026-09-03 05:37:09,689 - DRAM Swap = 0.0 GB
2026-09-03 05:37:09,689 - 
2026-09-03 05:37:09,895 - VRAM Total = [140.4] GB
2026-09-03 05:37:09,896 - VRAM Used = [2.0] GB
2026-09-03 05:37:09,896 - 
2026-09-03 05:37:09,920 - Get SMARTINFO error, error=Expecting value: line 1 column 1 (char 0)
2026-09-03 05:37:09,920 - 
2026-09-03 05:37:09,920 - ================================================================================
2026-09-03 05:37:10,921 - DRAM Used + Cache + Buffer + Swap = 22.73 GB
2026-09-03 05:37:10,921 - DRAM Used + Cache + Buffer = 22.73 GB
2026-09-03 05:37:10,922 - DRAM Used = 19.81 GB
2026-09-03 05:37:10,922 - DRAM Swap = 0.0 GB
2026-09-03 05:37:10,922 - 
2026-09-03 05:37:11,127 - VRAM Total = [140.4] GB
2026-09-03 05:37:11,127 - VRAM Used = [2.0] GB
2026-09-03 05:37:11,127 - 
2026-09-03 05:37:11,150 - Get SMARTINFO error, error=Expecting value: line 1 column 1 (char 0)
2026-09-03 05:37:11,151 - 
2026-09-03 05:37:11,151 - ================================================================================
2026-09-03 05:37:12,152 - DRAM Used + Cache + Buffer + Swap = 22.73 GB
2026-09-03 05:37:12,152 - DRAM Used + Cache + Buffer = 22.73 GB
2026-09-03 05:37:12,152 - DRAM Used = 19.81 GB
2026-09-03 05:37:12,152 - DRAM Swap = 0.0 GB
2026-09-03 05:37:12,152 - 
2026-09-03 05:37:12,358 - VRAM Total = [140.4] GB
2026-09-03 05:37:12,358 - VRAM Used = [2.0] GB
2026-09-03 05:37:12,358 - 
2026-09-03 05:37:12,380 - Get SMARTINFO error, error=Expecting value: line 1 column 1 (char 0)
2026-09-03 05:37:12,380 - 
2026-09-03 05:37:12,380 - ================================================================================
2026-09-03 05:37:13,381 - DRAM Used + Cache + Buffer + Swap = 24.41 GB
2026-09-03 05:37:13,381 - DRAM Used + Cache + Buffer = 24.41 GB
2026-09-03 05:37:13,381 - DRAM Used = 21.49 GB
2026-09-03 05:37:13,381 - DRAM Swap = 0.0 GB
2026-09-03 05:37:13,381 - 
2026-09-03 05:37:13,587 - VRAM Total = [140.4] GB
2026-09-03 05:37:13,587 - VRAM Used = [2.0] GB
2026-09-03 05:37:13,588 - 
2026-09-03 05:37:13,610 - Get SMARTINFO error, error=Expecting value: line 1 column 1 (char 0)
2026-09-03 05:37:13,610 - 
2026-09-03 05:37:13,610 - ================================================================================
2026-09-03 05:37:14,611 - DRAM Used + Cache + Buffer + Swap = 28.56 GB
2026-09-03 05:37:14,612 - DRAM Used + Cache + Buffer = 28.56 GB
2026-09-03 05:37:14,612 - DRAM Used = 25.63 GB
2026-09-03 05:37:14,612 - DRAM Swap = 0.0 GB
2026-09-03 05:37:14,612 - 
2026-09-03 05:37:14,903 - VRAM Total = [140.4] GB
2026-09-03 05:37:14,904 - VRAM Used = [2.0] GB
2026-09-03 05:37:14,904 - 
2026-09-03 05:37:14,925 - Get SMARTINFO error, error=Expecting value: line 1 column 1 (char 0)
2026-09-03 05:37:14,925 - 
2026-09-03 05:37:14,925 - ================================================================================
2026-09-03 05:37:15,926 - DRAM Used + Cache + Buffer + Swap = 30.66 GB
2026-09-03 05:37:15,927 - DRAM Used + Cache + Buffer = 30.66 GB
2026-09-03 05:37:15,927 - DRAM Used = 25.81 GB
2026-09-03 05:37:15,927 - DRAM Swap = 0.0 GB
2026-09-03 05:37:15,927 - 
2026-09-03 05:37:16,134 - VRAM Total = [140.4] GB
2026-09-03 05:37:16,135 - VRAM Used = [2.01] GB
2026-09-03 05:37:16,135 - 
2026-09-03 05:37:16,159 - Get SMARTINFO error, error=Expecting value: line 1 column 1 (char 0)
2026-09-03 05:37:16,159 - 
2026-09-03 05:37:16,159 - ================================================================================
2026-09-03 05:37:17,161 - DRAM Used + Cache + Buffer + Swap = 32.9 GB
2026-09-03 05:37:17,161 - DRAM Used + Cache + Buffer = 32.9 GB
2026-09-03 05:37:17,161 - DRAM Used = 25.8 GB
2026-09-03 05:37:17,161 - DRAM Swap = 0.0 GB
2026-09-03 05:37:17,161 - 
2026-09-03 05:37:17,368 - VRAM Total = [140.4] GB
2026-09-03 05:37:17,368 - VRAM Used = [2.01] GB
2026-09-03 05:37:17,368 - 
2026-09-03 05:37:17,391 - Get SMARTINFO error, error=Expecting value: line 1 column 1 (char 0)
2026-09-03 05:37:17,392 - 
2026-09-03 05:37:17,392 - ================================================================================
2026-09-03 05:37:18,393 - DRAM Used + Cache + Buffer + Swap = 34.98 GB
2026-09-03 05:37:18,393 - DRAM Used + Cache + Buffer = 34.98 GB
2026-09-03 05:37:18,393 - DRAM Used = 25.79 GB
2026-09-03 05:37:18,393 - DRAM Swap = 0.0 GB
2026-09-03 05:37:18,393 - 
2026-09-03 05:37:18,600 - VRAM Total = [140.4] GB
2026-09-03 05:37:18,600 - VRAM Used = [2.01] GB
2026-09-03 05:37:18,600 - 
2026-09-03 05:37:18,618 - Get SMARTINFO error, error=Expecting value: line 1 column 1 (char 0)
2026-09-03 05:37:18,619 - 
2026-09-03 05:37:18,619 - ================================================================================
2026-09-03 05:37:19,619 - DRAM Used + Cache + Buffer + Swap = 37.06 GB
2026-09-03 05:37:19,619 - DRAM Used + Cache + Buffer = 37.06 GB
2026-09-03 05:37:19,619 - DRAM Used = 25.78 GB
2026-09-03 05:37:19,619 - DRAM Swap = 0.0 GB
2026-09-03 05:37:19,619 - 
2026-09-03 05:37:19,825 - VRAM Total = [140.4] GB
2026-09-03 05:37:19,825 - VRAM Used = [2.01] GB
2026-09-03 05:37:19,825 - 
2026-09-03 05:37:19,850 - Get SMARTINFO error, error=Expecting value: line 1 column 1 (char 0)
2026-09-03 05:37:19,850 - 
2026-09-03 05:37:19,850 - ================================================================================
2026-09-03 05:37:20,851 - DRAM Used + Cache + Buffer + Swap = 39.07 GB
2026-09-03 05:37:20,852 - DRAM Used + Cache + Buffer = 39.07 GB
2026-09-03 05:37:20,852 - DRAM Used = 25.77 GB
2026-09-03 05:37:20,852 - DRAM Swap = 0.0 GB
2026-09-03 05:37:20,852 - 
2026-09-03 05:37:21,060 - VRAM Total = [140.4] GB
2026-09-03 05:37:21,060 - VRAM Used = [2.01] GB
2026-09-03 05:37:21,060 - 
2026-09-03 05:37:21,082 - Get SMARTINFO error, error=Expecting value: line 1 column 1 (char 0)
2026-09-03 05:37:21,083 - 
2026-09-03 05:37:21,083 - ================================================================================
2026-09-03 05:37:22,084 - DRAM Used + Cache + Buffer + Swap = 41.32 GB
2026-09-03 05:37:22,084 - DRAM Used + Cache + Buffer = 41.32 GB
2026-09-03 05:37:22,084 - DRAM Used = 25.76 GB
2026-09-03 05:37:22,085 - DRAM Swap = 0.0 GB
2026-09-03 05:37:22,085 - 
2026-09-03 05:37:22,292 - VRAM Total = [140.4] GB
2026-09-03 05:37:22,293 - VRAM Used = [2.01] GB
2026-09-03 05:37:22,293 - 
2026-09-03 05:37:22,316 - Get SMARTINFO error, error=Expecting value: line 1 column 1 (char 0)
2026-09-03 05:37:22,316 - 
2026-09-03 05:37:22,316 - ================================================================================
2026-09-03 05:37:23,317 - DRAM Used + Cache + Buffer + Swap = 42.5 GB
2026-09-03 05:37:23,317 - DRAM Used + Cache + Buffer = 42.5 GB
2026-09-03 05:37:23,318 - DRAM Used = 26.15 GB
2026-09-03 05:37:23,318 - DRAM Swap = 0.0 GB
2026-09-03 05:37:23,318 - 
2026-09-03 05:37:23,525 - VRAM Total = [140.4] GB
2026-09-03 05:37:23,525 - VRAM Used = [2.01] GB
2026-09-03 05:37:23,525 - 
2026-09-03 05:37:23,552 - Get SMARTINFO error, error=Expecting value: line 1 column 1 (char 0)
2026-09-03 05:37:23,553 - 
2026-09-03 05:37:23,553 - ================================================================================
2026-09-03 05:37:24,554 - DRAM Used + Cache + Buffer + Swap = 43.21 GB
2026-09-03 05:37:24,554 - DRAM Used + Cache + Buffer = 43.21 GB
2026-09-03 05:37:24,554 - DRAM Used = 26.87 GB
2026-09-03 05:37:24,554 - DRAM Swap = 0.0 GB
2026-09-03 05:37:24,554 - 
2026-09-03 05:37:24,761 - VRAM Total = [140.4] GB
2026-09-03 05:37:24,761 - VRAM Used = [2.01] GB
2026-09-03 05:37:24,761 - 
2026-09-03 05:37:24,787 - Get SMARTINFO error, error=Expecting value: line 1 column 1 (char 0)
2026-09-03 05:37:24,787 - 
2026-09-03 05:37:24,787 - ================================================================================
2026-09-03 05:37:25,788 - DRAM Used + Cache + Buffer + Swap = 43.93 GB
2026-09-03 05:37:25,788 - DRAM Used + Cache + Buffer = 43.93 GB
2026-09-03 05:37:25,788 - DRAM Used = 27.59 GB
2026-09-03 05:37:25,788 - DRAM Swap = 0.0 GB
2026-09-03 05:37:25,788 - 
2026-09-03 05:37:25,994 - VRAM Total = [140.4] GB
2026-09-03 05:37:25,994 - VRAM Used = [2.01] GB
2026-09-03 05:37:25,994 - 
2026-09-03 05:37:26,022 - Get SMARTINFO error, error=Expecting value: line 1 column 1 (char 0)
2026-09-03 05:37:26,022 - 
2026-09-03 05:37:26,022 - ================================================================================
2026-09-03 05:37:27,023 - DRAM Used + Cache + Buffer + Swap = 43.98 GB
2026-09-03 05:37:27,024 - DRAM Used + Cache + Buffer = 43.98 GB
2026-09-03 05:37:27,024 - DRAM Used = 27.64 GB
2026-09-03 05:37:27,024 - DRAM Swap = 0.0 GB
2026-09-03 05:37:27,024 - 
2026-09-03 05:37:27,229 - VRAM Total = [140.4] GB
2026-09-03 05:37:27,229 - VRAM Used = [2.01] GB
2026-09-03 05:37:27,230 - 
2026-09-03 05:37:27,253 - Get SMARTINFO error, error=Expecting value: line 1 column 1 (char 0)
2026-09-03 05:37:27,253 - 
2026-09-03 05:37:27,253 - ================================================================================
2026-09-03 05:37:28,254 - DRAM Used + Cache + Buffer + Swap = 43.99 GB
2026-09-03 05:37:28,254 - DRAM Used + Cache + Buffer = 43.99 GB
2026-09-03 05:37:28,254 - DRAM Used = 27.64 GB
2026-09-03 05:37:28,254 - DRAM Swap = 0.0 GB
2026-09-03 05:37:28,254 - 
2026-09-03 05:37:28,460 - VRAM Total = [140.4] GB
2026-09-03 05:37:28,460 - VRAM Used = [2.01] GB
2026-09-03 05:37:28,460 - 
2026-09-03 05:37:28,488 - Get SMARTINFO error, error=Expecting value: line 1 column 1 (char 0)
2026-09-03 05:37:28,488 - 
2026-09-03 05:37:28,488 - ================================================================================
2026-09-03 05:37:29,489 - DRAM Used + Cache + Buffer + Swap = 43.99 GB
2026-09-03 05:37:29,489 - DRAM Used + Cache + Buffer = 43.99 GB
2026-09-03 05:37:29,489 - DRAM Used = 27.64 GB
2026-09-03 05:37:29,489 - DRAM Swap = 0.0 GB
2026-09-03 05:37:29,489 - 
2026-09-03 05:37:29,695 - VRAM Total = [140.4] GB
2026-09-03 05:37:29,695 - VRAM Used = [2.01] GB
2026-09-03 05:37:29,695 - 
2026-09-03 05:37:29,720 - Get SMARTINFO error, error=Expecting value: line 1 column 1 (char 0)
2026-09-03 05:37:29,720 - 
2026-09-03 05:37:29,720 - ================================================================================
2026-09-03 05:37:30,721 - DRAM Used + Cache + Buffer + Swap = 43.99 GB
2026-09-03 05:37:30,722 - DRAM Used + Cache + Buffer = 43.99 GB
2026-09-03 05:37:30,722 - DRAM Used = 27.65 GB
2026-09-03 05:37:30,722 - DRAM Swap = 0.0 GB
2026-09-03 05:37:30,722 - 
2026-09-03 05:37:30,927 - VRAM Total = [140.4] GB
2026-09-03 05:37:30,928 - VRAM Used = [2.01] GB
2026-09-03 05:37:30,928 - 
2026-09-03 05:37:30,952 - Get SMARTINFO error, error=Expecting value: line 1 column 1 (char 0)
2026-09-03 05:37:30,952 - 
2026-09-03 05:37:30,952 - ================================================================================
2026-09-03 05:37:31,954 - DRAM Used + Cache + Buffer + Swap = 44.0 GB
2026-09-03 05:37:31,954 - DRAM Used + Cache + Buffer = 44.0 GB
2026-09-03 05:37:31,954 - DRAM Used = 27.65 GB
2026-09-03 05:37:31,954 - DRAM Swap = 0.0 GB
2026-09-03 05:37:31,954 - 
2026-09-03 05:37:32,161 - VRAM Total = [140.4] GB
2026-09-03 05:37:32,161 - VRAM Used = [2.01] GB
2026-09-03 05:37:32,161 - 
2026-09-03 05:37:32,185 - Get SMARTINFO error, error=Expecting value: line 1 column 1 (char 0)
2026-09-03 05:37:32,185 - 
2026-09-03 05:37:32,185 - ================================================================================
2026-09-03 05:37:33,186 - DRAM Used + Cache + Buffer + Swap = 44.01 GB
2026-09-03 05:37:33,187 - DRAM Used + Cache + Buffer = 44.01 GB
2026-09-03 05:37:33,187 - DRAM Used = 27.66 GB
2026-09-03 05:37:33,187 - DRAM Swap = 0.0 GB
2026-09-03 05:37:33,187 - 
2026-09-03 05:37:33,393 - VRAM Total = [140.4] GB
2026-09-03 05:37:33,393 - VRAM Used = [2.01] GB
2026-09-03 05:37:33,393 - 
2026-09-03 05:37:33,419 - Get SMARTINFO error, error=Expecting value: line 1 column 1 (char 0)
2026-09-03 05:37:33,419 - 
2026-09-03 05:37:33,419 - ================================================================================
2026-09-03 05:37:34,420 - DRAM Used + Cache + Buffer + Swap = 44.01 GB
2026-09-03 05:37:34,420 - DRAM Used + Cache + Buffer = 44.01 GB
2026-09-03 05:37:34,420 - DRAM Used = 27.67 GB
2026-09-03 05:37:34,420 - DRAM Swap = 0.0 GB
2026-09-03 05:37:34,420 - 
2026-09-03 05:37:34,627 - VRAM Total = [140.4] GB
2026-09-03 05:37:34,627 - VRAM Used = [2.01] GB
2026-09-03 05:37:34,627 - 
2026-09-03 05:37:34,651 - Get SMARTINFO error, error=Expecting value: line 1 column 1 (char 0)
2026-09-03 05:37:34,651 - 
2026-09-03 05:37:34,651 - ================================================================================
2026-09-03 05:37:35,652 - DRAM Used + Cache + Buffer + Swap = 44.01 GB
2026-09-03 05:37:35,652 - DRAM Used + Cache + Buffer = 44.01 GB
2026-09-03 05:37:35,652 - DRAM Used = 27.67 GB
2026-09-03 05:37:35,653 - DRAM Swap = 0.0 GB
2026-09-03 05:37:35,653 - 
2026-09-03 05:37:35,858 - VRAM Total = [140.4] GB
2026-09-03 05:37:35,858 - VRAM Used = [2.01] GB
2026-09-03 05:37:35,858 - 
2026-09-03 05:37:35,880 - Get SMARTINFO error, error=Expecting value: line 1 column 1 (char 0)
2026-09-03 05:37:35,880 - 
2026-09-03 05:37:35,880 - ================================================================================
2026-09-03 05:37:36,881 - DRAM Used + Cache + Buffer + Swap = 44.01 GB
2026-09-03 05:37:36,882 - DRAM Used + Cache + Buffer = 44.01 GB
2026-09-03 05:37:36,882 - DRAM Used = 27.67 GB
2026-09-03 05:37:36,882 - DRAM Swap = 0.0 GB
2026-09-03 05:37:36,882 - 
2026-09-03 05:37:37,087 - VRAM Total = [140.4] GB
2026-09-03 05:37:37,088 - VRAM Used = [2.01] GB
2026-09-03 05:37:37,088 - 
2026-09-03 05:37:37,109 - Get SMARTINFO error, error=Expecting value: line 1 column 1 (char 0)
2026-09-03 05:37:37,109 - 
2026-09-03 05:37:37,109 - ================================================================================
2026-09-03 05:37:38,110 - DRAM Used + Cache + Buffer + Swap = 44.01 GB
2026-09-03 05:37:38,110 - DRAM Used + Cache + Buffer = 44.01 GB
2026-09-03 05:37:38,111 - DRAM Used = 27.67 GB
2026-09-03 05:37:38,111 - DRAM Swap = 0.0 GB
2026-09-03 05:37:38,111 - 
2026-09-03 05:37:38,317 - VRAM Total = [140.4] GB
2026-09-03 05:37:38,317 - VRAM Used = [2.01] GB
2026-09-03 05:37:38,317 - 
2026-09-03 05:37:38,339 - Get SMARTINFO error, error=Expecting value: line 1 column 1 (char 0)
2026-09-03 05:37:38,339 - 
2026-09-03 05:37:38,339 - ================================================================================
2026-09-03 05:37:39,340 - DRAM Used + Cache + Buffer + Swap = 44.01 GB
2026-09-03 05:37:39,340 - DRAM Used + Cache + Buffer = 44.01 GB
2026-09-03 05:37:39,340 - DRAM Used = 27.67 GB
2026-09-03 05:37:39,340 - DRAM Swap = 0.0 GB
2026-09-03 05:37:39,340 - 
2026-09-03 05:37:39,547 - VRAM Total = [140.4] GB
2026-09-03 05:37:39,547 - VRAM Used = [2.01] GB
2026-09-03 05:37:39,547 - 
2026-09-03 05:37:39,571 - Get SMARTINFO error, error=Expecting value: line 1 column 1 (char 0)
2026-09-03 05:37:39,571 - 
2026-09-03 05:37:39,571 - ================================================================================
2026-09-03 05:37:40,572 - DRAM Used + Cache + Buffer + Swap = 44.01 GB
2026-09-03 05:37:40,572 - DRAM Used + Cache + Buffer = 44.01 GB
2026-09-03 05:37:40,572 - DRAM Used = 27.66 GB
2026-09-03 05:37:40,572 - DRAM Swap = 0.0 GB
2026-09-03 05:37:40,572 - 
2026-09-03 05:37:40,778 - VRAM Total = [140.4] GB
2026-09-03 05:37:40,778 - VRAM Used = [2.01] GB
2026-09-03 05:37:40,778 - 
2026-09-03 05:37:40,800 - Get SMARTINFO error, error=Expecting value: line 1 column 1 (char 0)
2026-09-03 05:37:40,800 - 
2026-09-03 05:37:40,800 - ================================================================================
2026-09-03 05:37:41,801 - DRAM Used + Cache + Buffer + Swap = 44.02 GB
2026-09-03 05:37:41,801 - DRAM Used + Cache + Buffer = 44.02 GB
2026-09-03 05:37:41,801 - DRAM Used = 27.67 GB
2026-09-03 05:37:41,801 - DRAM Swap = 0.0 GB
2026-09-03 05:37:41,801 - 
2026-09-03 05:37:42,007 - VRAM Total = [140.4] GB
2026-09-03 05:37:42,007 - VRAM Used = [2.01] GB
2026-09-03 05:37:42,007 - 
2026-09-03 05:37:42,034 - Get SMARTINFO error, error=Expecting value: line 1 column 1 (char 0)
2026-09-03 05:37:42,034 - 
2026-09-03 05:37:42,034 - ================================================================================
2026-09-03 05:37:43,035 - DRAM Used + Cache + Buffer + Swap = 45.05 GB
2026-09-03 05:37:43,036 - DRAM Used + Cache + Buffer = 45.05 GB
2026-09-03 05:37:43,036 - DRAM Used = 26.82 GB
2026-09-03 05:37:43,036 - DRAM Swap = 0.0 GB
2026-09-03 05:37:43,036 - 
2026-09-03 05:37:43,244 - VRAM Total = [140.4] GB
2026-09-03 05:37:43,245 - VRAM Used = [2.01] GB
2026-09-03 05:37:43,245 - 
2026-09-03 05:37:43,269 - Get SMARTINFO error, error=Expecting value: line 1 column 1 (char 0)
2026-09-03 05:37:43,270 - 
2026-09-03 05:37:43,270 - ================================================================================
2026-09-03 05:37:44,271 - DRAM Used + Cache + Buffer + Swap = 46.33 GB
2026-09-03 05:37:44,272 - DRAM Used + Cache + Buffer = 46.33 GB
2026-09-03 05:37:44,272 - DRAM Used = 26.13 GB
2026-09-03 05:37:44,272 - DRAM Swap = 0.0 GB
2026-09-03 05:37:44,272 - 
2026-09-03 05:37:44,480 - VRAM Total = [140.4] GB
2026-09-03 05:37:44,480 - VRAM Used = [2.01] GB
2026-09-03 05:37:44,480 - 
2026-09-03 05:37:44,503 - Get SMARTINFO error, error=Expecting value: line 1 column 1 (char 0)
2026-09-03 05:37:44,504 - 
2026-09-03 05:37:44,504 - ================================================================================
2026-09-03 05:37:45,505 - DRAM Used + Cache + Buffer + Swap = 46.68 GB
2026-09-03 05:37:45,505 - DRAM Used + Cache + Buffer = 46.68 GB
2026-09-03 05:37:45,505 - DRAM Used = 26.08 GB
2026-09-03 05:37:45,505 - DRAM Swap = 0.0 GB
2026-09-03 05:37:45,506 - 
2026-09-03 05:37:45,712 - VRAM Total = [140.4] GB
2026-09-03 05:37:45,712 - VRAM Used = [2.01] GB
2026-09-03 05:37:45,712 - 
2026-09-03 05:37:45,736 - Get SMARTINFO error, error=Expecting value: line 1 column 1 (char 0)
2026-09-03 05:37:45,736 - 
2026-09-03 05:37:45,736 - ================================================================================
2026-09-03 05:37:46,738 - DRAM Used + Cache + Buffer + Swap = 47.35 GB
2026-09-03 05:37:46,738 - DRAM Used + Cache + Buffer = 47.35 GB
2026-09-03 05:37:46,738 - DRAM Used = 26.07 GB
2026-09-03 05:37:46,738 - DRAM Swap = 0.0 GB
2026-09-03 05:37:46,738 - 
2026-09-03 05:37:46,945 - VRAM Total = [140.4] GB
2026-09-03 05:37:46,946 - VRAM Used = [2.01] GB
2026-09-03 05:37:46,946 - 
2026-09-03 05:37:46,971 - Get SMARTINFO error, error=Expecting value: line 1 column 1 (char 0)
2026-09-03 05:37:46,972 - 
2026-09-03 05:37:46,972 - ================================================================================
2026-09-03 05:37:47,973 - DRAM Used + Cache + Buffer + Swap = 49.3 GB
2026-09-03 05:37:47,973 - DRAM Used + Cache + Buffer = 49.3 GB
2026-09-03 05:37:47,974 - DRAM Used = 26.05 GB
2026-09-03 05:37:47,974 - DRAM Swap = 0.0 GB
2026-09-03 05:37:47,974 - 
2026-09-03 05:37:48,182 - VRAM Total = [140.4] GB
2026-09-03 05:37:48,182 - VRAM Used = [2.01] GB
2026-09-03 05:37:48,182 - 
2026-09-03 05:37:48,210 - Get SMARTINFO error, error=Expecting value: line 1 column 1 (char 0)
2026-09-03 05:37:48,210 - 
2026-09-03 05:37:48,210 - ================================================================================
2026-09-03 05:37:49,211 - DRAM Used + Cache + Buffer + Swap = 51.24 GB
2026-09-03 05:37:49,212 - DRAM Used + Cache + Buffer = 51.24 GB
2026-09-03 05:37:49,212 - DRAM Used = 26.02 GB
2026-09-03 05:37:49,212 - DRAM Swap = 0.0 GB
2026-09-03 05:37:49,212 - 
2026-09-03 05:37:49,420 - VRAM Total = [140.4] GB
2026-09-03 05:37:49,420 - VRAM Used = [2.01] GB
2026-09-03 05:37:49,420 - 
2026-09-03 05:37:49,444 - Get SMARTINFO error, error=Expecting value: line 1 column 1 (char 0)
2026-09-03 05:37:49,444 - 
2026-09-03 05:37:49,444 - ================================================================================
2026-09-03 05:37:50,446 - DRAM Used + Cache + Buffer + Swap = 52.72 GB
2026-09-03 05:37:50,446 - DRAM Used + Cache + Buffer = 52.72 GB
2026-09-03 05:37:50,446 - DRAM Used = 27.19 GB
2026-09-03 05:37:50,446 - DRAM Swap = 0.0 GB
2026-09-03 05:37:50,446 - 
2026-09-03 05:37:50,653 - VRAM Total = [140.4] GB
2026-09-03 05:37:50,654 - VRAM Used = [2.01] GB
2026-09-03 05:37:50,654 - 
2026-09-03 05:37:50,679 - Get SMARTINFO error, error=Expecting value: line 1 column 1 (char 0)
2026-09-03 05:37:50,679 - 
2026-09-03 05:37:50,679 - ================================================================================
2026-09-03 05:37:51,681 - DRAM Used + Cache + Buffer + Swap = 60.85 GB
2026-09-03 05:37:51,681 - DRAM Used + Cache + Buffer = 60.85 GB
2026-09-03 05:37:51,681 - DRAM Used = 35.31 GB
2026-09-03 05:37:51,681 - DRAM Swap = 0.0 GB
2026-09-03 05:37:51,681 - 
2026-09-03 05:37:51,888 - VRAM Total = [140.4] GB
2026-09-03 05:37:51,888 - VRAM Used = [2.01] GB
2026-09-03 05:37:51,888 - 
2026-09-03 05:37:51,916 - Get SMARTINFO error, error=Expecting value: line 1 column 1 (char 0)
2026-09-03 05:37:51,917 - 
2026-09-03 05:37:51,917 - ================================================================================
2026-09-03 05:37:52,918 - DRAM Used + Cache + Buffer + Swap = 58.56 GB
2026-09-03 05:37:52,918 - DRAM Used + Cache + Buffer = 58.56 GB
2026-09-03 05:37:52,918 - DRAM Used = 33.03 GB
2026-09-03 05:37:52,918 - DRAM Swap = 0.0 GB
2026-09-03 05:37:52,918 - 
2026-09-03 05:37:53,127 - VRAM Total = [140.4] GB
2026-09-03 05:37:53,127 - VRAM Used = [2.02] GB
2026-09-03 05:37:53,128 - 
2026-09-03 05:37:53,156 - Get SMARTINFO error, error=Expecting value: line 1 column 1 (char 0)
2026-09-03 05:37:53,157 - 
2026-09-03 05:37:53,157 - ================================================================================
2026-09-03 05:37:54,158 - DRAM Used + Cache + Buffer + Swap = 57.83 GB
2026-09-03 05:37:54,159 - DRAM Used + Cache + Buffer = 57.83 GB
2026-09-03 05:37:54,159 - DRAM Used = 32.29 GB
2026-09-03 05:37:54,159 - DRAM Swap = 0.0 GB
2026-09-03 05:37:54,159 - 
2026-09-03 05:37:54,368 - VRAM Total = [140.4] GB
2026-09-03 05:37:54,369 - VRAM Used = [2.02] GB
2026-09-03 05:37:54,369 - 
2026-09-03 05:37:54,387 - Get SMARTINFO error, error=Expecting value: line 1 column 1 (char 0)
2026-09-03 05:37:54,387 - 
2026-09-03 05:37:54,387 - ================================================================================
2026-09-03 05:37:55,389 - DRAM Used + Cache + Buffer + Swap = 57.92 GB
2026-09-03 05:37:55,389 - DRAM Used + Cache + Buffer = 57.92 GB
2026-09-03 05:37:55,389 - DRAM Used = 32.38 GB
2026-09-03 05:37:55,389 - DRAM Swap = 0.0 GB
2026-09-03 05:37:55,389 - 
2026-09-03 05:37:55,597 - VRAM Total = [140.4] GB
2026-09-03 05:37:55,597 - VRAM Used = [2.02] GB
2026-09-03 05:37:55,597 - 
2026-09-03 05:37:55,622 - Get SMARTINFO error, error=Expecting value: line 1 column 1 (char 0)
2026-09-03 05:37:55,622 - 
2026-09-03 05:37:55,622 - ================================================================================
2026-09-03 05:37:56,624 - DRAM Used + Cache + Buffer + Swap = 58.11 GB
2026-09-03 05:37:56,624 - DRAM Used + Cache + Buffer = 58.11 GB
2026-09-03 05:37:56,624 - DRAM Used = 32.57 GB
2026-09-03 05:37:56,624 - DRAM Swap = 0.0 GB
2026-09-03 05:37:56,624 - 
2026-09-03 05:37:56,832 - VRAM Total = [140.4] GB
2026-09-03 05:37:56,833 - VRAM Used = [2.02] GB
2026-09-03 05:37:56,833 - 
2026-09-03 05:37:56,861 - Get SMARTINFO error, error=Expecting value: line 1 column 1 (char 0)
2026-09-03 05:37:56,861 - 
2026-09-03 05:37:56,861 - ================================================================================
2026-09-03 05:37:57,862 - DRAM Used + Cache + Buffer + Swap = 58.17 GB
2026-09-03 05:37:57,863 - DRAM Used + Cache + Buffer = 58.17 GB
2026-09-03 05:37:57,863 - DRAM Used = 32.63 GB
2026-09-03 05:37:57,863 - DRAM Swap = 0.0 GB
2026-09-03 05:37:57,863 - 
2026-09-03 05:37:58,071 - VRAM Total = [140.4] GB
2026-09-03 05:37:58,071 - VRAM Used = [2.02] GB
2026-09-03 05:37:58,071 - 
2026-09-03 05:37:58,092 - Get SMARTINFO error, error=Expecting value: line 1 column 1 (char 0)
2026-09-03 05:37:58,092 - 
2026-09-03 05:37:58,092 - ================================================================================
2026-09-03 05:37:59,093 - DRAM Used + Cache + Buffer + Swap = 58.16 GB
2026-09-03 05:37:59,093 - DRAM Used + Cache + Buffer = 58.16 GB
2026-09-03 05:37:59,093 - DRAM Used = 32.62 GB
2026-09-03 05:37:59,093 - DRAM Swap = 0.0 GB
2026-09-03 05:37:59,093 - 
2026-09-03 05:37:59,299 - VRAM Total = [140.4] GB
2026-09-03 05:37:59,299 - VRAM Used = [2.02] GB
2026-09-03 05:37:59,299 - 
2026-09-03 05:37:59,324 - Get SMARTINFO error, error=Expecting value: line 1 column 1 (char 0)
2026-09-03 05:37:59,324 - 
2026-09-03 05:37:59,324 - ================================================================================
2026-09-03 05:38:00,326 - DRAM Used + Cache + Buffer + Swap = 57.77 GB
2026-09-03 05:38:00,326 - DRAM Used + Cache + Buffer = 57.77 GB
2026-09-03 05:38:00,326 - DRAM Used = 32.23 GB
2026-09-03 05:38:00,326 - DRAM Swap = 0.0 GB
2026-09-03 05:38:00,326 - 
2026-09-03 05:38:00,533 - VRAM Total = [140.4] GB
2026-09-03 05:38:00,533 - VRAM Used = [2.02] GB
2026-09-03 05:38:00,533 - 
2026-09-03 05:38:00,558 - Get SMARTINFO error, error=Expecting value: line 1 column 1 (char 0)
2026-09-03 05:38:00,558 - 
2026-09-03 05:38:00,558 - ================================================================================
2026-09-03 05:38:01,559 - DRAM Used + Cache + Buffer + Swap = 58.04 GB
2026-09-03 05:38:01,559 - DRAM Used + Cache + Buffer = 58.04 GB
2026-09-03 05:38:01,559 - DRAM Used = 32.5 GB
2026-09-03 05:38:01,559 - DRAM Swap = 0.0 GB
2026-09-03 05:38:01,559 - 
2026-09-03 05:38:01,765 - VRAM Total = [140.4] GB
2026-09-03 05:38:01,765 - VRAM Used = [2.02] GB
2026-09-03 05:38:01,765 - 
2026-09-03 05:38:01,790 - Get SMARTINFO error, error=Expecting value: line 1 column 1 (char 0)
2026-09-03 05:38:01,790 - 
2026-09-03 05:38:01,790 - ================================================================================
2026-09-03 05:38:02,792 - DRAM Used + Cache + Buffer + Swap = 57.71 GB
2026-09-03 05:38:02,792 - DRAM Used + Cache + Buffer = 57.71 GB
2026-09-03 05:38:02,792 - DRAM Used = 32.17 GB
2026-09-03 05:38:02,792 - DRAM Swap = 0.0 GB
2026-09-03 05:38:02,792 - 
2026-09-03 05:38:02,999 - VRAM Total = [140.4] GB
2026-09-03 05:38:02,999 - VRAM Used = [2.02] GB
2026-09-03 05:38:02,999 - 
2026-09-03 05:38:03,018 - Get SMARTINFO error, error=Expecting value: line 1 column 1 (char 0)
2026-09-03 05:38:03,018 - 
2026-09-03 05:38:03,018 - ================================================================================
2026-09-03 05:38:04,019 - DRAM Used + Cache + Buffer + Swap = 58.17 GB
2026-09-03 05:38:04,019 - DRAM Used + Cache + Buffer = 58.17 GB
2026-09-03 05:38:04,019 - DRAM Used = 32.63 GB
2026-09-03 05:38:04,019 - DRAM Swap = 0.0 GB
2026-09-03 05:38:04,019 - 
2026-09-03 05:38:04,227 - VRAM Total = [140.4] GB
2026-09-03 05:38:04,228 - VRAM Used = [2.02] GB
2026-09-03 05:38:04,228 - 
2026-09-03 05:38:04,255 - Get SMARTINFO error, error=Expecting value: line 1 column 1 (char 0)
2026-09-03 05:38:04,255 - 
2026-09-03 05:38:04,255 - ================================================================================
2026-09-03 05:38:05,256 - DRAM Used + Cache + Buffer + Swap = 58.17 GB
2026-09-03 05:38:05,256 - DRAM Used + Cache + Buffer = 58.17 GB
2026-09-03 05:38:05,256 - DRAM Used = 32.62 GB
2026-09-03 05:38:05,256 - DRAM Swap = 0.0 GB
2026-09-03 05:38:05,256 - 
2026-09-03 05:38:05,464 - VRAM Total = [140.4] GB
2026-09-03 05:38:05,464 - VRAM Used = [2.02] GB
2026-09-03 05:38:05,464 - 
2026-09-03 05:38:05,487 - Get SMARTINFO error, error=Expecting value: line 1 column 1 (char 0)
2026-09-03 05:38:05,487 - 
2026-09-03 05:38:05,487 - ================================================================================
2026-09-03 05:38:06,489 - DRAM Used + Cache + Buffer + Swap = 57.56 GB
2026-09-03 05:38:06,489 - DRAM Used + Cache + Buffer = 57.56 GB
2026-09-03 05:38:06,489 - DRAM Used = 32.02 GB
2026-09-03 05:38:06,489 - DRAM Swap = 0.0 GB
2026-09-03 05:38:06,489 - 
2026-09-03 05:38:06,697 - VRAM Total = [140.4] GB
2026-09-03 05:38:06,698 - VRAM Used = [2.02] GB
2026-09-03 05:38:06,698 - 
2026-09-03 05:38:06,716 - Get SMARTINFO error, error=Expecting value: line 1 column 1 (char 0)
2026-09-03 05:38:06,717 - 
2026-09-03 05:38:06,717 - ================================================================================
2026-09-03 05:38:07,717 - DRAM Used + Cache + Buffer + Swap = 57.86 GB
2026-09-03 05:38:07,718 - DRAM Used + Cache + Buffer = 57.86 GB
2026-09-03 05:38:07,718 - DRAM Used = 32.32 GB
2026-09-03 05:38:07,718 - DRAM Swap = 0.0 GB
2026-09-03 05:38:07,718 - 
2026-09-03 05:38:07,925 - VRAM Total = [140.4] GB
2026-09-03 05:38:07,926 - VRAM Used = [2.02] GB
2026-09-03 05:38:07,926 - 
2026-09-03 05:38:07,965 - Get SMARTINFO error, error=Expecting value: line 1 column 1 (char 0)
2026-09-03 05:38:07,965 - 
2026-09-03 05:38:07,965 - ================================================================================
2026-09-03 05:38:08,966 - DRAM Used + Cache + Buffer + Swap = 57.53 GB
2026-09-03 05:38:08,967 - DRAM Used + Cache + Buffer = 57.53 GB
2026-09-03 05:38:08,967 - DRAM Used = 31.99 GB
2026-09-03 05:38:08,967 - DRAM Swap = 0.0 GB
2026-09-03 05:38:08,967 - 
2026-09-03 05:38:09,174 - VRAM Total = [140.4] GB
2026-09-03 05:38:09,174 - VRAM Used = [2.02] GB
2026-09-03 05:38:09,174 - 
2026-09-03 05:38:09,190 - Get SMARTINFO error, error=Expecting value: line 1 column 1 (char 0)
2026-09-03 05:38:09,190 - 
2026-09-03 05:38:09,190 - ================================================================================
2026-09-03 05:38:10,191 - DRAM Used + Cache + Buffer + Swap = 57.84 GB
2026-09-03 05:38:10,191 - DRAM Used + Cache + Buffer = 57.84 GB
2026-09-03 05:38:10,191 - DRAM Used = 32.3 GB
2026-09-03 05:38:10,191 - DRAM Swap = 0.0 GB
2026-09-03 05:38:10,191 - 
2026-09-03 05:38:10,398 - VRAM Total = [140.4] GB
2026-09-03 05:38:10,399 - VRAM Used = [2.02] GB
2026-09-03 05:38:10,399 - 
2026-09-03 05:38:10,419 - Get SMARTINFO error, error=Expecting value: line 1 column 1 (char 0)
2026-09-03 05:38:10,420 - 
2026-09-03 05:38:10,420 - ================================================================================
2026-09-03 05:38:11,421 - DRAM Used + Cache + Buffer + Swap = 57.68 GB
2026-09-03 05:38:11,422 - DRAM Used + Cache + Buffer = 57.68 GB
2026-09-03 05:38:11,422 - DRAM Used = 32.13 GB
2026-09-03 05:38:11,422 - DRAM Swap = 0.0 GB
2026-09-03 05:38:11,422 - 
2026-09-03 05:38:11,632 - VRAM Total = [140.4] GB
2026-09-03 05:38:11,632 - VRAM Used = [2.02] GB
2026-09-03 05:38:11,632 - 
2026-09-03 05:38:11,653 - Get SMARTINFO error, error=Expecting value: line 1 column 1 (char 0)
2026-09-03 05:38:11,653 - 
2026-09-03 05:38:11,653 - ================================================================================
2026-09-03 05:38:12,655 - DRAM Used + Cache + Buffer + Swap = 57.39 GB
2026-09-03 05:38:12,655 - DRAM Used + Cache + Buffer = 57.39 GB
2026-09-03 05:38:12,655 - DRAM Used = 31.85 GB
2026-09-03 05:38:12,655 - DRAM Swap = 0.0 GB
2026-09-03 05:38:12,655 - 
2026-09-03 05:38:12,866 - VRAM Total = [140.4] GB
2026-09-03 05:38:12,867 - VRAM Used = [2.02] GB
2026-09-03 05:38:12,867 - 
2026-09-03 05:38:12,883 - Get SMARTINFO error, error=Expecting value: line 1 column 1 (char 0)
2026-09-03 05:38:12,883 - 
2026-09-03 05:38:12,883 - ================================================================================
2026-09-03 05:38:13,885 - DRAM Used + Cache + Buffer + Swap = 57.14 GB
2026-09-03 05:38:13,886 - DRAM Used + Cache + Buffer = 57.14 GB
2026-09-03 05:38:13,886 - DRAM Used = 31.6 GB
2026-09-03 05:38:13,886 - DRAM Swap = 0.0 GB
2026-09-03 05:38:13,886 - 
2026-09-03 05:38:14,095 - VRAM Total = [140.4] GB
2026-09-03 05:38:14,096 - VRAM Used = [2.02] GB
2026-09-03 05:38:14,096 - 
2026-09-03 05:38:14,135 - Get SMARTINFO error, error=Expecting value: line 1 column 1 (char 0)
2026-09-03 05:38:14,136 - 
2026-09-03 05:38:14,136 - ================================================================================
2026-09-03 05:38:15,137 - DRAM Used + Cache + Buffer + Swap = 57.24 GB
2026-09-03 05:38:15,138 - DRAM Used + Cache + Buffer = 57.24 GB
2026-09-03 05:38:15,138 - DRAM Used = 31.69 GB
2026-09-03 05:38:15,138 - DRAM Swap = 0.0 GB
2026-09-03 05:38:15,138 - 
2026-09-03 05:38:15,346 - VRAM Total = [140.4] GB
2026-09-03 05:38:15,346 - VRAM Used = [2.02] GB
2026-09-03 05:38:15,346 - 
2026-09-03 05:38:15,387 - Get SMARTINFO error, error=Expecting value: line 1 column 1 (char 0)
2026-09-03 05:38:15,387 - 
2026-09-03 05:38:15,387 - ================================================================================
2026-09-03 05:38:16,401 - DRAM Used + Cache + Buffer + Swap = 57.91 GB
2026-09-03 05:38:16,402 - DRAM Used + Cache + Buffer = 57.91 GB
2026-09-03 05:38:16,402 - DRAM Used = 32.36 GB
2026-09-03 05:38:16,402 - DRAM Swap = 0.0 GB
2026-09-03 05:38:16,402 - 
2026-09-03 05:38:16,616 - VRAM Total = [140.4] GB
2026-09-03 05:38:16,617 - VRAM Used = [2.02] GB
2026-09-03 05:38:16,617 - 
2026-09-03 05:38:16,631 - Get SMARTINFO error, error=Expecting value: line 1 column 1 (char 0)
2026-09-03 05:38:16,631 - 
2026-09-03 05:38:16,631 - ================================================================================
2026-09-03 05:38:17,632 - DRAM Used + Cache + Buffer + Swap = 58.85 GB
2026-09-03 05:38:17,633 - DRAM Used + Cache + Buffer = 58.85 GB
2026-09-03 05:38:17,633 - DRAM Used = 33.31 GB
2026-09-03 05:38:17,633 - DRAM Swap = 0.0 GB
2026-09-03 05:38:17,633 - 
2026-09-03 05:38:17,844 - VRAM Total = [140.4] GB
2026-09-03 05:38:17,844 - VRAM Used = [2.02] GB
2026-09-03 05:38:17,844 - 
2026-09-03 05:38:17,865 - Get SMARTINFO error, error=Expecting value: line 1 column 1 (char 0)
2026-09-03 05:38:17,865 - 
2026-09-03 05:38:17,865 - ================================================================================
2026-09-03 05:38:18,866 - DRAM Used + Cache + Buffer + Swap = 59.03 GB
2026-09-03 05:38:18,867 - DRAM Used + Cache + Buffer = 59.03 GB
2026-09-03 05:38:18,867 - DRAM Used = 33.48 GB
2026-09-03 05:38:18,867 - DRAM Swap = 0.0 GB
2026-09-03 05:38:18,867 - 
2026-09-03 05:38:19,074 - VRAM Total = [140.4] GB
2026-09-03 05:38:19,074 - VRAM Used = [4.02] GB
2026-09-03 05:38:19,074 - 
2026-09-03 05:38:19,096 - Get SMARTINFO error, error=Expecting value: line 1 column 1 (char 0)
2026-09-03 05:38:19,096 - 
2026-09-03 05:38:19,096 - ================================================================================
2026-09-03 05:38:20,097 - DRAM Used + Cache + Buffer + Swap = 59.04 GB
2026-09-03 05:38:20,098 - DRAM Used + Cache + Buffer = 59.04 GB
2026-09-03 05:38:20,098 - DRAM Used = 33.46 GB
2026-09-03 05:38:20,098 - DRAM Swap = 0.0 GB
2026-09-03 05:38:20,098 - 
2026-09-03 05:38:20,305 - VRAM Total = [140.4] GB
2026-09-03 05:38:20,305 - VRAM Used = [4.03] GB
2026-09-03 05:38:20,305 - 
2026-09-03 05:38:20,330 - Get SMARTINFO error, error=Expecting value: line 1 column 1 (char 0)
2026-09-03 05:38:20,330 - 
2026-09-03 05:38:20,330 - ================================================================================
2026-09-03 05:38:21,331 - DRAM Used + Cache + Buffer + Swap = 59.01 GB
2026-09-03 05:38:21,331 - DRAM Used + Cache + Buffer = 59.01 GB
2026-09-03 05:38:21,332 - DRAM Used = 33.42 GB
2026-09-03 05:38:21,332 - DRAM Swap = 0.0 GB
2026-09-03 05:38:21,332 - 
2026-09-03 05:38:21,538 - VRAM Total = [140.4] GB
2026-09-03 05:38:21,538 - VRAM Used = [4.03] GB
2026-09-03 05:38:21,539 - 
2026-09-03 05:38:21,562 - Get SMARTINFO error, error=Expecting value: line 1 column 1 (char 0)
2026-09-03 05:38:21,562 - 
2026-09-03 05:38:21,562 - ================================================================================
2026-09-03 05:38:22,563 - DRAM Used + Cache + Buffer + Swap = 59.37 GB
2026-09-03 05:38:22,563 - DRAM Used + Cache + Buffer = 59.37 GB
2026-09-03 05:38:22,563 - DRAM Used = 33.41 GB
2026-09-03 05:38:22,563 - DRAM Swap = 0.0 GB
2026-09-03 05:38:22,564 - 
2026-09-03 05:38:22,771 - VRAM Total = [140.4] GB
2026-09-03 05:38:22,771 - VRAM Used = [4.15] GB
2026-09-03 05:38:22,771 - 
2026-09-03 05:38:22,796 - Get SMARTINFO error, error=Expecting value: line 1 column 1 (char 0)
2026-09-03 05:38:22,796 - 
2026-09-03 05:38:22,796 - ================================================================================
2026-09-03 05:38:23,797 - DRAM Used + Cache + Buffer + Swap = 59.57 GB
2026-09-03 05:38:23,798 - DRAM Used + Cache + Buffer = 59.57 GB
2026-09-03 05:38:23,798 - DRAM Used = 33.57 GB
2026-09-03 05:38:23,798 - DRAM Swap = 0.0 GB
2026-09-03 05:38:23,798 - 
2026-09-03 05:38:24,005 - VRAM Total = [140.4] GB
2026-09-03 05:38:24,005 - VRAM Used = [5.39] GB
2026-09-03 05:38:24,005 - 
2026-09-03 05:38:24,030 - Get SMARTINFO error, error=Expecting value: line 1 column 1 (char 0)
2026-09-03 05:38:24,030 - 
2026-09-03 05:38:24,030 - ================================================================================
2026-09-03 05:38:25,031 - DRAM Used + Cache + Buffer + Swap = 59.52 GB
2026-09-03 05:38:25,031 - DRAM Used + Cache + Buffer = 59.52 GB
2026-09-03 05:38:25,031 - DRAM Used = 33.53 GB
2026-09-03 05:38:25,031 - DRAM Swap = 0.0 GB
2026-09-03 05:38:25,031 - 
2026-09-03 05:38:25,238 - VRAM Total = [140.4] GB
2026-09-03 05:38:25,238 - VRAM Used = [5.39] GB
2026-09-03 05:38:25,238 - 
2026-09-03 05:38:25,260 - Get SMARTINFO error, error=Expecting value: line 1 column 1 (char 0)
2026-09-03 05:38:25,260 - 
2026-09-03 05:38:25,260 - ================================================================================
2026-09-03 05:38:26,261 - DRAM Used + Cache + Buffer + Swap = 59.51 GB
2026-09-03 05:38:26,261 - DRAM Used + Cache + Buffer = 59.51 GB
2026-09-03 05:38:26,261 - DRAM Used = 33.52 GB
2026-09-03 05:38:26,262 - DRAM Swap = 0.0 GB
2026-09-03 05:38:26,262 - 
2026-09-03 05:38:26,467 - VRAM Total = [140.4] GB
2026-09-03 05:38:26,467 - VRAM Used = [5.39] GB
2026-09-03 05:38:26,468 - 
2026-09-03 05:38:26,489 - Get SMARTINFO error, error=Expecting value: line 1 column 1 (char 0)
2026-09-03 05:38:26,489 - 
2026-09-03 05:38:26,489 - ================================================================================
2026-09-03 05:38:27,490 - DRAM Used + Cache + Buffer + Swap = 59.61 GB
2026-09-03 05:38:27,490 - DRAM Used + Cache + Buffer = 59.61 GB
2026-09-03 05:38:27,490 - DRAM Used = 33.61 GB
2026-09-03 05:38:27,490 - DRAM Swap = 0.0 GB
2026-09-03 05:38:27,490 - 
2026-09-03 05:38:27,696 - VRAM Total = [140.4] GB
2026-09-03 05:38:27,697 - VRAM Used = [7.26] GB
2026-09-03 05:38:27,697 - 
2026-09-03 05:38:27,719 - Get SMARTINFO error, error=Expecting value: line 1 column 1 (char 0)
2026-09-03 05:38:27,719 - 
2026-09-03 05:38:27,719 - ================================================================================
2026-09-03 05:38:28,720 - DRAM Used + Cache + Buffer + Swap = 59.66 GB
2026-09-03 05:38:28,720 - DRAM Used + Cache + Buffer = 59.66 GB
2026-09-03 05:38:28,720 - DRAM Used = 33.67 GB
2026-09-03 05:38:28,721 - DRAM Swap = 0.0 GB
2026-09-03 05:38:28,721 - 
2026-09-03 05:38:28,926 - VRAM Total = [140.4] GB
2026-09-03 05:38:28,927 - VRAM Used = [7.26] GB
2026-09-03 05:38:28,927 - 
2026-09-03 05:38:28,954 - Get SMARTINFO error, error=Expecting value: line 1 column 1 (char 0)
2026-09-03 05:38:28,954 - 
2026-09-03 05:38:28,954 - ================================================================================
2026-09-03 05:38:29,955 - DRAM Used + Cache + Buffer + Swap = 59.65 GB
2026-09-03 05:38:29,955 - DRAM Used + Cache + Buffer = 59.65 GB
2026-09-03 05:38:29,955 - DRAM Used = 33.65 GB
2026-09-03 05:38:29,955 - DRAM Swap = 0.0 GB
2026-09-03 05:38:29,955 - 
2026-09-03 05:38:30,161 - VRAM Total = [140.4] GB
2026-09-03 05:38:30,161 - VRAM Used = [7.26] GB
2026-09-03 05:38:30,161 - 
2026-09-03 05:38:30,185 - Get SMARTINFO error, error=Expecting value: line 1 column 1 (char 0)
2026-09-03 05:38:30,185 - 
2026-09-03 05:38:30,185 - ================================================================================
2026-09-03 05:38:31,186 - DRAM Used + Cache + Buffer + Swap = 59.98 GB
2026-09-03 05:38:31,187 - DRAM Used + Cache + Buffer = 59.98 GB
2026-09-03 05:38:31,187 - DRAM Used = 33.98 GB
2026-09-03 05:38:31,187 - DRAM Swap = 0.0 GB
2026-09-03 05:38:31,187 - 
2026-09-03 05:38:31,393 - VRAM Total = [140.4] GB
2026-09-03 05:38:31,394 - VRAM Used = [7.26] GB
2026-09-03 05:38:31,394 - 
2026-09-03 05:38:31,420 - Get SMARTINFO error, error=Expecting value: line 1 column 1 (char 0)
2026-09-03 05:38:31,420 - 
2026-09-03 05:38:31,420 - ================================================================================
2026-09-03 05:38:32,421 - DRAM Used + Cache + Buffer + Swap = 59.95 GB
2026-09-03 05:38:32,422 - DRAM Used + Cache + Buffer = 59.95 GB
2026-09-03 05:38:32,422 - DRAM Used = 33.95 GB
2026-09-03 05:38:32,422 - DRAM Swap = 0.0 GB
2026-09-03 05:38:32,422 - 
2026-09-03 05:38:32,629 - VRAM Total = [140.4] GB
2026-09-03 05:38:32,629 - VRAM Used = [7.26] GB
2026-09-03 05:38:32,630 - 
2026-09-03 05:38:32,652 - Get SMARTINFO error, error=Expecting value: line 1 column 1 (char 0)
2026-09-03 05:38:32,653 - 
2026-09-03 05:38:32,653 - ================================================================================
2026-09-03 05:38:33,654 - DRAM Used + Cache + Buffer + Swap = 59.92 GB
2026-09-03 05:38:33,654 - DRAM Used + Cache + Buffer = 59.92 GB
2026-09-03 05:38:33,654 - DRAM Used = 33.92 GB
2026-09-03 05:38:33,654 - DRAM Swap = 0.0 GB
2026-09-03 05:38:33,654 - 
2026-09-03 05:38:33,861 - VRAM Total = [140.4] GB
2026-09-03 05:38:33,861 - VRAM Used = [7.26] GB
2026-09-03 05:38:33,861 - 
2026-09-03 05:38:33,888 - Get SMARTINFO error, error=Expecting value: line 1 column 1 (char 0)
2026-09-03 05:38:33,888 - 
2026-09-03 05:38:33,888 - ================================================================================
2026-09-03 05:38:34,889 - DRAM Used + Cache + Buffer + Swap = 59.86 GB
2026-09-03 05:38:34,889 - DRAM Used + Cache + Buffer = 59.86 GB
2026-09-03 05:38:34,889 - DRAM Used = 33.86 GB
2026-09-03 05:38:34,889 - DRAM Swap = 0.0 GB
2026-09-03 05:38:34,889 - 
2026-09-03 05:38:35,095 - VRAM Total = [140.4] GB
2026-09-03 05:38:35,095 - VRAM Used = [7.26] GB
2026-09-03 05:38:35,095 - 
2026-09-03 05:38:35,122 - Get SMARTINFO error, error=Expecting value: line 1 column 1 (char 0)
2026-09-03 05:38:35,122 - 
2026-09-03 05:38:35,122 - ================================================================================
2026-09-03 05:38:36,123 - DRAM Used + Cache + Buffer + Swap = 59.87 GB
2026-09-03 05:38:36,123 - DRAM Used + Cache + Buffer = 59.87 GB
2026-09-03 05:38:36,123 - DRAM Used = 33.87 GB
2026-09-03 05:38:36,123 - DRAM Swap = 0.0 GB
2026-09-03 05:38:36,123 - 
2026-09-03 05:38:36,329 - VRAM Total = [140.4] GB
2026-09-03 05:38:36,329 - VRAM Used = [7.26] GB
2026-09-03 05:38:36,329 - 
2026-09-03 05:38:36,356 - Get SMARTINFO error, error=Expecting value: line 1 column 1 (char 0)
2026-09-03 05:38:36,356 - 
2026-09-03 05:38:36,356 - ================================================================================
2026-09-03 05:38:37,357 - DRAM Used + Cache + Buffer + Swap = 59.83 GB
2026-09-03 05:38:37,357 - DRAM Used + Cache + Buffer = 59.83 GB
2026-09-03 05:38:37,357 - DRAM Used = 33.83 GB
2026-09-03 05:38:37,358 - DRAM Swap = 0.0 GB
2026-09-03 05:38:37,358 - 
2026-09-03 05:38:37,563 - VRAM Total = [140.4] GB
2026-09-03 05:38:37,563 - VRAM Used = [7.26] GB
2026-09-03 05:38:37,563 - 
2026-09-03 05:38:37,587 - Get SMARTINFO error, error=Expecting value: line 1 column 1 (char 0)
2026-09-03 05:38:37,588 - 
2026-09-03 05:38:37,588 - ================================================================================
2026-09-03 05:38:38,589 - DRAM Used + Cache + Buffer + Swap = 59.81 GB
2026-09-03 05:38:38,589 - DRAM Used + Cache + Buffer = 59.81 GB
2026-09-03 05:38:38,589 - DRAM Used = 33.81 GB
2026-09-03 05:38:38,589 - DRAM Swap = 0.0 GB
2026-09-03 05:38:38,589 - 
2026-09-03 05:38:38,795 - VRAM Total = [140.4] GB
2026-09-03 05:38:38,795 - VRAM Used = [7.26] GB
2026-09-03 05:38:38,795 - 
2026-09-03 05:38:38,819 - Get SMARTINFO error, error=Expecting value: line 1 column 1 (char 0)
2026-09-03 05:38:38,819 - 
2026-09-03 05:38:38,819 - ================================================================================
2026-09-03 05:38:39,820 - DRAM Used + Cache + Buffer + Swap = 59.81 GB
2026-09-03 05:38:39,821 - DRAM Used + Cache + Buffer = 59.81 GB
2026-09-03 05:38:39,821 - DRAM Used = 33.82 GB
2026-09-03 05:38:39,821 - DRAM Swap = 0.0 GB
2026-09-03 05:38:39,821 - 
2026-09-03 05:38:40,026 - VRAM Total = [140.4] GB
2026-09-03 05:38:40,026 - VRAM Used = [7.26] GB
2026-09-03 05:38:40,026 - 
2026-09-03 05:38:40,053 - Get SMARTINFO error, error=Expecting value: line 1 column 1 (char 0)
2026-09-03 05:38:40,053 - 
2026-09-03 05:38:40,053 - ================================================================================
2026-09-03 05:38:41,054 - DRAM Used + Cache + Buffer + Swap = 59.82 GB
2026-09-03 05:38:41,054 - DRAM Used + Cache + Buffer = 59.82 GB
2026-09-03 05:38:41,054 - DRAM Used = 33.82 GB
2026-09-03 05:38:41,054 - DRAM Swap = 0.0 GB
2026-09-03 05:38:41,054 - 
2026-09-03 05:38:41,260 - VRAM Total = [140.4] GB
2026-09-03 05:38:41,260 - VRAM Used = [7.26] GB
2026-09-03 05:38:41,260 - 
2026-09-03 05:38:41,285 - Get SMARTINFO error, error=Expecting value: line 1 column 1 (char 0)
2026-09-03 05:38:41,285 - 
2026-09-03 05:38:41,285 - ================================================================================
2026-09-03 05:38:42,286 - DRAM Used + Cache + Buffer + Swap = 59.78 GB
2026-09-03 05:38:42,287 - DRAM Used + Cache + Buffer = 59.78 GB
2026-09-03 05:38:42,287 - DRAM Used = 33.78 GB
2026-09-03 05:38:42,287 - DRAM Swap = 0.0 GB
2026-09-03 05:38:42,287 - 
2026-09-03 05:38:42,493 - VRAM Total = [140.4] GB
2026-09-03 05:38:42,494 - VRAM Used = [7.26] GB
2026-09-03 05:38:42,495 - 
2026-09-03 05:38:42,521 - Get SMARTINFO error, error=Expecting value: line 1 column 1 (char 0)
2026-09-03 05:38:42,521 - 
2026-09-03 05:38:42,521 - ================================================================================
2026-09-03 05:38:43,522 - DRAM Used + Cache + Buffer + Swap = 59.75 GB
2026-09-03 05:38:43,523 - DRAM Used + Cache + Buffer = 59.75 GB
2026-09-03 05:38:43,523 - DRAM Used = 33.75 GB
2026-09-03 05:38:43,523 - DRAM Swap = 0.0 GB
2026-09-03 05:38:43,523 - 
2026-09-03 05:38:43,729 - VRAM Total = [140.4] GB
2026-09-03 05:38:43,729 - VRAM Used = [7.26] GB
2026-09-03 05:38:43,729 - 
2026-09-03 05:38:43,756 - Get SMARTINFO error, error=Expecting value: line 1 column 1 (char 0)
2026-09-03 05:38:43,756 - 
2026-09-03 05:38:43,756 - ================================================================================
2026-09-03 05:38:44,757 - DRAM Used + Cache + Buffer + Swap = 59.76 GB
2026-09-03 05:38:44,757 - DRAM Used + Cache + Buffer = 59.76 GB
2026-09-03 05:38:44,757 - DRAM Used = 33.76 GB
2026-09-03 05:38:44,757 - DRAM Swap = 0.0 GB
2026-09-03 05:38:44,757 - 
2026-09-03 05:38:44,963 - VRAM Total = [140.4] GB
2026-09-03 05:38:44,963 - VRAM Used = [7.26] GB
2026-09-03 05:38:44,963 - 
2026-09-03 05:38:44,990 - Get SMARTINFO error, error=Expecting value: line 1 column 1 (char 0)
2026-09-03 05:38:44,991 - 
2026-09-03 05:38:44,991 - ================================================================================
2026-09-03 05:38:45,992 - DRAM Used + Cache + Buffer + Swap = 59.78 GB
2026-09-03 05:38:45,992 - DRAM Used + Cache + Buffer = 59.78 GB
2026-09-03 05:38:45,992 - DRAM Used = 33.78 GB
2026-09-03 05:38:45,992 - DRAM Swap = 0.0 GB
2026-09-03 05:38:45,992 - 
2026-09-03 05:38:46,198 - VRAM Total = [140.4] GB
2026-09-03 05:38:46,198 - VRAM Used = [7.26] GB
2026-09-03 05:38:46,198 - 
2026-09-03 05:38:46,224 - Get SMARTINFO error, error=Expecting value: line 1 column 1 (char 0)
2026-09-03 05:38:46,224 - 
2026-09-03 05:38:46,224 - ================================================================================
2026-09-03 05:38:47,225 - DRAM Used + Cache + Buffer + Swap = 59.75 GB
2026-09-03 05:38:47,225 - DRAM Used + Cache + Buffer = 59.75 GB
2026-09-03 05:38:47,225 - DRAM Used = 33.76 GB
2026-09-03 05:38:47,225 - DRAM Swap = 0.0 GB
2026-09-03 05:38:47,225 - 
2026-09-03 05:38:47,431 - VRAM Total = [140.4] GB
2026-09-03 05:38:47,431 - VRAM Used = [7.26] GB
2026-09-03 05:38:47,431 - 
2026-09-03 05:38:47,458 - Get SMARTINFO error, error=Expecting value: line 1 column 1 (char 0)
2026-09-03 05:38:47,458 - 
2026-09-03 05:38:47,458 - ================================================================================
2026-09-03 05:38:48,459 - DRAM Used + Cache + Buffer + Swap = 59.96 GB
2026-09-03 05:38:48,459 - DRAM Used + Cache + Buffer = 59.96 GB
2026-09-03 05:38:48,459 - DRAM Used = 33.96 GB
2026-09-03 05:38:48,459 - DRAM Swap = 0.0 GB
2026-09-03 05:38:48,459 - 
2026-09-03 05:38:48,665 - VRAM Total = [140.4] GB
2026-09-03 05:38:48,665 - VRAM Used = [7.26] GB
2026-09-03 05:38:48,665 - 
2026-09-03 05:38:48,692 - Get SMARTINFO error, error=Expecting value: line 1 column 1 (char 0)
2026-09-03 05:38:48,692 - 
2026-09-03 05:38:48,692 - ================================================================================
2026-09-03 05:38:49,693 - DRAM Used + Cache + Buffer + Swap = 59.91 GB
2026-09-03 05:38:49,694 - DRAM Used + Cache + Buffer = 59.91 GB
2026-09-03 05:38:49,694 - DRAM Used = 33.91 GB
2026-09-03 05:38:49,694 - DRAM Swap = 0.0 GB
2026-09-03 05:38:49,694 - 
2026-09-03 05:38:49,899 - VRAM Total = [140.4] GB
2026-09-03 05:38:49,900 - VRAM Used = [7.26] GB
2026-09-03 05:38:49,900 - 
2026-09-03 05:38:49,925 - Get SMARTINFO error, error=Expecting value: line 1 column 1 (char 0)
2026-09-03 05:38:49,925 - 
2026-09-03 05:38:49,926 - ================================================================================
2026-09-03 05:38:50,927 - DRAM Used + Cache + Buffer + Swap = 59.91 GB
2026-09-03 05:38:50,927 - DRAM Used + Cache + Buffer = 59.91 GB
2026-09-03 05:38:50,927 - DRAM Used = 33.91 GB
2026-09-03 05:38:50,927 - DRAM Swap = 0.0 GB
2026-09-03 05:38:50,927 - 
2026-09-03 05:38:51,133 - VRAM Total = [140.4] GB
2026-09-03 05:38:51,133 - VRAM Used = [7.26] GB
2026-09-03 05:38:51,133 - 
2026-09-03 05:38:51,159 - Get SMARTINFO error, error=Expecting value: line 1 column 1 (char 0)
2026-09-03 05:38:51,159 - 
2026-09-03 05:38:51,159 - ================================================================================
2026-09-03 05:38:52,160 - DRAM Used + Cache + Buffer + Swap = 59.87 GB
2026-09-03 05:38:52,160 - DRAM Used + Cache + Buffer = 59.87 GB
2026-09-03 05:38:52,160 - DRAM Used = 33.87 GB
2026-09-03 05:38:52,160 - DRAM Swap = 0.0 GB
2026-09-03 05:38:52,160 - 
2026-09-03 05:38:52,367 - VRAM Total = [140.4] GB
2026-09-03 05:38:52,367 - VRAM Used = [7.26] GB
2026-09-03 05:38:52,368 - 
2026-09-03 05:38:52,394 - Get SMARTINFO error, error=Expecting value: line 1 column 1 (char 0)
2026-09-03 05:38:52,394 - 
2026-09-03 05:38:52,394 - ================================================================================
2026-09-03 05:38:53,395 - DRAM Used + Cache + Buffer + Swap = 59.83 GB
2026-09-03 05:38:53,396 - DRAM Used + Cache + Buffer = 59.83 GB
2026-09-03 05:38:53,396 - DRAM Used = 33.83 GB
2026-09-03 05:38:53,396 - DRAM Swap = 0.0 GB
2026-09-03 05:38:53,396 - 
2026-09-03 05:38:53,602 - VRAM Total = [140.4] GB
2026-09-03 05:38:53,602 - VRAM Used = [7.26] GB
2026-09-03 05:38:53,602 - 
2026-09-03 05:38:53,628 - Get SMARTINFO error, error=Expecting value: line 1 column 1 (char 0)
2026-09-03 05:38:53,628 - 
2026-09-03 05:38:53,628 - ================================================================================
2026-09-03 05:38:54,629 - DRAM Used + Cache + Buffer + Swap = 59.82 GB
2026-09-03 05:38:54,630 - DRAM Used + Cache + Buffer = 59.82 GB
2026-09-03 05:38:54,630 - DRAM Used = 33.82 GB
2026-09-03 05:38:54,630 - DRAM Swap = 0.0 GB
2026-09-03 05:38:54,630 - 
2026-09-03 05:38:54,835 - VRAM Total = [140.4] GB
2026-09-03 05:38:54,836 - VRAM Used = [7.26] GB
2026-09-03 05:38:54,836 - 
2026-09-03 05:38:54,861 - Get SMARTINFO error, error=Expecting value: line 1 column 1 (char 0)
2026-09-03 05:38:54,862 - 
2026-09-03 05:38:54,862 - ================================================================================
2026-09-03 05:38:55,863 - DRAM Used + Cache + Buffer + Swap = 58.95 GB
2026-09-03 05:38:55,863 - DRAM Used + Cache + Buffer = 58.95 GB
2026-09-03 05:38:55,863 - DRAM Used = 32.95 GB
2026-09-03 05:38:55,863 - DRAM Swap = 0.0 GB
2026-09-03 05:38:55,863 - 
2026-09-03 05:38:56,069 - VRAM Total = [140.4] GB
2026-09-03 05:38:56,069 - VRAM Used = [7.26] GB
2026-09-03 05:38:56,069 - 
2026-09-03 05:38:56,091 - Get SMARTINFO error, error=Expecting value: line 1 column 1 (char 0)
2026-09-03 05:38:56,092 - 
2026-09-03 05:38:56,092 - ================================================================================
2026-09-03 05:38:57,093 - DRAM Used + Cache + Buffer + Swap = 58.9 GB
2026-09-03 05:38:57,093 - DRAM Used + Cache + Buffer = 58.9 GB
2026-09-03 05:38:57,093 - DRAM Used = 32.89 GB
2026-09-03 05:38:57,093 - DRAM Swap = 0.0 GB
2026-09-03 05:38:57,093 - 
2026-09-03 05:38:57,299 - VRAM Total = [140.4] GB
2026-09-03 05:38:57,299 - VRAM Used = [7.11] GB
2026-09-03 05:38:57,299 - 
2026-09-03 05:38:57,322 - Get SMARTINFO error, error=Expecting value: line 1 column 1 (char 0)
2026-09-03 05:38:57,322 - 
2026-09-03 05:38:57,322 - ================================================================================
2026-09-03 05:38:58,323 - DRAM Used + Cache + Buffer + Swap = 58.85 GB
2026-09-03 05:38:58,323 - DRAM Used + Cache + Buffer = 58.85 GB
2026-09-03 05:38:58,323 - DRAM Used = 32.84 GB
2026-09-03 05:38:58,323 - DRAM Swap = 0.0 GB
2026-09-03 05:38:58,323 - 
2026-09-03 05:38:58,529 - VRAM Total = [140.4] GB
2026-09-03 05:38:58,529 - VRAM Used = [7.18] GB
2026-09-03 05:38:58,529 - 
2026-09-03 05:38:58,552 - Get SMARTINFO error, error=Expecting value: line 1 column 1 (char 0)
2026-09-03 05:38:58,553 - 
2026-09-03 05:38:58,553 - ================================================================================
2026-09-03 05:38:59,554 - DRAM Used + Cache + Buffer + Swap = 58.81 GB
2026-09-03 05:38:59,554 - DRAM Used + Cache + Buffer = 58.81 GB
2026-09-03 05:38:59,554 - DRAM Used = 32.79 GB
2026-09-03 05:38:59,554 - DRAM Swap = 0.0 GB
2026-09-03 05:38:59,554 - 
2026-09-03 05:38:59,759 - VRAM Total = [140.4] GB
2026-09-03 05:38:59,760 - VRAM Used = [7.18] GB
2026-09-03 05:38:59,760 - 
2026-09-03 05:38:59,783 - Get SMARTINFO error, error=Expecting value: line 1 column 1 (char 0)
2026-09-03 05:38:59,783 - 
2026-09-03 05:38:59,784 - ================================================================================
2026-09-03 05:39:00,785 - DRAM Used + Cache + Buffer + Swap = 58.78 GB
2026-09-03 05:39:00,785 - DRAM Used + Cache + Buffer = 58.78 GB
2026-09-03 05:39:00,785 - DRAM Used = 32.77 GB
2026-09-03 05:39:00,785 - DRAM Swap = 0.0 GB
2026-09-03 05:39:00,785 - 
2026-09-03 05:39:00,991 - VRAM Total = [140.4] GB
2026-09-03 05:39:00,991 - VRAM Used = [7.18] GB
2026-09-03 05:39:00,991 - 
2026-09-03 05:39:01,017 - Get SMARTINFO error, error=Expecting value: line 1 column 1 (char 0)
2026-09-03 05:39:01,017 - 
2026-09-03 05:39:01,017 - ================================================================================
2026-09-03 05:39:02,018 - DRAM Used + Cache + Buffer + Swap = 58.72 GB
2026-09-03 05:39:02,019 - DRAM Used + Cache + Buffer = 58.72 GB
2026-09-03 05:39:02,019 - DRAM Used = 32.71 GB
2026-09-03 05:39:02,019 - DRAM Swap = 0.0 GB
2026-09-03 05:39:02,019 - 
2026-09-03 05:39:02,226 - VRAM Total = [140.4] GB
2026-09-03 05:39:02,226 - VRAM Used = [7.18] GB
2026-09-03 05:39:02,226 - 
2026-09-03 05:39:02,250 - Get SMARTINFO error, error=Expecting value: line 1 column 1 (char 0)
2026-09-03 05:39:02,250 - 
2026-09-03 05:39:02,250 - ================================================================================
2026-09-03 05:39:03,251 - DRAM Used + Cache + Buffer + Swap = 58.68 GB
2026-09-03 05:39:03,251 - DRAM Used + Cache + Buffer = 58.68 GB
2026-09-03 05:39:03,251 - DRAM Used = 32.66 GB
2026-09-03 05:39:03,252 - DRAM Swap = 0.0 GB
2026-09-03 05:39:03,252 - 
2026-09-03 05:39:03,458 - VRAM Total = [140.4] GB
2026-09-03 05:39:03,459 - VRAM Used = [10.93] GB
2026-09-03 05:39:03,459 - 
2026-09-03 05:39:03,482 - Get SMARTINFO error, error=Expecting value: line 1 column 1 (char 0)
2026-09-03 05:39:03,483 - 
2026-09-03 05:39:03,483 - ================================================================================
2026-09-03 05:39:04,484 - DRAM Used + Cache + Buffer + Swap = 58.67 GB
2026-09-03 05:39:04,484 - DRAM Used + Cache + Buffer = 58.67 GB
2026-09-03 05:39:04,484 - DRAM Used = 32.65 GB
2026-09-03 05:39:04,484 - DRAM Swap = 0.0 GB
2026-09-03 05:39:04,484 - 
2026-09-03 05:39:04,690 - VRAM Total = [140.4] GB
2026-09-03 05:39:04,690 - VRAM Used = [7.12] GB
2026-09-03 05:39:04,690 - 
2026-09-03 05:39:04,712 - Get SMARTINFO error, error=Expecting value: line 1 column 1 (char 0)
2026-09-03 05:39:04,712 - 
2026-09-03 05:39:04,712 - ================================================================================
2026-09-03 05:39:05,713 - DRAM Used + Cache + Buffer + Swap = 58.63 GB
2026-09-03 05:39:05,713 - DRAM Used + Cache + Buffer = 58.63 GB
2026-09-03 05:39:05,714 - DRAM Used = 32.62 GB
2026-09-03 05:39:05,714 - DRAM Swap = 0.0 GB
2026-09-03 05:39:05,714 - 
2026-09-03 05:39:05,919 - VRAM Total = [140.4] GB
2026-09-03 05:39:05,919 - VRAM Used = [7.12] GB
2026-09-03 05:39:05,919 - 
2026-09-03 05:39:05,945 - Get SMARTINFO error, error=Expecting value: line 1 column 1 (char 0)
2026-09-03 05:39:05,946 - 
2026-09-03 05:39:05,946 - ================================================================================
2026-09-03 05:39:06,947 - DRAM Used + Cache + Buffer + Swap = 58.61 GB
2026-09-03 05:39:06,947 - DRAM Used + Cache + Buffer = 58.61 GB
2026-09-03 05:39:06,947 - DRAM Used = 32.59 GB
2026-09-03 05:39:06,947 - DRAM Swap = 0.0 GB
2026-09-03 05:39:06,947 - 
2026-09-03 05:39:07,152 - VRAM Total = [140.4] GB
2026-09-03 05:39:07,153 - VRAM Used = [8.99] GB
2026-09-03 05:39:07,153 - 
2026-09-03 05:39:07,176 - Get SMARTINFO error, error=Expecting value: line 1 column 1 (char 0)
2026-09-03 05:39:07,176 - 
2026-09-03 05:39:07,176 - ================================================================================
2026-09-03 05:39:08,177 - DRAM Used + Cache + Buffer + Swap = 58.56 GB
2026-09-03 05:39:08,178 - DRAM Used + Cache + Buffer = 58.56 GB
2026-09-03 05:39:08,178 - DRAM Used = 32.55 GB
2026-09-03 05:39:08,178 - DRAM Swap = 0.0 GB
2026-09-03 05:39:08,178 - 
2026-09-03 05:39:08,384 - VRAM Total = [140.4] GB
2026-09-03 05:39:08,384 - VRAM Used = [9.0] GB
2026-09-03 05:39:08,384 - 
2026-09-03 05:39:08,407 - Get SMARTINFO error, error=Expecting value: line 1 column 1 (char 0)
2026-09-03 05:39:08,407 - 
2026-09-03 05:39:08,407 - ================================================================================
2026-09-03 05:39:09,408 - DRAM Used + Cache + Buffer + Swap = 58.54 GB
2026-09-03 05:39:09,408 - DRAM Used + Cache + Buffer = 58.54 GB
2026-09-03 05:39:09,409 - DRAM Used = 32.53 GB
2026-09-03 05:39:09,409 - DRAM Swap = 0.0 GB
2026-09-03 05:39:09,409 - 
2026-09-03 05:39:09,614 - VRAM Total = [140.4] GB
2026-09-03 05:39:09,615 - VRAM Used = [9.0] GB
2026-09-03 05:39:09,615 - 
2026-09-03 05:39:09,637 - Get SMARTINFO error, error=Expecting value: line 1 column 1 (char 0)
2026-09-03 05:39:09,637 - 
2026-09-03 05:39:09,638 - ================================================================================
2026-09-03 05:39:10,638 - DRAM Used + Cache + Buffer + Swap = 58.5 GB
2026-09-03 05:39:10,639 - DRAM Used + Cache + Buffer = 58.5 GB
2026-09-03 05:39:10,639 - DRAM Used = 32.49 GB
2026-09-03 05:39:10,639 - DRAM Swap = 0.0 GB
2026-09-03 05:39:10,639 - 
2026-09-03 05:39:10,844 - VRAM Total = [140.4] GB
2026-09-03 05:39:10,844 - VRAM Used = [9.0] GB
2026-09-03 05:39:10,844 - 
2026-09-03 05:39:10,867 - Get SMARTINFO error, error=Expecting value: line 1 column 1 (char 0)
2026-09-03 05:39:10,867 - 
2026-09-03 05:39:10,868 - ================================================================================
2026-09-03 05:39:11,868 - DRAM Used + Cache + Buffer + Swap = 58.46 GB
2026-09-03 05:39:11,869 - DRAM Used + Cache + Buffer = 58.46 GB
2026-09-03 05:39:11,869 - DRAM Used = 32.45 GB
2026-09-03 05:39:11,869 - DRAM Swap = 0.0 GB
2026-09-03 05:39:11,869 - 
2026-09-03 05:39:12,074 - VRAM Total = [140.4] GB
2026-09-03 05:39:12,074 - VRAM Used = [9.0] GB
2026-09-03 05:39:12,074 - 
2026-09-03 05:39:12,100 - Get SMARTINFO error, error=Expecting value: line 1 column 1 (char 0)
2026-09-03 05:39:12,100 - 
2026-09-03 05:39:12,100 - ================================================================================
2026-09-03 05:39:13,101 - DRAM Used + Cache + Buffer + Swap = 58.43 GB
2026-09-03 05:39:13,101 - DRAM Used + Cache + Buffer = 58.43 GB
2026-09-03 05:39:13,101 - DRAM Used = 32.42 GB
2026-09-03 05:39:13,102 - DRAM Swap = 0.0 GB
2026-09-03 05:39:13,102 - 
2026-09-03 05:39:13,308 - VRAM Total = [140.4] GB
2026-09-03 05:39:13,308 - VRAM Used = [9.0] GB
2026-09-03 05:39:13,308 - 
2026-09-03 05:39:13,330 - Get SMARTINFO error, error=Expecting value: line 1 column 1 (char 0)
2026-09-03 05:39:13,330 - 
2026-09-03 05:39:13,330 - ================================================================================
2026-09-03 05:39:14,331 - DRAM Used + Cache + Buffer + Swap = 58.4 GB
2026-09-03 05:39:14,331 - DRAM Used + Cache + Buffer = 58.4 GB
2026-09-03 05:39:14,331 - DRAM Used = 32.39 GB
2026-09-03 05:39:14,331 - DRAM Swap = 0.0 GB
2026-09-03 05:39:14,331 - 
2026-09-03 05:39:14,537 - VRAM Total = [140.4] GB
2026-09-03 05:39:14,537 - VRAM Used = [9.0] GB
2026-09-03 05:39:14,537 - 
2026-09-03 05:39:14,563 - Get SMARTINFO error, error=Expecting value: line 1 column 1 (char 0)
2026-09-03 05:39:14,564 - 
2026-09-03 05:39:14,564 - ================================================================================
2026-09-03 05:39:15,565 - DRAM Used + Cache + Buffer + Swap = 58.38 GB
2026-09-03 05:39:15,565 - DRAM Used + Cache + Buffer = 58.38 GB
2026-09-03 05:39:15,565 - DRAM Used = 32.36 GB
2026-09-03 05:39:15,565 - DRAM Swap = 0.0 GB
2026-09-03 05:39:15,565 - 
2026-09-03 05:39:15,771 - VRAM Total = [140.4] GB
2026-09-03 05:39:15,772 - VRAM Used = [7.12] GB
2026-09-03 05:39:15,772 - 
2026-09-03 05:39:15,796 - Get SMARTINFO error, error=Expecting value: line 1 column 1 (char 0)
2026-09-03 05:39:15,796 - 
2026-09-03 05:39:15,796 - ================================================================================
2026-09-03 05:39:16,797 - DRAM Used + Cache + Buffer + Swap = 58.35 GB
2026-09-03 05:39:16,797 - DRAM Used + Cache + Buffer = 58.35 GB
2026-09-03 05:39:16,797 - DRAM Used = 32.33 GB
2026-09-03 05:39:16,797 - DRAM Swap = 0.0 GB
2026-09-03 05:39:16,797 - 
2026-09-03 05:39:17,003 - VRAM Total = [140.4] GB
2026-09-03 05:39:17,003 - VRAM Used = [7.12] GB
2026-09-03 05:39:17,003 - 
2026-09-03 05:39:17,027 - Get SMARTINFO error, error=Expecting value: line 1 column 1 (char 0)
2026-09-03 05:39:17,027 - 
2026-09-03 05:39:17,027 - ================================================================================
2026-09-03 05:39:18,028 - DRAM Used + Cache + Buffer + Swap = 58.29 GB
2026-09-03 05:39:18,028 - DRAM Used + Cache + Buffer = 58.29 GB
2026-09-03 05:39:18,028 - DRAM Used = 32.28 GB
2026-09-03 05:39:18,028 - DRAM Swap = 0.0 GB
2026-09-03 05:39:18,029 - 
2026-09-03 05:39:18,234 - VRAM Total = [140.4] GB
2026-09-03 05:39:18,234 - VRAM Used = [8.99] GB
2026-09-03 05:39:18,235 - 
2026-09-03 05:39:18,259 - Get SMARTINFO error, error=Expecting value: line 1 column 1 (char 0)
2026-09-03 05:39:18,260 - 
2026-09-03 05:39:18,260 - ================================================================================
2026-09-03 05:39:19,261 - DRAM Used + Cache + Buffer + Swap = 58.27 GB
2026-09-03 05:39:19,261 - DRAM Used + Cache + Buffer = 58.27 GB
2026-09-03 05:39:19,261 - DRAM Used = 32.26 GB
2026-09-03 05:39:19,261 - DRAM Swap = 0.0 GB
2026-09-03 05:39:19,261 - 
2026-09-03 05:39:19,467 - VRAM Total = [140.4] GB
2026-09-03 05:39:19,467 - VRAM Used = [9.0] GB
2026-09-03 05:39:19,467 - 
2026-09-03 05:39:19,493 - Get SMARTINFO error, error=Expecting value: line 1 column 1 (char 0)
2026-09-03 05:39:19,493 - 
2026-09-03 05:39:19,493 - ================================================================================
2026-09-03 05:39:20,494 - DRAM Used + Cache + Buffer + Swap = 58.25 GB
2026-09-03 05:39:20,495 - DRAM Used + Cache + Buffer = 58.25 GB
2026-09-03 05:39:20,495 - DRAM Used = 32.24 GB
2026-09-03 05:39:20,495 - DRAM Swap = 0.0 GB
2026-09-03 05:39:20,495 - 
2026-09-03 05:39:20,701 - VRAM Total = [140.4] GB
2026-09-03 05:39:20,701 - VRAM Used = [9.0] GB
2026-09-03 05:39:20,701 - 
2026-09-03 05:39:20,727 - Get SMARTINFO error, error=Expecting value: line 1 column 1 (char 0)
2026-09-03 05:39:20,727 - 
2026-09-03 05:39:20,727 - ================================================================================
2026-09-03 05:39:21,728 - DRAM Used + Cache + Buffer + Swap = 58.23 GB
2026-09-03 05:39:21,728 - DRAM Used + Cache + Buffer = 58.23 GB
2026-09-03 05:39:21,728 - DRAM Used = 32.21 GB
2026-09-03 05:39:21,728 - DRAM Swap = 0.0 GB
2026-09-03 05:39:21,728 - 
2026-09-03 05:39:21,934 - VRAM Total = [140.4] GB
2026-09-03 05:39:21,934 - VRAM Used = [9.0] GB
2026-09-03 05:39:21,934 - 
2026-09-03 05:39:21,961 - Get SMARTINFO error, error=Expecting value: line 1 column 1 (char 0)
2026-09-03 05:39:21,961 - 
2026-09-03 05:39:21,961 - ================================================================================
2026-09-03 05:39:22,962 - DRAM Used + Cache + Buffer + Swap = 58.2 GB
2026-09-03 05:39:22,962 - DRAM Used + Cache + Buffer = 58.2 GB
2026-09-03 05:39:22,962 - DRAM Used = 32.19 GB
2026-09-03 05:39:22,962 - DRAM Swap = 0.0 GB
2026-09-03 05:39:22,962 - 
2026-09-03 05:39:23,168 - VRAM Total = [140.4] GB
2026-09-03 05:39:23,168 - VRAM Used = [9.0] GB
2026-09-03 05:39:23,168 - 
2026-09-03 05:39:23,191 - Get SMARTINFO error, error=Expecting value: line 1 column 1 (char 0)
2026-09-03 05:39:23,191 - 
2026-09-03 05:39:23,191 - ================================================================================
2026-09-03 05:39:24,192 - DRAM Used + Cache + Buffer + Swap = 58.16 GB
2026-09-03 05:39:24,193 - DRAM Used + Cache + Buffer = 58.16 GB
2026-09-03 05:39:24,193 - DRAM Used = 32.15 GB
2026-09-03 05:39:24,193 - DRAM Swap = 0.0 GB
2026-09-03 05:39:24,193 - 
2026-09-03 05:39:24,398 - VRAM Total = [140.4] GB
2026-09-03 05:39:24,398 - VRAM Used = [9.0] GB
2026-09-03 05:39:24,399 - 
2026-09-03 05:39:24,423 - Get SMARTINFO error, error=Expecting value: line 1 column 1 (char 0)
2026-09-03 05:39:24,423 - 
2026-09-03 05:39:24,423 - ================================================================================
2026-09-03 05:39:25,424 - DRAM Used + Cache + Buffer + Swap = 58.16 GB
2026-09-03 05:39:25,424 - DRAM Used + Cache + Buffer = 58.16 GB
2026-09-03 05:39:25,424 - DRAM Used = 32.15 GB
2026-09-03 05:39:25,424 - DRAM Swap = 0.0 GB
2026-09-03 05:39:25,424 - 
2026-09-03 05:39:25,631 - VRAM Total = [140.4] GB
2026-09-03 05:39:25,631 - VRAM Used = [9.0] GB
2026-09-03 05:39:25,631 - 
2026-09-03 05:39:25,653 - Get SMARTINFO error, error=Expecting value: line 1 column 1 (char 0)
2026-09-03 05:39:25,654 - 
2026-09-03 05:39:25,654 - ================================================================================
2026-09-03 05:39:26,655 - DRAM Used + Cache + Buffer + Swap = 58.13 GB
2026-09-03 05:39:26,655 - DRAM Used + Cache + Buffer = 58.13 GB
2026-09-03 05:39:26,655 - DRAM Used = 32.12 GB
2026-09-03 05:39:26,655 - DRAM Swap = 0.0 GB
2026-09-03 05:39:26,655 - 
2026-09-03 05:39:26,861 - VRAM Total = [140.4] GB
2026-09-03 05:39:26,862 - VRAM Used = [7.12] GB
2026-09-03 05:39:26,862 - 
2026-09-03 05:39:26,885 - Get SMARTINFO error, error=Expecting value: line 1 column 1 (char 0)
2026-09-03 05:39:26,886 - 
2026-09-03 05:39:26,886 - ================================================================================
2026-09-03 05:39:27,887 - DRAM Used + Cache + Buffer + Swap = 58.11 GB
2026-09-03 05:39:27,887 - DRAM Used + Cache + Buffer = 58.11 GB
2026-09-03 05:39:27,887 - DRAM Used = 32.1 GB
2026-09-03 05:39:27,887 - DRAM Swap = 0.0 GB
2026-09-03 05:39:27,887 - 
2026-09-03 05:39:28,093 - VRAM Total = [140.4] GB
2026-09-03 05:39:28,093 - VRAM Used = [7.12] GB
2026-09-03 05:39:28,094 - 
2026-09-03 05:39:28,118 - Get SMARTINFO error, error=Expecting value: line 1 column 1 (char 0)
2026-09-03 05:39:28,118 - 
2026-09-03 05:39:28,118 - ================================================================================
2026-09-03 05:39:29,119 - DRAM Used + Cache + Buffer + Swap = 58.08 GB
2026-09-03 05:39:29,119 - DRAM Used + Cache + Buffer = 58.08 GB
2026-09-03 05:39:29,119 - DRAM Used = 32.06 GB
2026-09-03 05:39:29,119 - DRAM Swap = 0.0 GB
2026-09-03 05:39:29,119 - 
2026-09-03 05:39:29,326 - VRAM Total = [140.4] GB
2026-09-03 05:39:29,326 - VRAM Used = [8.99] GB
2026-09-03 05:39:29,326 - 
2026-09-03 05:39:29,349 - Get SMARTINFO error, error=Expecting value: line 1 column 1 (char 0)
2026-09-03 05:39:29,349 - 
2026-09-03 05:39:29,349 - ================================================================================
2026-09-03 05:39:30,350 - DRAM Used + Cache + Buffer + Swap = 58.05 GB
2026-09-03 05:39:30,350 - DRAM Used + Cache + Buffer = 58.05 GB
2026-09-03 05:39:30,350 - DRAM Used = 32.04 GB
2026-09-03 05:39:30,350 - DRAM Swap = 0.0 GB
2026-09-03 05:39:30,350 - 
2026-09-03 05:39:30,558 - VRAM Total = [140.4] GB
2026-09-03 05:39:30,558 - VRAM Used = [9.0] GB
2026-09-03 05:39:30,558 - 
2026-09-03 05:39:30,581 - Get SMARTINFO error, error=Expecting value: line 1 column 1 (char 0)
2026-09-03 05:39:30,582 - 
2026-09-03 05:39:30,582 - ================================================================================
2026-09-03 05:39:31,583 - DRAM Used + Cache + Buffer + Swap = 58.01 GB
2026-09-03 05:39:31,583 - DRAM Used + Cache + Buffer = 58.01 GB
2026-09-03 05:39:31,583 - DRAM Used = 32.0 GB
2026-09-03 05:39:31,583 - DRAM Swap = 0.0 GB
2026-09-03 05:39:31,583 - 
2026-09-03 05:39:31,790 - VRAM Total = [140.4] GB
2026-09-03 05:39:31,790 - VRAM Used = [9.0] GB
2026-09-03 05:39:31,790 - 
2026-09-03 05:39:31,814 - Get SMARTINFO error, error=Expecting value: line 1 column 1 (char 0)
2026-09-03 05:39:31,814 - 
2026-09-03 05:39:31,814 - ================================================================================
2026-09-03 05:39:32,815 - DRAM Used + Cache + Buffer + Swap = 57.98 GB
2026-09-03 05:39:32,815 - DRAM Used + Cache + Buffer = 57.98 GB
2026-09-03 05:39:32,815 - DRAM Used = 31.96 GB
2026-09-03 05:39:32,815 - DRAM Swap = 0.0 GB
2026-09-03 05:39:32,815 - 
2026-09-03 05:39:33,021 - VRAM Total = [140.4] GB
2026-09-03 05:39:33,021 - VRAM Used = [9.0] GB
2026-09-03 05:39:33,021 - 
2026-09-03 05:39:33,045 - Get SMARTINFO error, error=Expecting value: line 1 column 1 (char 0)
2026-09-03 05:39:33,046 - 
2026-09-03 05:39:33,046 - ================================================================================
2026-09-03 05:39:34,047 - DRAM Used + Cache + Buffer + Swap = 57.98 GB
2026-09-03 05:39:34,047 - DRAM Used + Cache + Buffer = 57.98 GB
2026-09-03 05:39:34,047 - DRAM Used = 31.96 GB
2026-09-03 05:39:34,047 - DRAM Swap = 0.0 GB
2026-09-03 05:39:34,047 - 
2026-09-03 05:39:34,253 - VRAM Total = [140.4] GB
2026-09-03 05:39:34,253 - VRAM Used = [9.0] GB
2026-09-03 05:39:34,253 - 
2026-09-03 05:39:34,276 - Get SMARTINFO error, error=Expecting value: line 1 column 1 (char 0)
2026-09-03 05:39:34,277 - 
2026-09-03 05:39:34,277 - ================================================================================
2026-09-03 05:39:35,278 - DRAM Used + Cache + Buffer + Swap = 57.94 GB
2026-09-03 05:39:35,278 - DRAM Used + Cache + Buffer = 57.94 GB
2026-09-03 05:39:35,278 - DRAM Used = 31.93 GB
2026-09-03 05:39:35,278 - DRAM Swap = 0.0 GB
2026-09-03 05:39:35,278 - 
2026-09-03 05:39:35,485 - VRAM Total = [140.4] GB
2026-09-03 05:39:35,485 - VRAM Used = [9.0] GB
2026-09-03 05:39:35,485 - 
2026-09-03 05:39:35,509 - Get SMARTINFO error, error=Expecting value: line 1 column 1 (char 0)
2026-09-03 05:39:35,509 - 
2026-09-03 05:39:35,509 - ================================================================================
2026-09-03 05:39:36,510 - DRAM Used + Cache + Buffer + Swap = 57.92 GB
2026-09-03 05:39:36,510 - DRAM Used + Cache + Buffer = 57.92 GB
2026-09-03 05:39:36,510 - DRAM Used = 31.9 GB
2026-09-03 05:39:36,510 - DRAM Swap = 0.0 GB
2026-09-03 05:39:36,510 - 
2026-09-03 05:39:36,716 - VRAM Total = [140.4] GB
2026-09-03 05:39:36,716 - VRAM Used = [9.0] GB
2026-09-03 05:39:36,716 - 
2026-09-03 05:39:36,737 - Get SMARTINFO error, error=Expecting value: line 1 column 1 (char 0)
2026-09-03 05:39:36,737 - 
2026-09-03 05:39:36,737 - ================================================================================
2026-09-03 05:39:37,738 - DRAM Used + Cache + Buffer + Swap = 58.7 GB
2026-09-03 05:39:37,739 - DRAM Used + Cache + Buffer = 58.7 GB
2026-09-03 05:39:37,739 - DRAM Used = 32.69 GB
2026-09-03 05:39:37,739 - DRAM Swap = 0.0 GB
2026-09-03 05:39:37,739 - 
2026-09-03 05:39:37,946 - VRAM Total = [140.4] GB
2026-09-03 05:39:37,946 - VRAM Used = [12.75] GB
2026-09-03 05:39:37,946 - 
2026-09-03 05:39:37,969 - Get SMARTINFO error, error=Expecting value: line 1 column 1 (char 0)
2026-09-03 05:39:37,969 - 
2026-09-03 05:39:37,969 - ================================================================================
2026-09-03 05:39:38,971 - DRAM Used + Cache + Buffer + Swap = 61.48 GB
2026-09-03 05:39:38,971 - DRAM Used + Cache + Buffer = 61.48 GB
2026-09-03 05:39:38,971 - DRAM Used = 35.46 GB
2026-09-03 05:39:38,971 - DRAM Swap = 0.0 GB
2026-09-03 05:39:38,971 - 
2026-09-03 05:39:39,177 - VRAM Total = [140.4] GB
2026-09-03 05:39:39,177 - VRAM Used = [12.75] GB
2026-09-03 05:39:39,177 - 
2026-09-03 05:39:39,203 - Get SMARTINFO error, error=Expecting value: line 1 column 1 (char 0)
2026-09-03 05:39:39,203 - 
2026-09-03 05:39:39,203 - ================================================================================
2026-09-03 05:39:40,204 - DRAM Used + Cache + Buffer + Swap = 61.46 GB
2026-09-03 05:39:40,204 - DRAM Used + Cache + Buffer = 61.46 GB
2026-09-03 05:39:40,204 - DRAM Used = 35.45 GB
2026-09-03 05:39:40,205 - DRAM Swap = 0.0 GB
2026-09-03 05:39:40,205 - 
2026-09-03 05:39:40,411 - VRAM Total = [140.4] GB
2026-09-03 05:39:40,411 - VRAM Used = [12.75] GB
2026-09-03 05:39:40,411 - 
2026-09-03 05:39:40,434 - Get SMARTINFO error, error=Expecting value: line 1 column 1 (char 0)
2026-09-03 05:39:40,434 - 
2026-09-03 05:39:40,434 - ================================================================================
2026-09-03 05:39:41,435 - DRAM Used + Cache + Buffer + Swap = 61.41 GB
2026-09-03 05:39:41,436 - DRAM Used + Cache + Buffer = 61.41 GB
2026-09-03 05:39:41,436 - DRAM Used = 35.4 GB
2026-09-03 05:39:41,436 - DRAM Swap = 0.0 GB
2026-09-03 05:39:41,436 - 
2026-09-03 05:39:41,645 - VRAM Total = [140.4] GB
2026-09-03 05:39:41,650 - VRAM Used = [12.75] GB
2026-09-03 05:39:41,650 - 
2026-09-03 05:39:41,668 - Get SMARTINFO error, error=Expecting value: line 1 column 1 (char 0)
2026-09-03 05:39:41,669 - 
2026-09-03 05:39:41,669 - ================================================================================
2026-09-03 05:39:42,670 - DRAM Used + Cache + Buffer + Swap = 61.36 GB
2026-09-03 05:39:42,670 - DRAM Used + Cache + Buffer = 61.36 GB
2026-09-03 05:39:42,671 - DRAM Used = 35.34 GB
2026-09-03 05:39:42,671 - DRAM Swap = 0.0 GB
2026-09-03 05:39:42,671 - 
2026-09-03 05:39:42,877 - VRAM Total = [140.4] GB
2026-09-03 05:39:42,878 - VRAM Used = [12.75] GB
2026-09-03 05:39:42,878 - 
2026-09-03 05:39:42,901 - Get SMARTINFO error, error=Expecting value: line 1 column 1 (char 0)
2026-09-03 05:39:42,902 - 
2026-09-03 05:39:42,902 - ================================================================================
2026-09-03 05:39:43,903 - DRAM Used + Cache + Buffer + Swap = 61.26 GB
2026-09-03 05:39:43,903 - DRAM Used + Cache + Buffer = 61.26 GB
2026-09-03 05:39:43,903 - DRAM Used = 35.25 GB
2026-09-03 05:39:43,903 - DRAM Swap = 0.0 GB
2026-09-03 05:39:43,903 - 
2026-09-03 05:39:44,110 - VRAM Total = [140.4] GB
2026-09-03 05:39:44,110 - VRAM Used = [12.75] GB
2026-09-03 05:39:44,110 - 
2026-09-03 05:39:44,138 - Get SMARTINFO error, error=Expecting value: line 1 column 1 (char 0)
2026-09-03 05:39:44,139 - 
2026-09-03 05:39:44,139 - ================================================================================
2026-09-03 05:39:45,140 - DRAM Used + Cache + Buffer + Swap = 61.19 GB
2026-09-03 05:39:45,141 - DRAM Used + Cache + Buffer = 61.19 GB
2026-09-03 05:39:45,141 - DRAM Used = 35.18 GB
2026-09-03 05:39:45,141 - DRAM Swap = 0.0 GB
2026-09-03 05:39:45,141 - 
2026-09-03 05:39:45,348 - VRAM Total = [140.4] GB
2026-09-03 05:39:45,349 - VRAM Used = [12.75] GB
2026-09-03 05:39:45,349 - 
2026-09-03 05:39:45,372 - Get SMARTINFO error, error=Expecting value: line 1 column 1 (char 0)
2026-09-03 05:39:45,373 - 
2026-09-03 05:39:45,373 - ================================================================================
2026-09-03 05:39:46,374 - DRAM Used + Cache + Buffer + Swap = 61.14 GB
2026-09-03 05:39:46,374 - DRAM Used + Cache + Buffer = 61.14 GB
2026-09-03 05:39:46,374 - DRAM Used = 35.12 GB
2026-09-03 05:39:46,374 - DRAM Swap = 0.0 GB
2026-09-03 05:39:46,375 - 
2026-09-03 05:39:46,582 - VRAM Total = [140.4] GB
2026-09-03 05:39:46,582 - VRAM Used = [12.75] GB
2026-09-03 05:39:46,582 - 
2026-09-03 05:39:46,607 - Get SMARTINFO error, error=Expecting value: line 1 column 1 (char 0)
2026-09-03 05:39:46,607 - 
2026-09-03 05:39:46,607 - ================================================================================
2026-09-03 05:39:47,609 - DRAM Used + Cache + Buffer + Swap = 61.09 GB
2026-09-03 05:39:47,609 - DRAM Used + Cache + Buffer = 61.09 GB
2026-09-03 05:39:47,609 - DRAM Used = 35.07 GB
2026-09-03 05:39:47,609 - DRAM Swap = 0.0 GB
2026-09-03 05:39:47,609 - 
2026-09-03 05:39:47,819 - VRAM Total = [140.4] GB
2026-09-03 05:39:47,819 - VRAM Used = [12.75] GB
2026-09-03 05:39:47,819 - 
2026-09-03 05:39:47,833 - Get SMARTINFO error, error=Expecting value: line 1 column 1 (char 0)
2026-09-03 05:39:47,834 - 
2026-09-03 05:39:47,834 - ================================================================================
2026-09-03 05:39:48,835 - DRAM Used + Cache + Buffer + Swap = 61.03 GB
2026-09-03 05:39:48,835 - DRAM Used + Cache + Buffer = 61.03 GB
2026-09-03 05:39:48,835 - DRAM Used = 35.02 GB
2026-09-03 05:39:48,835 - DRAM Swap = 0.0 GB
2026-09-03 05:39:48,835 - 
2026-09-03 05:39:49,042 - VRAM Total = [140.4] GB
2026-09-03 05:39:49,043 - VRAM Used = [12.75] GB
2026-09-03 05:39:49,043 - 
2026-09-03 05:39:49,064 - Get SMARTINFO error, error=Expecting value: line 1 column 1 (char 0)
2026-09-03 05:39:49,064 - 
2026-09-03 05:39:49,064 - ================================================================================
2026-09-03 05:39:50,072 - DRAM Used + Cache + Buffer + Swap = 60.95 GB
2026-09-03 05:39:50,073 - DRAM Used + Cache + Buffer = 60.95 GB
2026-09-03 05:39:50,073 - DRAM Used = 34.93 GB
2026-09-03 05:39:50,073 - DRAM Swap = 0.0 GB
2026-09-03 05:39:50,073 - 
2026-09-03 05:39:50,279 - VRAM Total = [140.4] GB
2026-09-03 05:39:50,279 - VRAM Used = [12.75] GB
2026-09-03 05:39:50,280 - 
2026-09-03 05:39:50,304 - Get SMARTINFO error, error=Expecting value: line 1 column 1 (char 0)
2026-09-03 05:39:50,305 - 
2026-09-03 05:39:50,305 - ================================================================================
2026-09-03 05:39:51,306 - DRAM Used + Cache + Buffer + Swap = 60.9 GB
2026-09-03 05:39:51,306 - DRAM Used + Cache + Buffer = 60.9 GB
2026-09-03 05:39:51,306 - DRAM Used = 34.89 GB
2026-09-03 05:39:51,306 - DRAM Swap = 0.0 GB
2026-09-03 05:39:51,306 - 
2026-09-03 05:39:51,514 - VRAM Total = [140.4] GB
2026-09-03 05:39:51,514 - VRAM Used = [12.75] GB
2026-09-03 05:39:51,514 - 
2026-09-03 05:39:51,542 - Get SMARTINFO error, error=Expecting value: line 1 column 1 (char 0)
2026-09-03 05:39:51,542 - 
2026-09-03 05:39:51,543 - ================================================================================
2026-09-03 05:39:52,543 - DRAM Used + Cache + Buffer + Swap = 60.86 GB
2026-09-03 05:39:52,544 - DRAM Used + Cache + Buffer = 60.86 GB
2026-09-03 05:39:52,544 - DRAM Used = 34.85 GB
2026-09-03 05:39:52,544 - DRAM Swap = 0.0 GB
2026-09-03 05:39:52,544 - 
2026-09-03 05:39:52,749 - VRAM Total = [140.4] GB
2026-09-03 05:39:52,750 - VRAM Used = [12.75] GB
2026-09-03 05:39:52,750 - 
2026-09-03 05:39:52,775 - Get SMARTINFO error, error=Expecting value: line 1 column 1 (char 0)
2026-09-03 05:39:52,775 - 
2026-09-03 05:39:52,776 - ================================================================================
2026-09-03 05:39:53,782 - DRAM Used + Cache + Buffer + Swap = 60.82 GB
2026-09-03 05:39:53,782 - DRAM Used + Cache + Buffer = 60.82 GB
2026-09-03 05:39:53,783 - DRAM Used = 34.8 GB
2026-09-03 05:39:53,783 - DRAM Swap = 0.0 GB
2026-09-03 05:39:53,783 - 
2026-09-03 05:39:53,992 - VRAM Total = [140.4] GB
2026-09-03 05:39:53,992 - VRAM Used = [12.75] GB
2026-09-03 05:39:53,992 - 
2026-09-03 05:39:54,019 - Get SMARTINFO error, error=Expecting value: line 1 column 1 (char 0)
2026-09-03 05:39:54,019 - 
2026-09-03 05:39:54,020 - ================================================================================
2026-09-03 05:39:55,021 - DRAM Used + Cache + Buffer + Swap = 60.75 GB
2026-09-03 05:39:55,021 - DRAM Used + Cache + Buffer = 60.75 GB
2026-09-03 05:39:55,021 - DRAM Used = 34.73 GB
2026-09-03 05:39:55,021 - DRAM Swap = 0.0 GB
2026-09-03 05:39:55,021 - 
2026-09-03 05:39:55,227 - VRAM Total = [140.4] GB
2026-09-03 05:39:55,227 - VRAM Used = [12.75] GB
2026-09-03 05:39:55,227 - 
2026-09-03 05:39:55,249 - Get SMARTINFO error, error=Expecting value: line 1 column 1 (char 0)
2026-09-03 05:39:55,249 - 
2026-09-03 05:39:55,249 - ================================================================================
2026-09-03 05:39:56,250 - DRAM Used + Cache + Buffer + Swap = 60.71 GB
2026-09-03 05:39:56,250 - DRAM Used + Cache + Buffer = 60.71 GB
2026-09-03 05:39:56,250 - DRAM Used = 34.69 GB
2026-09-03 05:39:56,251 - DRAM Swap = 0.0 GB
2026-09-03 05:39:56,251 - 
2026-09-03 05:39:56,457 - VRAM Total = [140.4] GB
2026-09-03 05:39:56,458 - VRAM Used = [12.75] GB
2026-09-03 05:39:56,458 - 
2026-09-03 05:39:56,480 - Get SMARTINFO error, error=Expecting value: line 1 column 1 (char 0)
2026-09-03 05:39:56,480 - 
2026-09-03 05:39:56,480 - ================================================================================
2026-09-03 05:39:57,482 - DRAM Used + Cache + Buffer + Swap = 60.67 GB
2026-09-03 05:39:57,482 - DRAM Used + Cache + Buffer = 60.67 GB
2026-09-03 05:39:57,482 - DRAM Used = 34.66 GB
2026-09-03 05:39:57,482 - DRAM Swap = 0.0 GB
2026-09-03 05:39:57,482 - 
2026-09-03 05:39:57,690 - VRAM Total = [140.4] GB
2026-09-03 05:39:57,690 - VRAM Used = [12.75] GB
2026-09-03 05:39:57,690 - 
2026-09-03 05:39:57,710 - Get SMARTINFO error, error=Expecting value: line 1 column 1 (char 0)
2026-09-03 05:39:57,710 - 
2026-09-03 05:39:57,710 - ================================================================================
2026-09-03 05:39:58,712 - DRAM Used + Cache + Buffer + Swap = 60.64 GB
2026-09-03 05:39:58,712 - DRAM Used + Cache + Buffer = 60.64 GB
2026-09-03 05:39:58,712 - DRAM Used = 34.62 GB
2026-09-03 05:39:58,712 - DRAM Swap = 0.0 GB
2026-09-03 05:39:58,712 - 
2026-09-03 05:39:58,920 - VRAM Total = [140.4] GB
2026-09-03 05:39:58,920 - VRAM Used = [12.75] GB
2026-09-03 05:39:58,920 - 
2026-09-03 05:39:58,935 - Get SMARTINFO error, error=Expecting value: line 1 column 1 (char 0)
2026-09-03 05:39:58,935 - 
2026-09-03 05:39:58,935 - ================================================================================
2026-09-03 05:39:59,936 - DRAM Used + Cache + Buffer + Swap = 60.59 GB
2026-09-03 05:39:59,937 - DRAM Used + Cache + Buffer = 60.59 GB
2026-09-03 05:39:59,937 - DRAM Used = 34.58 GB
2026-09-03 05:39:59,937 - DRAM Swap = 0.0 GB
2026-09-03 05:39:59,937 - 
2026-09-03 05:40:00,145 - VRAM Total = [140.4] GB
2026-09-03 05:40:00,145 - VRAM Used = [12.75] GB
2026-09-03 05:40:00,145 - 
2026-09-03 05:40:00,170 - Get SMARTINFO error, error=Expecting value: line 1 column 1 (char 0)
2026-09-03 05:40:00,170 - 
2026-09-03 05:40:00,170 - ================================================================================
2026-09-03 05:40:01,172 - DRAM Used + Cache + Buffer + Swap = 60.55 GB
2026-09-03 05:40:01,172 - DRAM Used + Cache + Buffer = 60.55 GB
2026-09-03 05:40:01,172 - DRAM Used = 34.53 GB
2026-09-03 05:40:01,172 - DRAM Swap = 0.0 GB
2026-09-03 05:40:01,172 - 
2026-09-03 05:40:01,381 - VRAM Total = [140.4] GB
2026-09-03 05:40:01,381 - VRAM Used = [12.75] GB
2026-09-03 05:40:01,381 - 
2026-09-03 05:40:01,409 - Get SMARTINFO error, error=Expecting value: line 1 column 1 (char 0)
2026-09-03 05:40:01,410 - 
2026-09-03 05:40:01,410 - ================================================================================
2026-09-03 05:40:02,411 - DRAM Used + Cache + Buffer + Swap = 60.51 GB
2026-09-03 05:40:02,411 - DRAM Used + Cache + Buffer = 60.51 GB
2026-09-03 05:40:02,411 - DRAM Used = 34.5 GB
2026-09-03 05:40:02,412 - DRAM Swap = 0.0 GB
2026-09-03 05:40:02,412 - 
2026-09-03 05:40:02,620 - VRAM Total = [140.4] GB
2026-09-03 05:40:02,620 - VRAM Used = [12.75] GB
2026-09-03 05:40:02,621 - 
2026-09-03 05:40:02,646 - Get SMARTINFO error, error=Expecting value: line 1 column 1 (char 0)
2026-09-03 05:40:02,646 - 
2026-09-03 05:40:02,646 - ================================================================================
2026-09-03 05:40:03,648 - DRAM Used + Cache + Buffer + Swap = 60.49 GB
2026-09-03 05:40:03,648 - DRAM Used + Cache + Buffer = 60.49 GB
2026-09-03 05:40:03,648 - DRAM Used = 34.47 GB
2026-09-03 05:40:03,648 - DRAM Swap = 0.0 GB
2026-09-03 05:40:03,648 - 
2026-09-03 05:40:03,857 - VRAM Total = [140.4] GB
2026-09-03 05:40:03,857 - VRAM Used = [12.75] GB
2026-09-03 05:40:03,857 - 
2026-09-03 05:40:03,883 - Get SMARTINFO error, error=Expecting value: line 1 column 1 (char 0)
2026-09-03 05:40:03,883 - 
2026-09-03 05:40:03,883 - ================================================================================
2026-09-03 05:40:04,884 - DRAM Used + Cache + Buffer + Swap = 60.45 GB
2026-09-03 05:40:04,884 - DRAM Used + Cache + Buffer = 60.45 GB
2026-09-03 05:40:04,884 - DRAM Used = 34.43 GB
2026-09-03 05:40:04,884 - DRAM Swap = 0.0 GB
2026-09-03 05:40:04,885 - 
2026-09-03 05:40:05,091 - VRAM Total = [140.4] GB
2026-09-03 05:40:05,091 - VRAM Used = [12.75] GB
2026-09-03 05:40:05,091 - 
2026-09-03 05:40:05,114 - Get SMARTINFO error, error=Expecting value: line 1 column 1 (char 0)
2026-09-03 05:40:05,114 - 
2026-09-03 05:40:05,114 - ================================================================================
2026-09-03 05:40:06,115 - DRAM Used + Cache + Buffer + Swap = 60.42 GB
2026-09-03 05:40:06,115 - DRAM Used + Cache + Buffer = 60.42 GB
2026-09-03 05:40:06,115 - DRAM Used = 34.4 GB
2026-09-03 05:40:06,115 - DRAM Swap = 0.0 GB
2026-09-03 05:40:06,115 - 
2026-09-03 05:40:06,321 - VRAM Total = [140.4] GB
2026-09-03 05:40:06,322 - VRAM Used = [12.75] GB
2026-09-03 05:40:06,322 - 
2026-09-03 05:40:06,350 - Get SMARTINFO error, error=Expecting value: line 1 column 1 (char 0)
2026-09-03 05:40:06,350 - 
2026-09-03 05:40:06,350 - ================================================================================
2026-09-03 05:40:07,352 - DRAM Used + Cache + Buffer + Swap = 60.39 GB
2026-09-03 05:40:07,352 - DRAM Used + Cache + Buffer = 60.39 GB
2026-09-03 05:40:07,352 - DRAM Used = 34.38 GB
2026-09-03 05:40:07,352 - DRAM Swap = 0.0 GB
2026-09-03 05:40:07,352 - 
2026-09-03 05:40:07,559 - VRAM Total = [140.4] GB
2026-09-03 05:40:07,559 - VRAM Used = [12.75] GB
2026-09-03 05:40:07,559 - 
2026-09-03 05:40:07,588 - Get SMARTINFO error, error=Expecting value: line 1 column 1 (char 0)
2026-09-03 05:40:07,588 - 
2026-09-03 05:40:07,588 - ================================================================================
2026-09-03 05:40:08,589 - DRAM Used + Cache + Buffer + Swap = 60.38 GB
2026-09-03 05:40:08,590 - DRAM Used + Cache + Buffer = 60.38 GB
2026-09-03 05:40:08,590 - DRAM Used = 34.37 GB
2026-09-03 05:40:08,590 - DRAM Swap = 0.0 GB
2026-09-03 05:40:08,590 - 
2026-09-03 05:40:08,796 - VRAM Total = [140.4] GB
2026-09-03 05:40:08,796 - VRAM Used = [7.12] GB
2026-09-03 05:40:08,796 - 
2026-09-03 05:40:08,823 - Get SMARTINFO error, error=Expecting value: line 1 column 1 (char 0)
2026-09-03 05:40:08,825 - 
2026-09-03 05:40:08,825 - ================================================================================
2026-09-03 05:40:09,826 - DRAM Used + Cache + Buffer + Swap = 60.37 GB
2026-09-03 05:40:09,826 - DRAM Used + Cache + Buffer = 60.37 GB
2026-09-03 05:40:09,826 - DRAM Used = 34.36 GB
2026-09-03 05:40:09,826 - DRAM Swap = 0.0 GB
2026-09-03 05:40:09,826 - 
2026-09-03 05:40:10,033 - VRAM Total = [140.4] GB
2026-09-03 05:40:10,033 - VRAM Used = [9.0] GB
2026-09-03 05:40:10,033 - 
2026-09-03 05:40:10,060 - Get SMARTINFO error, error=Expecting value: line 1 column 1 (char 0)
2026-09-03 05:40:10,060 - 
2026-09-03 05:40:10,060 - ================================================================================
2026-09-03 05:40:11,061 - DRAM Used + Cache + Buffer + Swap = 60.37 GB
2026-09-03 05:40:11,061 - DRAM Used + Cache + Buffer = 60.37 GB
2026-09-03 05:40:11,061 - DRAM Used = 34.35 GB
2026-09-03 05:40:11,061 - DRAM Swap = 0.0 GB
2026-09-03 05:40:11,061 - 
2026-09-03 05:40:11,267 - VRAM Total = [140.4] GB
2026-09-03 05:40:11,267 - VRAM Used = [9.0] GB
2026-09-03 05:40:11,267 - 
2026-09-03 05:40:11,292 - Get SMARTINFO error, error=Expecting value: line 1 column 1 (char 0)
2026-09-03 05:40:11,293 - 
2026-09-03 05:40:11,293 - ================================================================================
2026-09-03 05:40:12,294 - DRAM Used + Cache + Buffer + Swap = 60.35 GB
2026-09-03 05:40:12,294 - DRAM Used + Cache + Buffer = 60.35 GB
2026-09-03 05:40:12,294 - DRAM Used = 34.34 GB
2026-09-03 05:40:12,294 - DRAM Swap = 0.0 GB
2026-09-03 05:40:12,294 - 
2026-09-03 05:40:12,499 - VRAM Total = [140.4] GB
2026-09-03 05:40:12,500 - VRAM Used = [9.0] GB
2026-09-03 05:40:12,500 - 
2026-09-03 05:40:12,523 - Get SMARTINFO error, error=Expecting value: line 1 column 1 (char 0)
2026-09-03 05:40:12,523 - 
2026-09-03 05:40:12,523 - ================================================================================
2026-09-03 05:40:13,524 - DRAM Used + Cache + Buffer + Swap = 60.34 GB
2026-09-03 05:40:13,524 - DRAM Used + Cache + Buffer = 60.34 GB
2026-09-03 05:40:13,524 - DRAM Used = 34.33 GB
2026-09-03 05:40:13,525 - DRAM Swap = 0.0 GB
2026-09-03 05:40:13,525 - 
2026-09-03 05:40:13,731 - VRAM Total = [140.4] GB
2026-09-03 05:40:13,731 - VRAM Used = [9.0] GB
2026-09-03 05:40:13,731 - 
2026-09-03 05:40:13,754 - Get SMARTINFO error, error=Expecting value: line 1 column 1 (char 0)
2026-09-03 05:40:13,754 - 
2026-09-03 05:40:13,754 - ================================================================================
2026-09-03 05:40:14,755 - DRAM Used + Cache + Buffer + Swap = 60.34 GB
2026-09-03 05:40:14,755 - DRAM Used + Cache + Buffer = 60.34 GB
2026-09-03 05:40:14,755 - DRAM Used = 34.32 GB
2026-09-03 05:40:14,755 - DRAM Swap = 0.0 GB
2026-09-03 05:40:14,755 - 
2026-09-03 05:40:14,961 - VRAM Total = [140.4] GB
2026-09-03 05:40:14,961 - VRAM Used = [9.0] GB
2026-09-03 05:40:14,961 - 
2026-09-03 05:40:14,986 - Get SMARTINFO error, error=Expecting value: line 1 column 1 (char 0)
2026-09-03 05:40:14,986 - 
2026-09-03 05:40:14,986 - ================================================================================
2026-09-03 05:40:15,987 - DRAM Used + Cache + Buffer + Swap = 60.33 GB
2026-09-03 05:40:15,988 - DRAM Used + Cache + Buffer = 60.33 GB
2026-09-03 05:40:15,988 - DRAM Used = 34.32 GB
2026-09-03 05:40:15,988 - DRAM Swap = 0.0 GB
2026-09-03 05:40:15,988 - 
2026-09-03 05:40:16,194 - VRAM Total = [140.4] GB
2026-09-03 05:40:16,194 - VRAM Used = [7.12] GB
2026-09-03 05:40:16,194 - 
2026-09-03 05:40:16,213 - Get SMARTINFO error, error=Expecting value: line 1 column 1 (char 0)
2026-09-03 05:40:16,213 - 
2026-09-03 05:40:16,213 - ================================================================================
2026-09-03 05:40:17,214 - DRAM Used + Cache + Buffer + Swap = 60.33 GB
2026-09-03 05:40:17,215 - DRAM Used + Cache + Buffer = 60.33 GB
2026-09-03 05:40:17,215 - DRAM Used = 34.31 GB
2026-09-03 05:40:17,215 - DRAM Swap = 0.0 GB
2026-09-03 05:40:17,215 - 
2026-09-03 05:40:17,421 - VRAM Total = [140.4] GB
2026-09-03 05:40:17,421 - VRAM Used = [7.12] GB
2026-09-03 05:40:17,421 - 
2026-09-03 05:40:17,446 - Get SMARTINFO error, error=Expecting value: line 1 column 1 (char 0)
2026-09-03 05:40:17,446 - 
2026-09-03 05:40:17,446 - ================================================================================
2026-09-03 05:40:18,447 - DRAM Used + Cache + Buffer + Swap = 60.32 GB
2026-09-03 05:40:18,447 - DRAM Used + Cache + Buffer = 60.32 GB
2026-09-03 05:40:18,447 - DRAM Used = 34.3 GB
2026-09-03 05:40:18,448 - DRAM Swap = 0.0 GB
2026-09-03 05:40:18,448 - 
2026-09-03 05:40:18,654 - VRAM Total = [140.4] GB
2026-09-03 05:40:18,654 - VRAM Used = [9.0] GB
2026-09-03 05:40:18,654 - 
2026-09-03 05:40:18,681 - Get SMARTINFO error, error=Expecting value: line 1 column 1 (char 0)
2026-09-03 05:40:18,681 - 
2026-09-03 05:40:18,681 - ================================================================================
2026-09-03 05:40:19,682 - DRAM Used + Cache + Buffer + Swap = 60.31 GB
2026-09-03 05:40:19,682 - DRAM Used + Cache + Buffer = 60.31 GB
2026-09-03 05:40:19,682 - DRAM Used = 34.3 GB
2026-09-03 05:40:19,682 - DRAM Swap = 0.0 GB
2026-09-03 05:40:19,682 - 
2026-09-03 05:40:19,888 - VRAM Total = [140.4] GB
2026-09-03 05:40:19,888 - VRAM Used = [9.0] GB
2026-09-03 05:40:19,888 - 
2026-09-03 05:40:19,914 - Get SMARTINFO error, error=Expecting value: line 1 column 1 (char 0)
2026-09-03 05:40:19,914 - 
2026-09-03 05:40:19,914 - ================================================================================
2026-09-03 05:40:20,915 - DRAM Used + Cache + Buffer + Swap = 60.31 GB
2026-09-03 05:40:20,915 - DRAM Used + Cache + Buffer = 60.31 GB
2026-09-03 05:40:20,915 - DRAM Used = 34.3 GB
2026-09-03 05:40:20,915 - DRAM Swap = 0.0 GB
2026-09-03 05:40:20,915 - 
2026-09-03 05:40:21,121 - VRAM Total = [140.4] GB
2026-09-03 05:40:21,121 - VRAM Used = [9.0] GB
2026-09-03 05:40:21,121 - 
2026-09-03 05:40:21,145 - Get SMARTINFO error, error=Expecting value: line 1 column 1 (char 0)
2026-09-03 05:40:21,145 - 
2026-09-03 05:40:21,145 - ================================================================================
2026-09-03 05:40:22,146 - DRAM Used + Cache + Buffer + Swap = 60.3 GB
2026-09-03 05:40:22,146 - DRAM Used + Cache + Buffer = 60.3 GB
2026-09-03 05:40:22,147 - DRAM Used = 34.29 GB
2026-09-03 05:40:22,147 - DRAM Swap = 0.0 GB
2026-09-03 05:40:22,147 - 
2026-09-03 05:40:22,352 - VRAM Total = [140.4] GB
2026-09-03 05:40:22,352 - VRAM Used = [9.0] GB
2026-09-03 05:40:22,352 - 
2026-09-03 05:40:22,376 - Get SMARTINFO error, error=Expecting value: line 1 column 1 (char 0)
2026-09-03 05:40:22,377 - 
2026-09-03 05:40:22,377 - ================================================================================
2026-09-03 05:40:23,378 - DRAM Used + Cache + Buffer + Swap = 60.28 GB
2026-09-03 05:40:23,378 - DRAM Used + Cache + Buffer = 60.28 GB
2026-09-03 05:40:23,378 - DRAM Used = 34.27 GB
2026-09-03 05:40:23,378 - DRAM Swap = 0.0 GB
2026-09-03 05:40:23,378 - 
2026-09-03 05:40:23,584 - VRAM Total = [140.4] GB
2026-09-03 05:40:23,584 - VRAM Used = [9.0] GB
2026-09-03 05:40:23,584 - 
2026-09-03 05:40:23,608 - Get SMARTINFO error, error=Expecting value: line 1 column 1 (char 0)
2026-09-03 05:40:23,609 - 
2026-09-03 05:40:23,609 - ================================================================================
2026-09-03 05:40:24,610 - DRAM Used + Cache + Buffer + Swap = 60.28 GB
2026-09-03 05:40:24,610 - DRAM Used + Cache + Buffer = 60.28 GB
2026-09-03 05:40:24,610 - DRAM Used = 34.26 GB
2026-09-03 05:40:24,610 - DRAM Swap = 0.0 GB
2026-09-03 05:40:24,610 - 
2026-09-03 05:40:24,815 - VRAM Total = [140.4] GB
2026-09-03 05:40:24,816 - VRAM Used = [9.0] GB
2026-09-03 05:40:24,816 - 
2026-09-03 05:40:24,838 - Get SMARTINFO error, error=Expecting value: line 1 column 1 (char 0)
2026-09-03 05:40:24,838 - 
2026-09-03 05:40:24,838 - ================================================================================
2026-09-03 05:40:25,839 - DRAM Used + Cache + Buffer + Swap = 60.28 GB
2026-09-03 05:40:25,839 - DRAM Used + Cache + Buffer = 60.28 GB
2026-09-03 05:40:25,839 - DRAM Used = 34.26 GB
2026-09-03 05:40:25,839 - DRAM Swap = 0.0 GB
2026-09-03 05:40:25,840 - 
2026-09-03 05:40:26,045 - VRAM Total = [140.4] GB
2026-09-03 05:40:26,045 - VRAM Used = [12.75] GB
2026-09-03 05:40:26,045 - 
2026-09-03 05:40:26,069 - Get SMARTINFO error, error=Expecting value: line 1 column 1 (char 0)
2026-09-03 05:40:26,069 - 
2026-09-03 05:40:26,069 - ================================================================================
2026-09-03 05:40:27,070 - DRAM Used + Cache + Buffer + Swap = 60.27 GB
2026-09-03 05:40:27,070 - DRAM Used + Cache + Buffer = 60.27 GB
2026-09-03 05:40:27,070 - DRAM Used = 34.26 GB
2026-09-03 05:40:27,070 - DRAM Swap = 0.0 GB
2026-09-03 05:40:27,070 - 
2026-09-03 05:40:27,276 - VRAM Total = [140.4] GB
2026-09-03 05:40:27,276 - VRAM Used = [7.12] GB
2026-09-03 05:40:27,276 - 
2026-09-03 05:40:27,299 - Get SMARTINFO error, error=Expecting value: line 1 column 1 (char 0)
2026-09-03 05:40:27,300 - 
2026-09-03 05:40:27,300 - ================================================================================
2026-09-03 05:40:28,301 - DRAM Used + Cache + Buffer + Swap = 60.27 GB
2026-09-03 05:40:28,301 - DRAM Used + Cache + Buffer = 60.27 GB
2026-09-03 05:40:28,301 - DRAM Used = 34.25 GB
2026-09-03 05:40:28,301 - DRAM Swap = 0.0 GB
2026-09-03 05:40:28,301 - 
2026-09-03 05:40:28,508 - VRAM Total = [140.4] GB
2026-09-03 05:40:28,508 - VRAM Used = [7.12] GB
2026-09-03 05:40:28,508 - 
2026-09-03 05:40:28,535 - Get SMARTINFO error, error=Expecting value: line 1 column 1 (char 0)
2026-09-03 05:40:28,535 - 
2026-09-03 05:40:28,535 - ================================================================================
2026-09-03 05:40:29,536 - DRAM Used + Cache + Buffer + Swap = 60.27 GB
2026-09-03 05:40:29,536 - DRAM Used + Cache + Buffer = 60.27 GB
2026-09-03 05:40:29,536 - DRAM Used = 34.25 GB
2026-09-03 05:40:29,536 - DRAM Swap = 0.0 GB
2026-09-03 05:40:29,536 - 
2026-09-03 05:40:29,742 - VRAM Total = [140.4] GB
2026-09-03 05:40:29,742 - VRAM Used = [9.0] GB
2026-09-03 05:40:29,742 - 
2026-09-03 05:40:29,766 - Get SMARTINFO error, error=Expecting value: line 1 column 1 (char 0)
2026-09-03 05:40:29,766 - 
2026-09-03 05:40:29,766 - ================================================================================
2026-09-03 05:40:30,767 - DRAM Used + Cache + Buffer + Swap = 60.26 GB
2026-09-03 05:40:30,768 - DRAM Used + Cache + Buffer = 60.26 GB
2026-09-03 05:40:30,768 - DRAM Used = 34.25 GB
2026-09-03 05:40:30,768 - DRAM Swap = 0.0 GB
2026-09-03 05:40:30,768 - 
2026-09-03 05:40:30,974 - VRAM Total = [140.4] GB
2026-09-03 05:40:30,974 - VRAM Used = [9.0] GB
2026-09-03 05:40:30,974 - 
2026-09-03 05:40:30,997 - Get SMARTINFO error, error=Expecting value: line 1 column 1 (char 0)
2026-09-03 05:40:30,997 - 
2026-09-03 05:40:30,997 - ================================================================================
2026-09-03 05:40:31,998 - DRAM Used + Cache + Buffer + Swap = 60.26 GB
2026-09-03 05:40:31,998 - DRAM Used + Cache + Buffer = 60.26 GB
2026-09-03 05:40:31,999 - DRAM Used = 34.25 GB
2026-09-03 05:40:31,999 - DRAM Swap = 0.0 GB
2026-09-03 05:40:31,999 - 
2026-09-03 05:40:32,205 - VRAM Total = [140.4] GB
2026-09-03 05:40:32,205 - VRAM Used = [9.0] GB
2026-09-03 05:40:32,205 - 
2026-09-03 05:40:32,230 - Get SMARTINFO error, error=Expecting value: line 1 column 1 (char 0)
2026-09-03 05:40:32,230 - 
2026-09-03 05:40:32,230 - ================================================================================
2026-09-03 05:40:33,231 - DRAM Used + Cache + Buffer + Swap = 60.26 GB
2026-09-03 05:40:33,232 - DRAM Used + Cache + Buffer = 60.26 GB
2026-09-03 05:40:33,232 - DRAM Used = 34.24 GB
2026-09-03 05:40:33,232 - DRAM Swap = 0.0 GB
2026-09-03 05:40:33,232 - 
2026-09-03 05:40:33,438 - VRAM Total = [140.4] GB
2026-09-03 05:40:33,438 - VRAM Used = [9.0] GB
2026-09-03 05:40:33,438 - 
2026-09-03 05:40:33,461 - Get SMARTINFO error, error=Expecting value: line 1 column 1 (char 0)
2026-09-03 05:40:33,462 - 
2026-09-03 05:40:33,462 - ================================================================================
2026-09-03 05:40:34,463 - DRAM Used + Cache + Buffer + Swap = 60.26 GB
2026-09-03 05:40:34,463 - DRAM Used + Cache + Buffer = 60.26 GB
2026-09-03 05:40:34,463 - DRAM Used = 34.25 GB
2026-09-03 05:40:34,463 - DRAM Swap = 0.0 GB
2026-09-03 05:40:34,463 - 
2026-09-03 05:40:34,669 - VRAM Total = [140.4] GB
2026-09-03 05:40:34,669 - VRAM Used = [9.0] GB
2026-09-03 05:40:34,669 - 
2026-09-03 05:40:34,695 - Get SMARTINFO error, error=Expecting value: line 1 column 1 (char 0)
2026-09-03 05:40:34,696 - 
2026-09-03 05:40:34,696 - ================================================================================
2026-09-03 05:40:35,697 - DRAM Used + Cache + Buffer + Swap = 60.27 GB
2026-09-03 05:40:35,697 - DRAM Used + Cache + Buffer = 60.27 GB
2026-09-03 05:40:35,699 - DRAM Used = 34.25 GB
2026-09-03 05:40:35,700 - DRAM Swap = 0.0 GB
2026-09-03 05:40:35,700 - 
2026-09-03 05:40:35,906 - VRAM Total = [140.4] GB
2026-09-03 05:40:35,906 - VRAM Used = [9.0] GB
2026-09-03 05:40:35,906 - 
2026-09-03 05:40:35,930 - Get SMARTINFO error, error=Expecting value: line 1 column 1 (char 0)
2026-09-03 05:40:35,930 - 
2026-09-03 05:40:35,930 - ================================================================================
2026-09-03 05:40:36,931 - DRAM Used + Cache + Buffer + Swap = 60.26 GB
2026-09-03 05:40:36,931 - DRAM Used + Cache + Buffer = 60.26 GB
2026-09-03 05:40:36,931 - DRAM Used = 34.25 GB
2026-09-03 05:40:36,931 - DRAM Swap = 0.0 GB
2026-09-03 05:40:36,932 - 
2026-09-03 05:40:37,137 - VRAM Total = [140.4] GB
2026-09-03 05:40:37,137 - VRAM Used = [12.75] GB
2026-09-03 05:40:37,137 - 
2026-09-03 05:40:37,160 - Get SMARTINFO error, error=Expecting value: line 1 column 1 (char 0)
2026-09-03 05:40:37,160 - 
2026-09-03 05:40:37,160 - ================================================================================
2026-09-03 05:40:38,161 - DRAM Used + Cache + Buffer + Swap = 60.26 GB
2026-09-03 05:40:38,161 - DRAM Used + Cache + Buffer = 60.26 GB
2026-09-03 05:40:38,161 - DRAM Used = 34.24 GB
2026-09-03 05:40:38,162 - DRAM Swap = 0.0 GB
2026-09-03 05:40:38,162 - 
2026-09-03 05:40:38,368 - VRAM Total = [140.4] GB
2026-09-03 05:40:38,368 - VRAM Used = [7.12] GB
2026-09-03 05:40:38,368 - 
2026-09-03 05:40:38,391 - Get SMARTINFO error, error=Expecting value: line 1 column 1 (char 0)
2026-09-03 05:40:38,391 - 
2026-09-03 05:40:38,391 - ================================================================================
2026-09-03 05:40:39,392 - DRAM Used + Cache + Buffer + Swap = 60.26 GB
2026-09-03 05:40:39,392 - DRAM Used + Cache + Buffer = 60.26 GB
2026-09-03 05:40:39,392 - DRAM Used = 34.24 GB
2026-09-03 05:40:39,392 - DRAM Swap = 0.0 GB
2026-09-03 05:40:39,392 - 
2026-09-03 05:40:39,599 - VRAM Total = [140.4] GB
2026-09-03 05:40:39,599 - VRAM Used = [9.0] GB
2026-09-03 05:40:39,599 - 
2026-09-03 05:40:39,626 - Get SMARTINFO error, error=Expecting value: line 1 column 1 (char 0)
2026-09-03 05:40:39,626 - 
2026-09-03 05:40:39,626 - ================================================================================
2026-09-03 05:40:40,627 - DRAM Used + Cache + Buffer + Swap = 60.26 GB
2026-09-03 05:40:40,627 - DRAM Used + Cache + Buffer = 60.26 GB
2026-09-03 05:40:40,627 - DRAM Used = 34.24 GB
2026-09-03 05:40:40,627 - DRAM Swap = 0.0 GB
2026-09-03 05:40:40,627 - 
2026-09-03 05:40:40,833 - VRAM Total = [140.4] GB
2026-09-03 05:40:40,833 - VRAM Used = [9.0] GB
2026-09-03 05:40:40,833 - 
2026-09-03 05:40:40,856 - Get SMARTINFO error, error=Expecting value: line 1 column 1 (char 0)
2026-09-03 05:40:40,857 - 
2026-09-03 05:40:40,857 - ================================================================================
2026-09-03 05:40:41,858 - DRAM Used + Cache + Buffer + Swap = 60.26 GB
2026-09-03 05:40:41,858 - DRAM Used + Cache + Buffer = 60.26 GB
2026-09-03 05:40:41,858 - DRAM Used = 34.24 GB
2026-09-03 05:40:41,858 - DRAM Swap = 0.0 GB
2026-09-03 05:40:41,858 - 
2026-09-03 05:40:42,064 - VRAM Total = [140.4] GB
2026-09-03 05:40:42,064 - VRAM Used = [9.0] GB
2026-09-03 05:40:42,064 - 
2026-09-03 05:40:42,087 - Get SMARTINFO error, error=Expecting value: line 1 column 1 (char 0)
2026-09-03 05:40:42,087 - 
2026-09-03 05:40:42,087 - ================================================================================
2026-09-03 05:40:43,088 - DRAM Used + Cache + Buffer + Swap = 60.26 GB
2026-09-03 05:40:43,088 - DRAM Used + Cache + Buffer = 60.26 GB
2026-09-03 05:40:43,088 - DRAM Used = 34.24 GB
2026-09-03 05:40:43,089 - DRAM Swap = 0.0 GB
2026-09-03 05:40:43,089 - 
2026-09-03 05:40:43,296 - VRAM Total = [140.4] GB
2026-09-03 05:40:43,296 - VRAM Used = [9.0] GB
2026-09-03 05:40:43,296 - 
2026-09-03 05:40:43,316 - Get SMARTINFO error, error=Expecting value: line 1 column 1 (char 0)
2026-09-03 05:40:43,316 - 
2026-09-03 05:40:43,316 - ================================================================================
2026-09-03 05:40:44,317 - DRAM Used + Cache + Buffer + Swap = 60.25 GB
2026-09-03 05:40:44,317 - DRAM Used + Cache + Buffer = 60.25 GB
2026-09-03 05:40:44,318 - DRAM Used = 34.24 GB
2026-09-03 05:40:44,318 - DRAM Swap = 0.0 GB
2026-09-03 05:40:44,318 - 
2026-09-03 05:40:44,523 - VRAM Total = [140.4] GB
2026-09-03 05:40:44,523 - VRAM Used = [9.0] GB
2026-09-03 05:40:44,523 - 
2026-09-03 05:40:44,551 - Get SMARTINFO error, error=Expecting value: line 1 column 1 (char 0)
2026-09-03 05:40:44,551 - 
2026-09-03 05:40:44,551 - ================================================================================
2026-09-03 05:40:45,552 - DRAM Used + Cache + Buffer + Swap = 60.25 GB
2026-09-03 05:40:45,552 - DRAM Used + Cache + Buffer = 60.25 GB
2026-09-03 05:40:45,552 - DRAM Used = 34.24 GB
2026-09-03 05:40:45,552 - DRAM Swap = 0.0 GB
2026-09-03 05:40:45,552 - 
2026-09-03 05:40:45,758 - VRAM Total = [140.4] GB
2026-09-03 05:40:45,758 - VRAM Used = [9.0] GB
2026-09-03 05:40:45,758 - 
2026-09-03 05:40:45,779 - Get SMARTINFO error, error=Expecting value: line 1 column 1 (char 0)
2026-09-03 05:40:45,779 - 
2026-09-03 05:40:45,779 - ================================================================================
2026-09-03 05:40:46,780 - DRAM Used + Cache + Buffer + Swap = 60.25 GB
2026-09-03 05:40:46,780 - DRAM Used + Cache + Buffer = 60.25 GB
2026-09-03 05:40:46,780 - DRAM Used = 34.23 GB
2026-09-03 05:40:46,780 - DRAM Swap = 0.0 GB
2026-09-03 05:40:46,780 - 
2026-09-03 05:40:46,986 - VRAM Total = [140.4] GB
2026-09-03 05:40:46,986 - VRAM Used = [9.0] GB
2026-09-03 05:40:46,986 - 
2026-09-03 05:40:47,010 - Get SMARTINFO error, error=Expecting value: line 1 column 1 (char 0)
2026-09-03 05:40:47,010 - 
2026-09-03 05:40:47,011 - ================================================================================
2026-09-03 05:40:48,012 - DRAM Used + Cache + Buffer + Swap = 60.25 GB
2026-09-03 05:40:48,012 - DRAM Used + Cache + Buffer = 60.25 GB
2026-09-03 05:40:48,012 - DRAM Used = 34.23 GB
2026-09-03 05:40:48,012 - DRAM Swap = 0.0 GB
2026-09-03 05:40:48,012 - 
2026-09-03 05:40:48,218 - VRAM Total = [140.4] GB
2026-09-03 05:40:48,219 - VRAM Used = [12.75] GB
2026-09-03 05:40:48,219 - 
2026-09-03 05:40:48,242 - Get SMARTINFO error, error=Expecting value: line 1 column 1 (char 0)
2026-09-03 05:40:48,242 - 
2026-09-03 05:40:48,242 - ================================================================================
2026-09-03 05:40:49,243 - DRAM Used + Cache + Buffer + Swap = 60.26 GB
2026-09-03 05:40:49,244 - DRAM Used + Cache + Buffer = 60.26 GB
2026-09-03 05:40:49,244 - DRAM Used = 34.24 GB
2026-09-03 05:40:49,244 - DRAM Swap = 0.0 GB
2026-09-03 05:40:49,244 - 
2026-09-03 05:40:49,452 - VRAM Total = [140.4] GB
2026-09-03 05:40:49,452 - VRAM Used = [12.75] GB
2026-09-03 05:40:49,452 - 
2026-09-03 05:40:49,478 - Get SMARTINFO error, error=Expecting value: line 1 column 1 (char 0)
2026-09-03 05:40:49,478 - 
2026-09-03 05:40:49,479 - ================================================================================
2026-09-03 05:40:50,480 - DRAM Used + Cache + Buffer + Swap = 60.25 GB
2026-09-03 05:40:50,480 - DRAM Used + Cache + Buffer = 60.25 GB
2026-09-03 05:40:50,480 - DRAM Used = 34.23 GB
2026-09-03 05:40:50,480 - DRAM Swap = 0.0 GB
2026-09-03 05:40:50,480 - 
2026-09-03 05:40:50,687 - VRAM Total = [140.4] GB
2026-09-03 05:40:50,687 - VRAM Used = [12.75] GB
2026-09-03 05:40:50,687 - 
2026-09-03 05:40:50,713 - Get SMARTINFO error, error=Expecting value: line 1 column 1 (char 0)
2026-09-03 05:40:50,713 - 
2026-09-03 05:40:50,713 - ================================================================================
2026-09-03 05:40:51,714 - DRAM Used + Cache + Buffer + Swap = 60.37 GB
2026-09-03 05:40:51,714 - DRAM Used + Cache + Buffer = 60.37 GB
2026-09-03 05:40:51,715 - DRAM Used = 34.35 GB
2026-09-03 05:40:51,715 - DRAM Swap = 0.0 GB
2026-09-03 05:40:51,715 - 
2026-09-03 05:40:51,921 - VRAM Total = [140.4] GB
2026-09-03 05:40:51,921 - VRAM Used = [12.75] GB
2026-09-03 05:40:51,921 - 
2026-09-03 05:40:51,959 - Get SMARTINFO error, error=Expecting value: line 1 column 1 (char 0)
2026-09-03 05:40:51,960 - 
2026-09-03 05:40:51,960 - ================================================================================
2026-09-03 05:40:52,960 - DRAM Used + Cache + Buffer + Swap = 60.37 GB
2026-09-03 05:40:52,960 - DRAM Used + Cache + Buffer = 60.37 GB
2026-09-03 05:40:52,960 - DRAM Used = 34.35 GB
2026-09-03 05:40:52,961 - DRAM Swap = 0.0 GB
2026-09-03 05:40:52,961 - 
2026-09-03 05:40:53,166 - VRAM Total = [140.4] GB
2026-09-03 05:40:53,166 - VRAM Used = [12.75] GB
2026-09-03 05:40:53,166 - 
2026-09-03 05:40:53,192 - Get SMARTINFO error, error=Expecting value: line 1 column 1 (char 0)
2026-09-03 05:40:53,192 - 
2026-09-03 05:40:53,192 - ================================================================================
2026-09-03 05:40:54,192 - DRAM Used + Cache + Buffer + Swap = 60.36 GB
2026-09-03 05:40:54,193 - DRAM Used + Cache + Buffer = 60.36 GB
2026-09-03 05:40:54,193 - DRAM Used = 34.34 GB
2026-09-03 05:40:54,193 - DRAM Swap = 0.0 GB
2026-09-03 05:40:54,193 - 
2026-09-03 05:40:54,398 - VRAM Total = [140.4] GB
2026-09-03 05:40:54,399 - VRAM Used = [12.75] GB
2026-09-03 05:40:54,399 - 
2026-09-03 05:40:54,424 - Get SMARTINFO error, error=Expecting value: line 1 column 1 (char 0)
2026-09-03 05:40:54,424 - 
2026-09-03 05:40:54,424 - ================================================================================
2026-09-03 05:40:55,425 - DRAM Used + Cache + Buffer + Swap = 60.36 GB
2026-09-03 05:40:55,426 - DRAM Used + Cache + Buffer = 60.36 GB
2026-09-03 05:40:55,426 - DRAM Used = 34.34 GB
2026-09-03 05:40:55,426 - DRAM Swap = 0.0 GB
2026-09-03 05:40:55,426 - 
2026-09-03 05:40:55,633 - VRAM Total = [140.4] GB
2026-09-03 05:40:55,634 - VRAM Used = [12.75] GB
2026-09-03 05:40:55,634 - 
2026-09-03 05:40:55,657 - Get SMARTINFO error, error=Expecting value: line 1 column 1 (char 0)
2026-09-03 05:40:55,657 - 
2026-09-03 05:40:55,657 - ================================================================================
2026-09-03 05:40:56,658 - DRAM Used + Cache + Buffer + Swap = 60.35 GB
2026-09-03 05:40:56,658 - DRAM Used + Cache + Buffer = 60.35 GB
2026-09-03 05:40:56,658 - DRAM Used = 34.34 GB
2026-09-03 05:40:56,658 - DRAM Swap = 0.0 GB
2026-09-03 05:40:56,658 - 
2026-09-03 05:40:56,866 - VRAM Total = [140.4] GB
2026-09-03 05:40:56,866 - VRAM Used = [12.75] GB
2026-09-03 05:40:56,866 - 
2026-09-03 05:40:56,894 - Get SMARTINFO error, error=Expecting value: line 1 column 1 (char 0)
2026-09-03 05:40:56,894 - 
2026-09-03 05:40:56,894 - ================================================================================
2026-09-03 05:40:57,895 - DRAM Used + Cache + Buffer + Swap = 60.35 GB
2026-09-03 05:40:57,895 - DRAM Used + Cache + Buffer = 60.35 GB
2026-09-03 05:40:57,896 - DRAM Used = 34.33 GB
2026-09-03 05:40:57,896 - DRAM Swap = 0.0 GB
2026-09-03 05:40:57,896 - 
2026-09-03 05:40:58,102 - VRAM Total = [140.4] GB
2026-09-03 05:40:58,103 - VRAM Used = [12.75] GB
2026-09-03 05:40:58,103 - 
2026-09-03 05:40:58,134 - Get SMARTINFO error, error=Expecting value: line 1 column 1 (char 0)
2026-09-03 05:40:58,134 - 
2026-09-03 05:40:58,134 - ================================================================================
2026-09-03 05:40:59,135 - DRAM Used + Cache + Buffer + Swap = 60.34 GB
2026-09-03 05:40:59,136 - DRAM Used + Cache + Buffer = 60.34 GB
2026-09-03 05:40:59,136 - DRAM Used = 34.33 GB
2026-09-03 05:40:59,136 - DRAM Swap = 0.0 GB
2026-09-03 05:40:59,136 - 
2026-09-03 05:40:59,345 - VRAM Total = [140.4] GB
2026-09-03 05:40:59,345 - VRAM Used = [12.75] GB
2026-09-03 05:40:59,345 - 
2026-09-03 05:40:59,369 - Get SMARTINFO error, error=Expecting value: line 1 column 1 (char 0)
2026-09-03 05:40:59,369 - 
2026-09-03 05:40:59,369 - ================================================================================
2026-09-03 05:41:00,370 - DRAM Used + Cache + Buffer + Swap = 60.34 GB
2026-09-03 05:41:00,371 - DRAM Used + Cache + Buffer = 60.34 GB
2026-09-03 05:41:00,371 - DRAM Used = 34.32 GB
2026-09-03 05:41:00,371 - DRAM Swap = 0.0 GB
2026-09-03 05:41:00,371 - 
2026-09-03 05:41:00,578 - VRAM Total = [140.4] GB
2026-09-03 05:41:00,578 - VRAM Used = [12.75] GB
2026-09-03 05:41:00,578 - 
2026-09-03 05:41:00,604 - Get SMARTINFO error, error=Expecting value: line 1 column 1 (char 0)
2026-09-03 05:41:00,604 - 
2026-09-03 05:41:00,604 - ================================================================================
2026-09-03 05:41:01,606 - DRAM Used + Cache + Buffer + Swap = 60.33 GB
2026-09-03 05:41:01,606 - DRAM Used + Cache + Buffer = 60.33 GB
2026-09-03 05:41:01,606 - DRAM Used = 34.32 GB
2026-09-03 05:41:01,606 - DRAM Swap = 0.0 GB
2026-09-03 05:41:01,606 - 
2026-09-03 05:41:01,813 - VRAM Total = [140.4] GB
2026-09-03 05:41:01,813 - VRAM Used = [12.75] GB
2026-09-03 05:41:01,813 - 
2026-09-03 05:41:01,841 - Get SMARTINFO error, error=Expecting value: line 1 column 1 (char 0)
2026-09-03 05:41:01,842 - 
2026-09-03 05:41:01,842 - ================================================================================
2026-09-03 05:41:02,843 - DRAM Used + Cache + Buffer + Swap = 60.33 GB
2026-09-03 05:41:02,843 - DRAM Used + Cache + Buffer = 60.33 GB
2026-09-03 05:41:02,843 - DRAM Used = 34.31 GB
2026-09-03 05:41:02,844 - DRAM Swap = 0.0 GB
2026-09-03 05:41:02,844 - 
2026-09-03 05:41:03,049 - VRAM Total = [140.4] GB
2026-09-03 05:41:03,050 - VRAM Used = [12.75] GB
2026-09-03 05:41:03,050 - 
2026-09-03 05:41:03,071 - Get SMARTINFO error, error=Expecting value: line 1 column 1 (char 0)
2026-09-03 05:41:03,071 - 
2026-09-03 05:41:03,071 - ================================================================================
2026-09-03 05:41:04,072 - DRAM Used + Cache + Buffer + Swap = 60.32 GB
2026-09-03 05:41:04,072 - DRAM Used + Cache + Buffer = 60.32 GB
2026-09-03 05:41:04,072 - DRAM Used = 34.31 GB
2026-09-03 05:41:04,072 - DRAM Swap = 0.0 GB
2026-09-03 05:41:04,072 - 
2026-09-03 05:41:04,279 - VRAM Total = [140.4] GB
2026-09-03 05:41:04,280 - VRAM Used = [12.75] GB
2026-09-03 05:41:04,280 - 
2026-09-03 05:41:04,305 - Get SMARTINFO error, error=Expecting value: line 1 column 1 (char 0)
2026-09-03 05:41:04,305 - 
2026-09-03 05:41:04,305 - ================================================================================
2026-09-03 05:41:05,307 - DRAM Used + Cache + Buffer + Swap = 60.32 GB
2026-09-03 05:41:05,307 - DRAM Used + Cache + Buffer = 60.32 GB
2026-09-03 05:41:05,307 - DRAM Used = 34.3 GB
2026-09-03 05:41:05,307 - DRAM Swap = 0.0 GB
2026-09-03 05:41:05,307 - 
2026-09-03 05:41:05,518 - VRAM Total = [140.4] GB
2026-09-03 05:41:05,518 - VRAM Used = [12.75] GB
2026-09-03 05:41:05,518 - 
2026-09-03 05:41:05,546 - Get SMARTINFO error, error=Expecting value: line 1 column 1 (char 0)
2026-09-03 05:41:05,546 - 
2026-09-03 05:41:05,546 - ================================================================================
2026-09-03 05:41:06,547 - DRAM Used + Cache + Buffer + Swap = 60.33 GB
2026-09-03 05:41:06,548 - DRAM Used + Cache + Buffer = 60.33 GB
2026-09-03 05:41:06,548 - DRAM Used = 34.31 GB
2026-09-03 05:41:06,548 - DRAM Swap = 0.0 GB
2026-09-03 05:41:06,548 - 
2026-09-03 05:41:06,754 - VRAM Total = [140.4] GB
2026-09-03 05:41:06,755 - VRAM Used = [12.75] GB
2026-09-03 05:41:06,755 - 
2026-09-03 05:41:06,782 - Get SMARTINFO error, error=Expecting value: line 1 column 1 (char 0)
2026-09-03 05:41:06,782 - 
2026-09-03 05:41:06,782 - ================================================================================
2026-09-03 05:41:07,784 - DRAM Used + Cache + Buffer + Swap = 60.34 GB
2026-09-03 05:41:07,784 - DRAM Used + Cache + Buffer = 60.34 GB
2026-09-03 05:41:07,784 - DRAM Used = 34.32 GB
2026-09-03 05:41:07,784 - DRAM Swap = 0.0 GB
2026-09-03 05:41:07,784 - 
2026-09-03 05:41:07,993 - VRAM Total = [140.4] GB
2026-09-03 05:41:07,993 - VRAM Used = [12.75] GB
2026-09-03 05:41:07,993 - 
2026-09-03 05:41:08,018 - Get SMARTINFO error, error=Expecting value: line 1 column 1 (char 0)
2026-09-03 05:41:08,018 - 
2026-09-03 05:41:08,018 - ================================================================================
2026-09-03 05:41:09,019 - DRAM Used + Cache + Buffer + Swap = 60.33 GB
2026-09-03 05:41:09,020 - DRAM Used + Cache + Buffer = 60.33 GB
2026-09-03 05:41:09,020 - DRAM Used = 34.31 GB
2026-09-03 05:41:09,020 - DRAM Swap = 0.0 GB
2026-09-03 05:41:09,020 - 
2026-09-03 05:41:09,227 - VRAM Total = [140.4] GB
2026-09-03 05:41:09,228 - VRAM Used = [12.75] GB
2026-09-03 05:41:09,228 - 
2026-09-03 05:41:09,242 - Get SMARTINFO error, error=Expecting value: line 1 column 1 (char 0)
2026-09-03 05:41:09,242 - 
2026-09-03 05:41:09,242 - ================================================================================
2026-09-03 05:41:10,243 - DRAM Used + Cache + Buffer + Swap = 60.33 GB
2026-09-03 05:41:10,243 - DRAM Used + Cache + Buffer = 60.33 GB
2026-09-03 05:41:10,243 - DRAM Used = 34.31 GB
2026-09-03 05:41:10,243 - DRAM Swap = 0.0 GB
2026-09-03 05:41:10,243 - 
2026-09-03 05:41:10,449 - VRAM Total = [140.4] GB
2026-09-03 05:41:10,449 - VRAM Used = [12.75] GB
2026-09-03 05:41:10,449 - 
2026-09-03 05:41:10,463 - Get SMARTINFO error, error=Expecting value: line 1 column 1 (char 0)
2026-09-03 05:41:10,463 - 
2026-09-03 05:41:10,463 - ================================================================================
2026-09-03 05:41:11,464 - DRAM Used + Cache + Buffer + Swap = 60.32 GB
2026-09-03 05:41:11,465 - DRAM Used + Cache + Buffer = 60.32 GB
2026-09-03 05:41:11,465 - DRAM Used = 34.31 GB
2026-09-03 05:41:11,465 - DRAM Swap = 0.0 GB
2026-09-03 05:41:11,465 - 
2026-09-03 05:41:11,672 - VRAM Total = [140.4] GB
2026-09-03 05:41:11,672 - VRAM Used = [12.75] GB
2026-09-03 05:41:11,672 - 
2026-09-03 05:41:11,694 - Get SMARTINFO error, error=Expecting value: line 1 column 1 (char 0)
2026-09-03 05:41:11,694 - 
2026-09-03 05:41:11,694 - ================================================================================
2026-09-03 05:41:12,695 - DRAM Used + Cache + Buffer + Swap = 60.32 GB
2026-09-03 05:41:12,696 - DRAM Used + Cache + Buffer = 60.32 GB
2026-09-03 05:41:12,696 - DRAM Used = 34.3 GB
2026-09-03 05:41:12,696 - DRAM Swap = 0.0 GB
2026-09-03 05:41:12,696 - 
2026-09-03 05:41:12,903 - VRAM Total = [140.4] GB
2026-09-03 05:41:12,904 - VRAM Used = [12.75] GB
2026-09-03 05:41:12,904 - 
2026-09-03 05:41:12,929 - Get SMARTINFO error, error=Expecting value: line 1 column 1 (char 0)
2026-09-03 05:41:12,930 - 
2026-09-03 05:41:12,930 - ================================================================================
2026-09-03 05:41:13,931 - DRAM Used + Cache + Buffer + Swap = 60.31 GB
2026-09-03 05:41:13,931 - DRAM Used + Cache + Buffer = 60.31 GB
2026-09-03 05:41:13,931 - DRAM Used = 34.3 GB
2026-09-03 05:41:13,931 - DRAM Swap = 0.0 GB
2026-09-03 05:41:13,932 - 
2026-09-03 05:41:14,139 - VRAM Total = [140.4] GB
2026-09-03 05:41:14,139 - VRAM Used = [12.75] GB
2026-09-03 05:41:14,139 - 
2026-09-03 05:41:14,157 - Get SMARTINFO error, error=Expecting value: line 1 column 1 (char 0)
2026-09-03 05:41:14,158 - 
2026-09-03 05:41:14,158 - ================================================================================
2026-09-03 05:41:15,159 - DRAM Used + Cache + Buffer + Swap = 60.3 GB
2026-09-03 05:41:15,159 - DRAM Used + Cache + Buffer = 60.3 GB
2026-09-03 05:41:15,159 - DRAM Used = 34.29 GB
2026-09-03 05:41:15,159 - DRAM Swap = 0.0 GB
2026-09-03 05:41:15,159 - 
2026-09-03 05:41:15,367 - VRAM Total = [140.4] GB
2026-09-03 05:41:15,367 - VRAM Used = [12.75] GB
2026-09-03 05:41:15,367 - 
2026-09-03 05:41:15,391 - Get SMARTINFO error, error=Expecting value: line 1 column 1 (char 0)
2026-09-03 05:41:15,391 - 
2026-09-03 05:41:15,391 - ================================================================================
2026-09-03 05:41:16,392 - DRAM Used + Cache + Buffer + Swap = 60.3 GB
2026-09-03 05:41:16,392 - DRAM Used + Cache + Buffer = 60.3 GB
2026-09-03 05:41:16,392 - DRAM Used = 34.29 GB
2026-09-03 05:41:16,393 - DRAM Swap = 0.0 GB
2026-09-03 05:41:16,393 - 
2026-09-03 05:41:16,600 - VRAM Total = [140.4] GB
2026-09-03 05:41:16,600 - VRAM Used = [12.75] GB
2026-09-03 05:41:16,600 - 
2026-09-03 05:41:16,625 - Get SMARTINFO error, error=Expecting value: line 1 column 1 (char 0)
2026-09-03 05:41:16,625 - 
2026-09-03 05:41:16,625 - ================================================================================
2026-09-03 05:41:17,626 - DRAM Used + Cache + Buffer + Swap = 60.3 GB
2026-09-03 05:41:17,627 - DRAM Used + Cache + Buffer = 60.3 GB
2026-09-03 05:41:17,627 - DRAM Used = 34.28 GB
2026-09-03 05:41:17,627 - DRAM Swap = 0.0 GB
2026-09-03 05:41:17,627 - 
2026-09-03 05:41:17,835 - VRAM Total = [140.4] GB
2026-09-03 05:41:17,836 - VRAM Used = [12.75] GB
2026-09-03 05:41:17,836 - 
2026-09-03 05:41:17,860 - Get SMARTINFO error, error=Expecting value: line 1 column 1 (char 0)
2026-09-03 05:41:17,860 - 
2026-09-03 05:41:17,860 - ================================================================================
2026-09-03 05:41:18,861 - DRAM Used + Cache + Buffer + Swap = 60.29 GB
2026-09-03 05:41:18,862 - DRAM Used + Cache + Buffer = 60.29 GB
2026-09-03 05:41:18,862 - DRAM Used = 34.28 GB
2026-09-03 05:41:18,862 - DRAM Swap = 0.0 GB
2026-09-03 05:41:18,862 - 
2026-09-03 05:41:19,070 - VRAM Total = [140.4] GB
2026-09-03 05:41:19,070 - VRAM Used = [7.12] GB
2026-09-03 05:41:19,070 - 
2026-09-03 05:41:19,098 - Get SMARTINFO error, error=Expecting value: line 1 column 1 (char 0)
2026-09-03 05:41:19,098 - 
2026-09-03 05:41:19,098 - ================================================================================
2026-09-03 05:41:20,100 - DRAM Used + Cache + Buffer + Swap = 60.29 GB
2026-09-03 05:41:20,100 - DRAM Used + Cache + Buffer = 60.29 GB
2026-09-03 05:41:20,100 - DRAM Used = 34.28 GB
2026-09-03 05:41:20,100 - DRAM Swap = 0.0 GB
2026-09-03 05:41:20,100 - 
2026-09-03 05:41:20,312 - VRAM Total = [140.4] GB
2026-09-03 05:41:20,312 - VRAM Used = [7.12] GB
2026-09-03 05:41:20,312 - 
2026-09-03 05:41:20,333 - Get SMARTINFO error, error=Expecting value: line 1 column 1 (char 0)
2026-09-03 05:41:20,333 - 
2026-09-03 05:41:20,333 - ================================================================================
2026-09-03 05:41:21,335 - DRAM Used + Cache + Buffer + Swap = 60.29 GB
2026-09-03 05:41:21,335 - DRAM Used + Cache + Buffer = 60.29 GB
2026-09-03 05:41:21,335 - DRAM Used = 34.28 GB
2026-09-03 05:41:21,335 - DRAM Swap = 0.0 GB
2026-09-03 05:41:21,335 - 
2026-09-03 05:41:21,542 - VRAM Total = [140.4] GB
2026-09-03 05:41:21,543 - VRAM Used = [9.0] GB
2026-09-03 05:41:21,543 - 
2026-09-03 05:41:21,568 - Get SMARTINFO error, error=Expecting value: line 1 column 1 (char 0)
2026-09-03 05:41:21,568 - 
2026-09-03 05:41:21,568 - ================================================================================
2026-09-03 05:41:22,569 - DRAM Used + Cache + Buffer + Swap = 60.29 GB
2026-09-03 05:41:22,569 - DRAM Used + Cache + Buffer = 60.29 GB
2026-09-03 05:41:22,569 - DRAM Used = 34.27 GB
2026-09-03 05:41:22,569 - DRAM Swap = 0.0 GB
2026-09-03 05:41:22,569 - 
2026-09-03 05:41:22,775 - VRAM Total = [140.4] GB
2026-09-03 05:41:22,775 - VRAM Used = [9.0] GB
2026-09-03 05:41:22,775 - 
2026-09-03 05:41:22,798 - Get SMARTINFO error, error=Expecting value: line 1 column 1 (char 0)
2026-09-03 05:41:22,798 - 
2026-09-03 05:41:22,798 - ================================================================================
2026-09-03 05:41:23,799 - DRAM Used + Cache + Buffer + Swap = 60.29 GB
2026-09-03 05:41:23,799 - DRAM Used + Cache + Buffer = 60.29 GB
2026-09-03 05:41:23,800 - DRAM Used = 34.27 GB
2026-09-03 05:41:23,800 - DRAM Swap = 0.0 GB
2026-09-03 05:41:23,800 - 
2026-09-03 05:41:24,005 - VRAM Total = [140.4] GB
2026-09-03 05:41:24,005 - VRAM Used = [9.0] GB
2026-09-03 05:41:24,006 - 
2026-09-03 05:41:24,026 - Get SMARTINFO error, error=Expecting value: line 1 column 1 (char 0)
2026-09-03 05:41:24,027 - 
2026-09-03 05:41:24,027 - ================================================================================
2026-09-03 05:41:25,028 - DRAM Used + Cache + Buffer + Swap = 60.28 GB
2026-09-03 05:41:25,028 - DRAM Used + Cache + Buffer = 60.28 GB
2026-09-03 05:41:25,028 - DRAM Used = 34.27 GB
2026-09-03 05:41:25,028 - DRAM Swap = 0.0 GB
2026-09-03 05:41:25,028 - 
2026-09-03 05:41:25,233 - VRAM Total = [140.4] GB
2026-09-03 05:41:25,234 - VRAM Used = [9.0] GB
2026-09-03 05:41:25,234 - 
2026-09-03 05:41:25,257 - Get SMARTINFO error, error=Expecting value: line 1 column 1 (char 0)
2026-09-03 05:41:25,257 - 
2026-09-03 05:41:25,258 - ================================================================================
2026-09-03 05:41:26,258 - DRAM Used + Cache + Buffer + Swap = 60.28 GB
2026-09-03 05:41:26,259 - DRAM Used + Cache + Buffer = 60.28 GB
2026-09-03 05:41:26,259 - DRAM Used = 34.27 GB
2026-09-03 05:41:26,259 - DRAM Swap = 0.0 GB
2026-09-03 05:41:26,259 - 
2026-09-03 05:41:26,464 - VRAM Total = [140.4] GB
2026-09-03 05:41:26,464 - VRAM Used = [12.75] GB
2026-09-03 05:41:26,464 - 
2026-09-03 05:41:26,487 - Get SMARTINFO error, error=Expecting value: line 1 column 1 (char 0)
2026-09-03 05:41:26,488 - 
2026-09-03 05:41:26,488 - ================================================================================
2026-09-03 05:41:27,488 - DRAM Used + Cache + Buffer + Swap = 60.28 GB
2026-09-03 05:41:27,488 - DRAM Used + Cache + Buffer = 60.28 GB
2026-09-03 05:41:27,488 - DRAM Used = 34.26 GB
2026-09-03 05:41:27,488 - DRAM Swap = 0.0 GB
2026-09-03 05:41:27,488 - 
2026-09-03 05:41:27,691 - VRAM Total = [140.4] GB
2026-09-03 05:41:27,691 - VRAM Used = [7.12] GB
2026-09-03 05:41:27,691 - 
2026-09-03 05:41:27,713 - Get SMARTINFO error, error=Expecting value: line 1 column 1 (char 0)
2026-09-03 05:41:27,713 - 
2026-09-03 05:41:27,713 - ================================================================================
2026-09-03 05:41:28,714 - DRAM Used + Cache + Buffer + Swap = 60.28 GB
2026-09-03 05:41:28,715 - DRAM Used + Cache + Buffer = 60.28 GB
2026-09-03 05:41:28,715 - DRAM Used = 34.26 GB
2026-09-03 05:41:28,715 - DRAM Swap = 0.0 GB
2026-09-03 05:41:28,715 - 
2026-09-03 05:41:28,921 - VRAM Total = [140.4] GB
2026-09-03 05:41:28,921 - VRAM Used = [9.0] GB
2026-09-03 05:41:28,921 - 
2026-09-03 05:41:28,949 - Get SMARTINFO error, error=Expecting value: line 1 column 1 (char 0)
2026-09-03 05:41:28,949 - 
2026-09-03 05:41:28,949 - ================================================================================
2026-09-03 05:41:29,951 - DRAM Used + Cache + Buffer + Swap = 60.28 GB
2026-09-03 05:41:29,951 - DRAM Used + Cache + Buffer = 60.28 GB
2026-09-03 05:41:29,951 - DRAM Used = 34.26 GB
2026-09-03 05:41:29,951 - DRAM Swap = 0.0 GB
2026-09-03 05:41:29,951 - 
2026-09-03 05:41:30,158 - VRAM Total = [140.4] GB
2026-09-03 05:41:30,158 - VRAM Used = [9.0] GB
2026-09-03 05:41:30,158 - 
2026-09-03 05:41:30,181 - Get SMARTINFO error, error=Expecting value: line 1 column 1 (char 0)
2026-09-03 05:41:30,182 - 
2026-09-03 05:41:30,182 - ================================================================================
2026-09-03 05:41:31,183 - DRAM Used + Cache + Buffer + Swap = 60.28 GB
2026-09-03 05:41:31,183 - DRAM Used + Cache + Buffer = 60.28 GB
2026-09-03 05:41:31,183 - DRAM Used = 34.26 GB
2026-09-03 05:41:31,183 - DRAM Swap = 0.0 GB
2026-09-03 05:41:31,183 - 
2026-09-03 05:41:31,389 - VRAM Total = [140.4] GB
2026-09-03 05:41:31,389 - VRAM Used = [9.0] GB
2026-09-03 05:41:31,389 - 
2026-09-03 05:41:31,413 - Get SMARTINFO error, error=Expecting value: line 1 column 1 (char 0)
2026-09-03 05:41:31,414 - 
2026-09-03 05:41:31,414 - ================================================================================
2026-09-03 05:41:32,415 - DRAM Used + Cache + Buffer + Swap = 60.28 GB
2026-09-03 05:41:32,415 - DRAM Used + Cache + Buffer = 60.28 GB
2026-09-03 05:41:32,415 - DRAM Used = 34.26 GB
2026-09-03 05:41:32,415 - DRAM Swap = 0.0 GB
2026-09-03 05:41:32,415 - 
2026-09-03 05:41:32,620 - VRAM Total = [140.4] GB
2026-09-03 05:41:32,621 - VRAM Used = [9.0] GB
2026-09-03 05:41:32,621 - 
2026-09-03 05:41:32,643 - Get SMARTINFO error, error=Expecting value: line 1 column 1 (char 0)
2026-09-03 05:41:32,644 - 
2026-09-03 05:41:32,644 - ================================================================================
2026-09-03 05:41:33,645 - DRAM Used + Cache + Buffer + Swap = 60.27 GB
2026-09-03 05:41:33,645 - DRAM Used + Cache + Buffer = 60.27 GB
2026-09-03 05:41:33,645 - DRAM Used = 34.26 GB
2026-09-03 05:41:33,645 - DRAM Swap = 0.0 GB
2026-09-03 05:41:33,645 - 
2026-09-03 05:41:33,851 - VRAM Total = [140.4] GB
2026-09-03 05:41:33,851 - VRAM Used = [9.0] GB
2026-09-03 05:41:33,851 - 
2026-09-03 05:41:33,875 - Get SMARTINFO error, error=Expecting value: line 1 column 1 (char 0)
2026-09-03 05:41:33,875 - 
2026-09-03 05:41:33,876 - ================================================================================
2026-09-03 05:41:34,877 - DRAM Used + Cache + Buffer + Swap = 60.27 GB
2026-09-03 05:41:34,877 - DRAM Used + Cache + Buffer = 60.27 GB
2026-09-03 05:41:34,877 - DRAM Used = 34.25 GB
2026-09-03 05:41:34,877 - DRAM Swap = 0.0 GB
2026-09-03 05:41:34,877 - 
2026-09-03 05:41:35,083 - VRAM Total = [140.4] GB
2026-09-03 05:41:35,083 - VRAM Used = [9.0] GB
2026-09-03 05:41:35,083 - 
2026-09-03 05:41:35,106 - Get SMARTINFO error, error=Expecting value: line 1 column 1 (char 0)
2026-09-03 05:41:35,107 - 
2026-09-03 05:41:35,107 - ================================================================================
2026-09-03 05:41:36,108 - DRAM Used + Cache + Buffer + Swap = 60.27 GB
2026-09-03 05:41:36,108 - DRAM Used + Cache + Buffer = 60.27 GB
2026-09-03 05:41:36,108 - DRAM Used = 34.25 GB
2026-09-03 05:41:36,108 - DRAM Swap = 0.0 GB
2026-09-03 05:41:36,108 - 
2026-09-03 05:41:36,313 - VRAM Total = [140.4] GB
2026-09-03 05:41:36,313 - VRAM Used = [9.0] GB
2026-09-03 05:41:36,313 - 
2026-09-03 05:41:36,336 - Get SMARTINFO error, error=Expecting value: line 1 column 1 (char 0)
2026-09-03 05:41:36,337 - 
2026-09-03 05:41:36,337 - ================================================================================
2026-09-03 05:41:37,338 - DRAM Used + Cache + Buffer + Swap = 60.26 GB
2026-09-03 05:41:37,338 - DRAM Used + Cache + Buffer = 60.26 GB
2026-09-03 05:41:37,338 - DRAM Used = 34.25 GB
2026-09-03 05:41:37,338 - DRAM Swap = 0.0 GB
2026-09-03 05:41:37,338 - 
2026-09-03 05:41:37,544 - VRAM Total = [140.4] GB
2026-09-03 05:41:37,545 - VRAM Used = [12.75] GB
2026-09-03 05:41:37,545 - 
2026-09-03 05:41:37,568 - Get SMARTINFO error, error=Expecting value: line 1 column 1 (char 0)
2026-09-03 05:41:37,568 - 
2026-09-03 05:41:37,568 - ================================================================================
2026-09-03 05:41:38,569 - DRAM Used + Cache + Buffer + Swap = 60.26 GB
2026-09-03 05:41:38,569 - DRAM Used + Cache + Buffer = 60.26 GB
2026-09-03 05:41:38,569 - DRAM Used = 34.25 GB
2026-09-03 05:41:38,569 - DRAM Swap = 0.0 GB
2026-09-03 05:41:38,570 - 
2026-09-03 05:41:38,775 - VRAM Total = [140.4] GB
2026-09-03 05:41:38,775 - VRAM Used = [7.12] GB
2026-09-03 05:41:38,775 - 
2026-09-03 05:41:38,799 - Get SMARTINFO error, error=Expecting value: line 1 column 1 (char 0)
2026-09-03 05:41:38,799 - 
2026-09-03 05:41:38,799 - ================================================================================
2026-09-03 05:41:39,800 - DRAM Used + Cache + Buffer + Swap = 60.26 GB
2026-09-03 05:41:39,800 - DRAM Used + Cache + Buffer = 60.26 GB
2026-09-03 05:41:39,800 - DRAM Used = 34.25 GB
2026-09-03 05:41:39,800 - DRAM Swap = 0.0 GB
2026-09-03 05:41:39,800 - 
2026-09-03 05:41:40,007 - VRAM Total = [140.4] GB
2026-09-03 05:41:40,007 - VRAM Used = [9.0] GB
2026-09-03 05:41:40,007 - 
2026-09-03 05:41:40,030 - Get SMARTINFO error, error=Expecting value: line 1 column 1 (char 0)
2026-09-03 05:41:40,030 - 
2026-09-03 05:41:40,030 - ================================================================================
2026-09-03 05:41:41,031 - DRAM Used + Cache + Buffer + Swap = 60.26 GB
2026-09-03 05:41:41,032 - DRAM Used + Cache + Buffer = 60.26 GB
2026-09-03 05:41:41,032 - DRAM Used = 34.24 GB
2026-09-03 05:41:41,032 - DRAM Swap = 0.0 GB
2026-09-03 05:41:41,032 - 
2026-09-03 05:41:41,237 - VRAM Total = [140.4] GB
2026-09-03 05:41:41,237 - VRAM Used = [9.0] GB
2026-09-03 05:41:41,237 - 
2026-09-03 05:41:41,260 - Get SMARTINFO error, error=Expecting value: line 1 column 1 (char 0)
2026-09-03 05:41:41,261 - 
2026-09-03 05:41:41,261 - ================================================================================
2026-09-03 05:41:42,262 - DRAM Used + Cache + Buffer + Swap = 60.26 GB
2026-09-03 05:41:42,262 - DRAM Used + Cache + Buffer = 60.26 GB
2026-09-03 05:41:42,262 - DRAM Used = 34.24 GB
2026-09-03 05:41:42,262 - DRAM Swap = 0.0 GB
2026-09-03 05:41:42,263 - 
2026-09-03 05:41:42,469 - VRAM Total = [140.4] GB
2026-09-03 05:41:42,469 - VRAM Used = [9.0] GB
2026-09-03 05:41:42,469 - 
2026-09-03 05:41:42,492 - Get SMARTINFO error, error=Expecting value: line 1 column 1 (char 0)
2026-09-03 05:41:42,493 - 
2026-09-03 05:41:42,493 - ================================================================================
2026-09-03 05:41:43,494 - DRAM Used + Cache + Buffer + Swap = 59.94 GB
2026-09-03 05:41:43,494 - DRAM Used + Cache + Buffer = 59.94 GB
2026-09-03 05:41:43,494 - DRAM Used = 33.92 GB
2026-09-03 05:41:43,494 - DRAM Swap = 0.0 GB
2026-09-03 05:41:43,494 - 
2026-09-03 05:41:43,700 - VRAM Total = [140.4] GB
2026-09-03 05:41:43,700 - VRAM Used = [9.0] GB
2026-09-03 05:41:43,700 - 
2026-09-03 05:41:43,722 - Get SMARTINFO error, error=Expecting value: line 1 column 1 (char 0)
2026-09-03 05:41:43,722 - 
2026-09-03 05:41:43,723 - ================================================================================
2026-09-03 05:41:44,723 - DRAM Used + Cache + Buffer + Swap = 59.94 GB
2026-09-03 05:41:44,724 - DRAM Used + Cache + Buffer = 59.94 GB
2026-09-03 05:41:44,724 - DRAM Used = 33.92 GB
2026-09-03 05:41:44,724 - DRAM Swap = 0.0 GB
2026-09-03 05:41:44,724 - 
2026-09-03 05:41:44,929 - VRAM Total = [140.4] GB
2026-09-03 05:41:44,929 - VRAM Used = [9.0] GB
2026-09-03 05:41:44,930 - 
2026-09-03 05:41:44,952 - Get SMARTINFO error, error=Expecting value: line 1 column 1 (char 0)
2026-09-03 05:41:44,952 - 
2026-09-03 05:41:44,952 - ================================================================================
2026-09-03 05:41:45,953 - DRAM Used + Cache + Buffer + Swap = 59.93 GB
2026-09-03 05:41:45,953 - DRAM Used + Cache + Buffer = 59.93 GB
2026-09-03 05:41:45,953 - DRAM Used = 33.92 GB
2026-09-03 05:41:45,953 - DRAM Swap = 0.0 GB
2026-09-03 05:41:45,953 - 
2026-09-03 05:41:46,158 - VRAM Total = [140.4] GB
2026-09-03 05:41:46,159 - VRAM Used = [9.0] GB
2026-09-03 05:41:46,159 - 
2026-09-03 05:41:46,181 - Get SMARTINFO error, error=Expecting value: line 1 column 1 (char 0)
2026-09-03 05:41:46,182 - 
2026-09-03 05:41:46,182 - ================================================================================
2026-09-03 05:41:47,183 - DRAM Used + Cache + Buffer + Swap = 59.93 GB
2026-09-03 05:41:47,183 - DRAM Used + Cache + Buffer = 59.93 GB
2026-09-03 05:41:47,183 - DRAM Used = 33.92 GB
2026-09-03 05:41:47,183 - DRAM Swap = 0.0 GB
2026-09-03 05:41:47,183 - 
2026-09-03 05:41:47,389 - VRAM Total = [140.4] GB
2026-09-03 05:41:47,389 - VRAM Used = [9.0] GB
2026-09-03 05:41:47,389 - 
2026-09-03 05:41:47,410 - Get SMARTINFO error, error=Expecting value: line 1 column 1 (char 0)
2026-09-03 05:41:47,410 - 
2026-09-03 05:41:47,410 - ================================================================================
2026-09-03 05:41:48,412 - DRAM Used + Cache + Buffer + Swap = 59.93 GB
2026-09-03 05:41:48,412 - DRAM Used + Cache + Buffer = 59.93 GB
2026-09-03 05:41:48,412 - DRAM Used = 33.91 GB
2026-09-03 05:41:48,412 - DRAM Swap = 0.0 GB
2026-09-03 05:41:48,412 - 
2026-09-03 05:41:48,619 - VRAM Total = [140.4] GB
2026-09-03 05:41:48,619 - VRAM Used = [12.75] GB
2026-09-03 05:41:48,619 - 
2026-09-03 05:41:48,642 - Get SMARTINFO error, error=Expecting value: line 1 column 1 (char 0)
2026-09-03 05:41:48,642 - 
2026-09-03 05:41:48,642 - ================================================================================
2026-09-03 05:41:49,644 - DRAM Used + Cache + Buffer + Swap = 59.93 GB
2026-09-03 05:41:49,644 - DRAM Used + Cache + Buffer = 59.93 GB
2026-09-03 05:41:49,644 - DRAM Used = 33.91 GB
2026-09-03 05:41:49,644 - DRAM Swap = 0.0 GB
2026-09-03 05:41:49,644 - 
2026-09-03 05:41:49,850 - VRAM Total = [140.4] GB
2026-09-03 05:41:49,851 - VRAM Used = [7.12] GB
2026-09-03 05:41:49,851 - 
2026-09-03 05:41:49,874 - Get SMARTINFO error, error=Expecting value: line 1 column 1 (char 0)
2026-09-03 05:41:49,874 - 
2026-09-03 05:41:49,874 - ================================================================================
2026-09-03 05:41:50,875 - DRAM Used + Cache + Buffer + Swap = 59.93 GB
2026-09-03 05:41:50,875 - DRAM Used + Cache + Buffer = 59.93 GB
2026-09-03 05:41:50,875 - DRAM Used = 33.91 GB
2026-09-03 05:41:50,875 - DRAM Swap = 0.0 GB
2026-09-03 05:41:50,875 - 
2026-09-03 05:41:51,082 - VRAM Total = [140.4] GB
2026-09-03 05:41:51,082 - VRAM Used = [9.0] GB
2026-09-03 05:41:51,082 - 
2026-09-03 05:41:51,109 - Get SMARTINFO error, error=Expecting value: line 1 column 1 (char 0)
2026-09-03 05:41:51,109 - 
2026-09-03 05:41:51,109 - ================================================================================
2026-09-03 05:41:52,110 - DRAM Used + Cache + Buffer + Swap = 59.92 GB
2026-09-03 05:41:52,110 - DRAM Used + Cache + Buffer = 59.92 GB
2026-09-03 05:41:52,110 - DRAM Used = 33.91 GB
2026-09-03 05:41:52,110 - DRAM Swap = 0.0 GB
2026-09-03 05:41:52,111 - 
2026-09-03 05:41:52,316 - VRAM Total = [140.4] GB
2026-09-03 05:41:52,316 - VRAM Used = [9.0] GB
2026-09-03 05:41:52,316 - 
2026-09-03 05:41:52,337 - Get SMARTINFO error, error=Expecting value: line 1 column 1 (char 0)
2026-09-03 05:41:52,337 - 
2026-09-03 05:41:52,337 - ================================================================================
2026-09-03 05:41:53,338 - DRAM Used + Cache + Buffer + Swap = 54.23 GB
2026-09-03 05:41:53,339 - DRAM Used + Cache + Buffer = 54.23 GB
2026-09-03 05:41:53,339 - DRAM Used = 28.21 GB
2026-09-03 05:41:53,339 - DRAM Swap = 0.0 GB
2026-09-03 05:41:53,339 - 
2026-09-03 05:41:54,074 - VRAM Total = [140.4] GB
2026-09-03 05:41:54,075 - VRAM Used = [8.98] GB
2026-09-03 05:41:54,075 - 
2026-09-03 05:41:54,099 - Get SMARTINFO error, error=Expecting value: line 1 column 1 (char 0)
2026-09-03 05:41:54,099 - 
2026-09-03 05:41:54,099 - ================================================================================
2026-09-03 05:41:55,101 - DRAM Used + Cache + Buffer + Swap = 44.17 GB
2026-09-03 05:41:55,101 - DRAM Used + Cache + Buffer = 44.17 GB
2026-09-03 05:41:55,101 - DRAM Used = 18.21 GB
2026-09-03 05:41:55,101 - DRAM Swap = 0.0 GB
2026-09-03 05:41:55,101 - 
2026-09-03 05:41:55,305 - VRAM Total = [140.4] GB
2026-09-03 05:41:55,306 - VRAM Used = [0.1] GB
2026-09-03 05:41:55,306 - 
2026-09-03 05:41:55,329 - Get SMARTINFO error, error=Expecting value: line 1 column 1 (char 0)
2026-09-03 05:41:55,329 - 
2026-09-03 05:41:55,329 - ================================================================================
2026-09-03 05:41:56,330 - DRAM Used + Cache + Buffer + Swap = 44.17 GB
2026-09-03 05:41:56,331 - DRAM Used + Cache + Buffer = 44.17 GB
2026-09-03 05:41:56,331 - DRAM Used = 18.2 GB
2026-09-03 05:41:56,331 - DRAM Swap = 0.0 GB
2026-09-03 05:41:56,331 - 
2026-09-03 05:41:56,536 - VRAM Total = [140.4] GB
2026-09-03 05:41:56,536 - VRAM Used = [0.1] GB
2026-09-03 05:41:56,536 - 
2026-09-03 05:41:56,559 - Get SMARTINFO error, error=Expecting value: line 1 column 1 (char 0)
2026-09-03 05:41:56,559 - 
2026-09-03 05:41:56,559 - ================================================================================
2026-09-03 05:41:57,560 - DRAM Used + Cache + Buffer + Swap = 44.17 GB
2026-09-03 05:41:57,560 - DRAM Used + Cache + Buffer = 44.17 GB
2026-09-03 05:41:57,560 - DRAM Used = 18.2 GB
2026-09-03 05:41:57,560 - DRAM Swap = 0.0 GB
2026-09-03 05:41:57,560 - 
2026-09-03 05:41:57,765 - VRAM Total = [140.4] GB
2026-09-03 05:41:57,765 - VRAM Used = [0.1] GB
2026-09-03 05:41:57,765 - 
2026-09-03 05:41:57,787 - Get SMARTINFO error, error=Expecting value: line 1 column 1 (char 0)
2026-09-03 05:41:57,787 - 
2026-09-03 05:41:57,787 - ================================================================================
2026-09-03 05:41:58,788 - ================================================================================
2026-09-03 05:41:58,789 - dram total = [21.04, 21.33, 21.4, 21.49, 21.51, 21.56, 21.58, 21.58, 21.61, 21.83, 22.07, 22.51, 22.66, 22.8, 22.8, 22.8, 22.8, 22.8, 22.8, 22.8, 22.8, 22.78, 22.78, 22.78, 22.78, 22.78, 22.78, 22.77, 22.77, 22.77, 22.76, 22.74, 22.74, 22.73, 22.75, 22.75, 22.75, 22.75, 22.75, 22.75, 22.75, 22.75, 22.75, 22.74, 22.75, 22.75, 22.75, 22.75, 22.74, 22.74, 22.74, 22.74, 22.74, 22.74, 22.73, 22.73, 22.73, 22.73, 22.73, 22.73, 22.73, 22.73, 22.74, 22.74, 22.74, 22.74, 22.74, 22.74, 22.74, 22.74, 22.74, 22.74, 22.74, 22.73, 22.73, 22.73, 22.73, 22.73, 22.73, 24.41, 28.56, 30.66, 32.9, 34.98, 37.06, 39.07, 41.32, 42.5, 43.21, 43.93, 43.98, 43.99, 43.99, 43.99, 44.0, 44.01, 44.01, 44.01, 44.01, 44.01, 44.01, 44.01, 44.02, 45.05, 46.33, 46.68, 47.35, 49.3, 51.24, 52.72, 60.85, 58.56, 57.83, 57.92, 58.11, 58.17, 58.16, 57.77, 58.04, 57.71, 58.17, 58.17, 57.56, 57.86, 57.53, 57.84, 57.68, 57.39, 57.14, 57.24, 57.91, 58.85, 59.03, 59.04, 59.01, 59.37, 59.57, 59.52, 59.51, 59.61, 59.66, 59.65, 59.98, 59.95, 59.92, 59.86, 59.87, 59.83, 59.81, 59.81, 59.82, 59.78, 59.75, 59.76, 59.78, 59.75, 59.96, 59.91, 59.91, 59.87, 59.83, 59.82, 58.95, 58.9, 58.85, 58.81, 58.78, 58.72, 58.68, 58.67, 58.63, 58.61, 58.56, 58.54, 58.5, 58.46, 58.43, 58.4, 58.38, 58.35, 58.29, 58.27, 58.25, 58.23, 58.2, 58.16, 58.16, 58.13, 58.11, 58.08, 58.05, 58.01, 57.98, 57.98, 57.94, 57.92, 58.7, 61.48, 61.46, 61.41, 61.36, 61.26, 61.19, 61.14, 61.09, 61.03, 60.95, 60.9, 60.86, 60.82, 60.75, 60.71, 60.67, 60.64, 60.59, 60.55, 60.51, 60.49, 60.45, 60.42, 60.39, 60.38, 60.37, 60.37, 60.35, 60.34, 60.34, 60.33, 60.33, 60.32, 60.31, 60.31, 60.3, 60.28, 60.28, 60.28, 60.27, 60.27, 60.27, 60.26, 60.26, 60.26, 60.26, 60.27, 60.26, 60.26, 60.26, 60.26, 60.26, 60.26, 60.25, 60.25, 60.25, 60.25, 60.26, 60.25, 60.37, 60.37, 60.36, 60.36, 60.35, 60.35, 60.34, 60.34, 60.33, 60.33, 60.32, 60.32, 60.33, 60.34, 60.33, 60.33, 60.32, 60.32, 60.31, 60.3, 60.3, 60.3, 60.29, 60.29, 60.29, 60.29, 60.29, 60.28, 60.28, 60.28, 60.28, 60.28, 60.28, 60.28, 60.27, 60.27, 60.27, 60.26, 60.26, 60.26, 60.26, 60.26, 59.94, 59.94, 59.93, 59.93, 59.93, 59.93, 59.93, 59.92, 54.23, 44.17, 44.17, 44.17]
2026-09-03 05:41:58,789 - dram high = [21.04, 21.33, 21.4, 21.49, 21.51, 21.56, 21.58, 21.58, 21.61, 21.83, 22.07, 22.51, 22.66, 22.8, 22.8, 22.8, 22.8, 22.8, 22.8, 22.8, 22.8, 22.78, 22.78, 22.78, 22.78, 22.78, 22.78, 22.77, 22.77, 22.77, 22.76, 22.74, 22.74, 22.73, 22.75, 22.75, 22.75, 22.75, 22.75, 22.75, 22.75, 22.75, 22.75, 22.74, 22.75, 22.75, 22.75, 22.75, 22.74, 22.74, 22.74, 22.74, 22.74, 22.74, 22.73, 22.73, 22.73, 22.73, 22.73, 22.73, 22.73, 22.73, 22.74, 22.74, 22.74, 22.74, 22.74, 22.74, 22.74, 22.74, 22.74, 22.74, 22.74, 22.73, 22.73, 22.73, 22.73, 22.73, 22.73, 24.41, 28.56, 30.66, 32.9, 34.98, 37.06, 39.07, 41.32, 42.5, 43.21, 43.93, 43.98, 43.99, 43.99, 43.99, 44.0, 44.01, 44.01, 44.01, 44.01, 44.01, 44.01, 44.01, 44.02, 45.05, 46.33, 46.68, 47.35, 49.3, 51.24, 52.72, 60.85, 58.56, 57.83, 57.92, 58.11, 58.17, 58.16, 57.77, 58.04, 57.71, 58.17, 58.17, 57.56, 57.86, 57.53, 57.84, 57.68, 57.39, 57.14, 57.24, 57.91, 58.85, 59.03, 59.04, 59.01, 59.37, 59.57, 59.52, 59.51, 59.61, 59.66, 59.65, 59.98, 59.95, 59.92, 59.86, 59.87, 59.83, 59.81, 59.81, 59.82, 59.78, 59.75, 59.76, 59.78, 59.75, 59.96, 59.91, 59.91, 59.87, 59.83, 59.82, 58.95, 58.9, 58.85, 58.81, 58.78, 58.72, 58.68, 58.67, 58.63, 58.61, 58.56, 58.54, 58.5, 58.46, 58.43, 58.4, 58.38, 58.35, 58.29, 58.27, 58.25, 58.23, 58.2, 58.16, 58.16, 58.13, 58.11, 58.08, 58.05, 58.01, 57.98, 57.98, 57.94, 57.92, 58.7, 61.48, 61.46, 61.41, 61.36, 61.26, 61.19, 61.14, 61.09, 61.03, 60.95, 60.9, 60.86, 60.82, 60.75, 60.71, 60.67, 60.64, 60.59, 60.55, 60.51, 60.49, 60.45, 60.42, 60.39, 60.38, 60.37, 60.37, 60.35, 60.34, 60.34, 60.33, 60.33, 60.32, 60.31, 60.31, 60.3, 60.28, 60.28, 60.28, 60.27, 60.27, 60.27, 60.26, 60.26, 60.26, 60.26, 60.27, 60.26, 60.26, 60.26, 60.26, 60.26, 60.26, 60.25, 60.25, 60.25, 60.25, 60.26, 60.25, 60.37, 60.37, 60.36, 60.36, 60.35, 60.35, 60.34, 60.34, 60.33, 60.33, 60.32, 60.32, 60.33, 60.34, 60.33, 60.33, 60.32, 60.32, 60.31, 60.3, 60.3, 60.3, 60.29, 60.29, 60.29, 60.29, 60.29, 60.28, 60.28, 60.28, 60.28, 60.28, 60.28, 60.28, 60.27, 60.27, 60.27, 60.26, 60.26, 60.26, 60.26, 60.26, 59.94, 59.94, 59.93, 59.93, 59.93, 59.93, 59.93, 59.92, 54.23, 44.17, 44.17, 44.17]
2026-09-03 05:41:58,789 - dram low = [18.51, 18.8, 18.84, 18.9, 18.91, 18.95, 18.96, 18.96, 18.99, 19.16, 19.4, 19.77, 19.92, 19.92, 19.92, 19.92, 19.92, 19.92, 19.92, 19.91, 19.92, 19.89, 19.89, 19.89, 19.89, 19.89, 19.89, 19.89, 19.89, 19.88, 19.87, 19.86, 19.85, 19.84, 19.84, 19.84, 19.84, 19.84, 19.84, 19.84, 19.84, 19.84, 19.84, 19.84, 19.84, 19.84, 19.84, 19.84, 19.83, 19.83, 19.83, 19.83, 19.83, 19.83, 19.82, 19.82, 19.82, 19.82, 19.82, 19.82, 19.82, 19.82, 19.83, 19.82, 19.82, 19.82, 19.82, 19.81, 19.81, 19.82, 19.81, 19.81, 19.81, 19.81, 19.81, 19.81, 19.81, 19.81, 19.81, 21.49, 25.63, 25.81, 25.8, 25.79, 25.78, 25.77, 25.76, 26.15, 26.87, 27.59, 27.64, 27.64, 27.64, 27.65, 27.65, 27.66, 27.67, 27.67, 27.67, 27.67, 27.67, 27.66, 27.67, 26.82, 26.13, 26.08, 26.07, 26.05, 26.02, 27.19, 35.31, 33.03, 32.29, 32.38, 32.57, 32.63, 32.62, 32.23, 32.5, 32.17, 32.63, 32.62, 32.02, 32.32, 31.99, 32.3, 32.13, 31.85, 31.6, 31.69, 32.36, 33.31, 33.48, 33.46, 33.42, 33.41, 33.57, 33.53, 33.52, 33.61, 33.67, 33.65, 33.98, 33.95, 33.92, 33.86, 33.87, 33.83, 33.81, 33.82, 33.82, 33.78, 33.75, 33.76, 33.78, 33.76, 33.96, 33.91, 33.91, 33.87, 33.83, 33.82, 32.95, 32.89, 32.84, 32.79, 32.77, 32.71, 32.66, 32.65, 32.62, 32.59, 32.55, 32.53, 32.49, 32.45, 32.42, 32.39, 32.36, 32.33, 32.28, 32.26, 32.24, 32.21, 32.19, 32.15, 32.15, 32.12, 32.1, 32.06, 32.04, 32.0, 31.96, 31.96, 31.93, 31.9, 32.69, 35.46, 35.45, 35.4, 35.34, 35.25, 35.18, 35.12, 35.07, 35.02, 34.93, 34.89, 34.85, 34.8, 34.73, 34.69, 34.66, 34.62, 34.58, 34.53, 34.5, 34.47, 34.43, 34.4, 34.38, 34.37, 34.36, 34.35, 34.34, 34.33, 34.32, 34.32, 34.31, 34.3, 34.3, 34.3, 34.29, 34.27, 34.26, 34.26, 34.26, 34.25, 34.25, 34.25, 34.25, 34.24, 34.25, 34.25, 34.25, 34.24, 34.24, 34.24, 34.24, 34.24, 34.24, 34.24, 34.23, 34.23, 34.24, 34.23, 34.35, 34.35, 34.34, 34.34, 34.34, 34.33, 34.33, 34.32, 34.32, 34.31, 34.31, 34.3, 34.31, 34.32, 34.31, 34.31, 34.31, 34.3, 34.3, 34.29, 34.29, 34.28, 34.28, 34.28, 34.28, 34.27, 34.27, 34.27, 34.27, 34.26, 34.26, 34.26, 34.26, 34.26, 34.26, 34.25, 34.25, 34.25, 34.25, 34.25, 34.24, 34.24, 33.92, 33.92, 33.92, 33.92, 33.91, 33.91, 33.91, 33.91, 28.21, 18.21, 18.2, 18.2]
2026-09-03 05:41:58,790 - dram swap = [0.0, 0.0, 0.0, 0.0, 0.0, 0.0, 0.0, 0.0, 0.0, 0.0, 0.0, 0.0, 0.0, 0.0, 0.0, 0.0, 0.0, 0.0, 0.0, 0.0, 0.0, 0.0, 0.0, 0.0, 0.0, 0.0, 0.0, 0.0, 0.0, 0.0, 0.0, 0.0, 0.0, 0.0, 0.0, 0.0, 0.0, 0.0, 0.0, 0.0, 0.0, 0.0, 0.0, 0.0, 0.0, 0.0, 0.0, 0.0, 0.0, 0.0, 0.0, 0.0, 0.0, 0.0, 0.0, 0.0, 0.0, 0.0, 0.0, 0.0, 0.0, 0.0, 0.0, 0.0, 0.0, 0.0, 0.0, 0.0, 0.0, 0.0, 0.0, 0.0, 0.0, 0.0, 0.0, 0.0, 0.0, 0.0, 0.0, 0.0, 0.0, 0.0, 0.0, 0.0, 0.0, 0.0, 0.0, 0.0, 0.0, 0.0, 0.0, 0.0, 0.0, 0.0, 0.0, 0.0, 0.0, 0.0, 0.0, 0.0, 0.0, 0.0, 0.0, 0.0, 0.0, 0.0, 0.0, 0.0, 0.0, 0.0, 0.0, 0.0, 0.0, 0.0, 0.0, 0.0, 0.0, 0.0, 0.0, 0.0, 0.0, 0.0, 0.0, 0.0, 0.0, 0.0, 0.0, 0.0, 0.0, 0.0, 0.0, 0.0, 0.0, 0.0, 0.0, 0.0, 0.0, 0.0, 0.0, 0.0, 0.0, 0.0, 0.0, 0.0, 0.0, 0.0, 0.0, 0.0, 0.0, 0.0, 0.0, 0.0, 0.0, 0.0, 0.0, 0.0, 0.0, 0.0, 0.0, 0.0, 0.0, 0.0, 0.0, 0.0, 0.0, 0.0, 0.0, 0.0, 0.0, 0.0, 0.0, 0.0, 0.0, 0.0, 0.0, 0.0, 0.0, 0.0, 0.0, 0.0, 0.0, 0.0, 0.0, 0.0, 0.0, 0.0, 0.0, 0.0, 0.0, 0.0, 0.0, 0.0, 0.0, 0.0, 0.0, 0.0, 0.0, 0.0, 0.0, 0.0, 0.0, 0.0, 0.0, 0.0, 0.0, 0.0, 0.0, 0.0, 0.0, 0.0, 0.0, 0.0, 0.0, 0.0, 0.0, 0.0, 0.0, 0.0, 0.0, 0.0, 0.0, 0.0, 0.0, 0.0, 0.0, 0.0, 0.0, 0.0, 0.0, 0.0, 0.0, 0.0, 0.0, 0.0, 0.0, 0.0, 0.0, 0.0, 0.0, 0.0, 0.0, 0.0, 0.0, 0.0, 0.0, 0.0, 0.0, 0.0, 0.0, 0.0, 0.0, 0.0, 0.0, 0.0, 0.0, 0.0, 0.0, 0.0, 0.0, 0.0, 0.0, 0.0, 0.0, 0.0, 0.0, 0.0, 0.0, 0.0, 0.0, 0.0, 0.0, 0.0, 0.0, 0.0, 0.0, 0.0, 0.0, 0.0, 0.0, 0.0, 0.0, 0.0, 0.0, 0.0, 0.0, 0.0, 0.0, 0.0, 0.0, 0.0, 0.0, 0.0, 0.0, 0.0, 0.0, 0.0, 0.0, 0.0, 0.0, 0.0, 0.0, 0.0, 0.0, 0.0, 0.0, 0.0, 0.0, 0.0, 0.0, 0.0]
2026-09-03 05:41:58,800 - Dram analysis 
     Dram Used+Cache+Buffer+Swap (GB)  Dram Used+Cache+Buffer (GB)  Dram Used (GB)  Dram Swap (GB)
max                             40.44                        40.44           16.95             0.0
min                              0.00                         0.00            0.00             0.0
avg                             27.26                        27.26           10.76             0.0
2026-09-03 05:41:58,832 - 
2026-09-03 05:41:58,832 - ================================================================================
2026-09-03 05:41:58,832 - GPU0 used = [0.1, 0.1, 0.1, 0.1, 0.1, 0.1, 0.1, 0.1, 0.1, 0.35, 0.35, 0.94, 0.94, 2.0, 2.0, 2.0, 2.0, 2.0, 2.0, 2.0, 2.0, 2.0, 2.0, 2.0, 2.0, 2.0, 2.0, 2.0, 2.0, 2.0, 2.0, 2.0, 2.0, 2.0, 2.0, 2.0, 2.0, 2.0, 2.0, 2.0, 2.0, 2.0, 2.0, 2.0, 2.0, 2.0, 2.0, 2.0, 2.0, 2.0, 2.0, 2.0, 2.0, 2.0, 2.0, 2.0, 2.0, 2.0, 2.0, 2.0, 2.0, 2.0, 2.0, 2.0, 2.0, 2.0, 2.0, 2.0, 2.0, 2.0, 2.0, 2.0, 2.0, 2.0, 2.0, 2.0, 2.0, 2.0, 2.0, 2.0, 2.0, 2.01, 2.01, 2.01, 2.01, 2.01, 2.01, 2.01, 2.01, 2.01, 2.01, 2.01, 2.01, 2.01, 2.01, 2.01, 2.01, 2.01, 2.01, 2.01, 2.01, 2.01, 2.01, 2.01, 2.01, 2.01, 2.01, 2.01, 2.01, 2.01, 2.01, 2.02, 2.02, 2.02, 2.02, 2.02, 2.02, 2.02, 2.02, 2.02, 2.02, 2.02, 2.02, 2.02, 2.02, 2.02, 2.02, 2.02, 2.02, 2.02, 2.02, 2.02, 4.02, 4.03, 4.03, 4.15, 5.39, 5.39, 5.39, 7.26, 7.26, 7.26, 7.26, 7.26, 7.26, 7.26, 7.26, 7.26, 7.26, 7.26, 7.26, 7.26, 7.26, 7.26, 7.26, 7.26, 7.26, 7.26, 7.26, 7.26, 7.26, 7.26, 7.26, 7.11, 7.18, 7.18, 7.18, 7.18, 10.93, 7.12, 7.12, 8.99, 9.0, 9.0, 9.0, 9.0, 9.0, 9.0, 7.12, 7.12, 8.99, 9.0, 9.0, 9.0, 9.0, 9.0, 9.0, 7.12, 7.12, 8.99, 9.0, 9.0, 9.0, 9.0, 9.0, 9.0, 12.75, 12.75, 12.75, 12.75, 12.75, 12.75, 12.75, 12.75, 12.75, 12.75, 12.75, 12.75, 12.75, 12.75, 12.75, 12.75, 12.75, 12.75, 12.75, 12.75, 12.75, 12.75, 12.75, 12.75, 12.75, 7.12, 9.0, 9.0, 9.0, 9.0, 9.0, 7.12, 7.12, 9.0, 9.0, 9.0, 9.0, 9.0, 9.0, 12.75, 7.12, 7.12, 9.0, 9.0, 9.0, 9.0, 9.0, 9.0, 12.75, 7.12, 9.0, 9.0, 9.0, 9.0, 9.0, 9.0, 9.0, 12.75, 12.75, 12.75, 12.75, 12.75, 12.75, 12.75, 12.75, 12.75, 12.75, 12.75, 12.75, 12.75, 12.75, 12.75, 12.75, 12.75, 12.75, 12.75, 12.75, 12.75, 12.75, 12.75, 12.75, 12.75, 7.12, 7.12, 9.0, 9.0, 9.0, 9.0, 12.75, 7.12, 9.0, 9.0, 9.0, 9.0, 9.0, 9.0, 9.0, 12.75, 7.12, 9.0, 9.0, 9.0, 9.0, 9.0, 9.0, 9.0, 12.75, 7.12, 9.0, 9.0, 8.98, 0.1, 0.1, 0.1]
2026-09-03 05:41:58,834 - Vram analysis
      GPU0
max  12.75
min   0.10
avg   6.17
2026-09-03 05:41:58,881 - 
2026-09-03 05:41:58,881 - ================================================================================
2026-09-03 05:41:58,905 - Analyze smart info error, error='/dev/nvme1n1'
2026-09-03 05:41:58,906 - 
2026-09-03 05:41:58,906 - ================================================================================
2026-09-03 05:41:58,906 - found mw log = Phison_2026-09-03_0535.log
2026-09-03 05:41:58,911 - The training didn't converge (loss shold less than 1).
2026-09-03 05:41:58,911 - Coverage Time = 0:03:30
2026-09-03 05:41:58,911 - ================================================================================
2026-09-03 05:41:58,911 - Lost List
2026-09-03 05:41:58,911 - [18.37, 14.22, 12.83, 13.53, 4.56, 4.56, 4.56, 9.13, 3.16, 6.17, 4.38, 2.13]
2026-09-03 05:41:58,911 - Forward Time List
2026-09-03 05:41:58,911 - [37.5, 1.93, 1.93, 1.94, 1.93, 1.93, 1.93, 1.93, 1.93, 1.93, 1.93, 1.94]
2026-09-03 05:41:58,911 - Backward Time List
2026-09-03 05:41:58,911 - [6.86, 8.14, 8.16, 8.21, 4.88, 8.15, 8.14, 8.18, 4.83, 8.15, 8.2]
2026-09-03 05:41:58,911 - Backward Update Time List
2026-09-03 05:41:58,911 - [8.21, 8.18]
2026-09-03 05:41:58,911 - Update Time List
2026-09-03 05:41:58,911 - [30.71, 31.02]
2026-09-03 05:41:58,911 - Training Efficiency List
2026-09-03 05:41:58,911 - [75.22, 114.67]
2026-09-03 05:41:58,911 - ================================================================================
2026-09-03 05:41:58,911 - Analysis Section (unit is second)
2026-09-03 05:41:58,917 - Training info 
     Forward  Backward  Backward_Update  Update  Efficiency
max    37.50      8.21             8.21   31.02      114.67
min     1.93      4.83             8.18   30.71       75.22
avg     4.90      7.45             8.20   30.87      114.67
2026-09-03 05:41:58,975 - 
2026-09-03 05:41:58,975 - ================================================================================
2026-09-03 05:41:58,999 - 
