2026-09-03 07:29:30,714 - Platform info 
                                                                       0
IP                                                            172.19.0.2
CPU                                               Intel(R) Xeon(R) 6515P
System Memory                                                 1007.52 GB
Motherboard                                 Giga Computing MSB4-G40-000 
GPU 0                                     NVIDIA H200 NVL, size=140.4 GB
GPU 1                                     NVIDIA H200 NVL, size=140.4 GB
OS Version                                            Ubuntu 24.04.3 LTS
Kernel Version              Linux-7.0.0-28-generic-x86_64-with-glibc2.39
aiDAPTIV+ Version                                            vNXUN205.A1
aiDAPTIV+ Soulution 0      PASCARI A1808K032T00E008T1900             ...
aiDAPTIV+ Soulution 1      PASCARI A1808K032T00E008T1900             ...
2026-09-03 07:29:30,715 - GPU info 
                              0                1
Driver version       580.173.02              NaN
Cuda Version              13000              NaN
Device                    GPU 0            GPU 1
Device Name     NVIDIA H200 NVL  NVIDIA H200 NVL
Total Memory              140.4            140.4
2026-09-03 07:29:30,715 - Training ACC = 4
2026-09-03 07:29:33,826 - DRAM Used + Cache + Buffer + Swap = 21.03 GB
2026-09-03 07:29:33,826 - DRAM Used + Cache + Buffer = 21.03 GB
2026-09-03 07:29:33,826 - DRAM Used = 18.54 GB
2026-09-03 07:29:33,826 - DRAM Swap = 0.0 GB
2026-09-03 07:29:33,826 - 
2026-09-03 07:29:34,095 - VRAM Total = [140.4] GB
2026-09-03 07:29:34,095 - VRAM Used = [0.1] GB
2026-09-03 07:29:34,095 - 
2026-09-03 07:29:34,122 - Get SMARTINFO error, error=Expecting value: line 1 column 1 (char 0)
2026-09-03 07:29:34,122 - 
2026-09-03 07:29:34,122 - ================================================================================
2026-09-03 07:29:35,123 - DRAM Used + Cache + Buffer + Swap = 21.09 GB
2026-09-03 07:29:35,123 - DRAM Used + Cache + Buffer = 21.09 GB
2026-09-03 07:29:35,123 - DRAM Used = 18.57 GB
2026-09-03 07:29:35,123 - DRAM Swap = 0.0 GB
2026-09-03 07:29:35,124 - 
2026-09-03 07:29:35,328 - VRAM Total = [140.4] GB
2026-09-03 07:29:35,328 - VRAM Used = [0.1] GB
2026-09-03 07:29:35,328 - 
2026-09-03 07:29:35,352 - Get SMARTINFO error, error=Expecting value: line 1 column 1 (char 0)
2026-09-03 07:29:35,352 - 
2026-09-03 07:29:35,352 - ================================================================================
2026-09-03 07:29:36,353 - DRAM Used + Cache + Buffer + Swap = 21.25 GB
2026-09-03 07:29:36,354 - DRAM Used + Cache + Buffer = 21.25 GB
2026-09-03 07:29:36,354 - DRAM Used = 18.69 GB
2026-09-03 07:29:36,354 - DRAM Swap = 0.0 GB
2026-09-03 07:29:36,354 - 
2026-09-03 07:29:36,560 - VRAM Total = [140.4] GB
2026-09-03 07:29:36,560 - VRAM Used = [0.1] GB
2026-09-03 07:29:36,560 - 
2026-09-03 07:29:36,585 - Get SMARTINFO error, error=Expecting value: line 1 column 1 (char 0)
2026-09-03 07:29:36,585 - 
2026-09-03 07:29:36,585 - ================================================================================
2026-09-03 07:29:37,586 - DRAM Used + Cache + Buffer + Swap = 21.28 GB
2026-09-03 07:29:37,586 - DRAM Used + Cache + Buffer = 21.28 GB
2026-09-03 07:29:37,586 - DRAM Used = 18.7 GB
2026-09-03 07:29:37,587 - DRAM Swap = 0.0 GB
2026-09-03 07:29:37,587 - 
2026-09-03 07:29:37,791 - VRAM Total = [140.4] GB
2026-09-03 07:29:37,791 - VRAM Used = [0.1] GB
2026-09-03 07:29:37,791 - 
2026-09-03 07:29:37,816 - Get SMARTINFO error, error=Expecting value: line 1 column 1 (char 0)
2026-09-03 07:29:37,816 - 
2026-09-03 07:29:37,816 - ================================================================================
2026-09-03 07:29:38,817 - DRAM Used + Cache + Buffer + Swap = 21.78 GB
2026-09-03 07:29:38,817 - DRAM Used + Cache + Buffer = 21.78 GB
2026-09-03 07:29:38,817 - DRAM Used = 19.15 GB
2026-09-03 07:29:38,818 - DRAM Swap = 0.0 GB
2026-09-03 07:29:38,818 - 
2026-09-03 07:29:39,026 - VRAM Total = [140.4] GB
2026-09-03 07:29:39,026 - VRAM Used = [0.35] GB
2026-09-03 07:29:39,026 - 
2026-09-03 07:29:39,051 - Get SMARTINFO error, error=Expecting value: line 1 column 1 (char 0)
2026-09-03 07:29:39,051 - 
2026-09-03 07:29:39,051 - ================================================================================
2026-09-03 07:29:40,053 - DRAM Used + Cache + Buffer + Swap = 22.16 GB
2026-09-03 07:29:40,053 - DRAM Used + Cache + Buffer = 22.16 GB
2026-09-03 07:29:40,053 - DRAM Used = 19.48 GB
2026-09-03 07:29:40,053 - DRAM Swap = 0.0 GB
2026-09-03 07:29:40,053 - 
2026-09-03 07:29:40,260 - VRAM Total = [140.4] GB
2026-09-03 07:29:40,260 - VRAM Used = [0.49] GB
2026-09-03 07:29:40,260 - 
2026-09-03 07:29:40,283 - Get SMARTINFO error, error=Expecting value: line 1 column 1 (char 0)
2026-09-03 07:29:40,283 - 
2026-09-03 07:29:40,283 - ================================================================================
2026-09-03 07:29:41,284 - DRAM Used + Cache + Buffer + Swap = 22.38 GB
2026-09-03 07:29:41,284 - DRAM Used + Cache + Buffer = 22.38 GB
2026-09-03 07:29:41,284 - DRAM Used = 19.66 GB
2026-09-03 07:29:41,284 - DRAM Swap = 0.0 GB
2026-09-03 07:29:41,284 - 
2026-09-03 07:29:41,490 - VRAM Total = [140.4] GB
2026-09-03 07:29:41,490 - VRAM Used = [0.94] GB
2026-09-03 07:29:41,490 - 
2026-09-03 07:29:41,512 - Get SMARTINFO error, error=Expecting value: line 1 column 1 (char 0)
2026-09-03 07:29:41,512 - 
2026-09-03 07:29:41,512 - ================================================================================
2026-09-03 07:29:42,513 - DRAM Used + Cache + Buffer + Swap = 22.5 GB
2026-09-03 07:29:42,513 - DRAM Used + Cache + Buffer = 22.5 GB
2026-09-03 07:29:42,513 - DRAM Used = 19.66 GB
2026-09-03 07:29:42,513 - DRAM Swap = 0.0 GB
2026-09-03 07:29:42,513 - 
2026-09-03 07:29:42,719 - VRAM Total = [140.4] GB
2026-09-03 07:29:42,720 - VRAM Used = [2.0] GB
2026-09-03 07:29:42,720 - 
2026-09-03 07:29:42,744 - Get SMARTINFO error, error=Expecting value: line 1 column 1 (char 0)
2026-09-03 07:29:42,744 - 
2026-09-03 07:29:42,744 - ================================================================================
2026-09-03 07:29:43,745 - DRAM Used + Cache + Buffer + Swap = 22.49 GB
2026-09-03 07:29:43,746 - DRAM Used + Cache + Buffer = 22.49 GB
2026-09-03 07:29:43,746 - DRAM Used = 19.66 GB
2026-09-03 07:29:43,746 - DRAM Swap = 0.0 GB
2026-09-03 07:29:43,746 - 
2026-09-03 07:29:43,952 - VRAM Total = [140.4] GB
2026-09-03 07:29:43,952 - VRAM Used = [2.0] GB
2026-09-03 07:29:43,952 - 
2026-09-03 07:29:43,976 - Get SMARTINFO error, error=Expecting value: line 1 column 1 (char 0)
2026-09-03 07:29:43,976 - 
2026-09-03 07:29:43,976 - ================================================================================
2026-09-03 07:29:44,977 - DRAM Used + Cache + Buffer + Swap = 22.49 GB
2026-09-03 07:29:44,977 - DRAM Used + Cache + Buffer = 22.49 GB
2026-09-03 07:29:44,977 - DRAM Used = 19.66 GB
2026-09-03 07:29:44,977 - DRAM Swap = 0.0 GB
2026-09-03 07:29:44,977 - 
2026-09-03 07:29:45,183 - VRAM Total = [140.4] GB
2026-09-03 07:29:45,183 - VRAM Used = [2.0] GB
2026-09-03 07:29:45,183 - 
2026-09-03 07:29:45,207 - Get SMARTINFO error, error=Expecting value: line 1 column 1 (char 0)
2026-09-03 07:29:45,207 - 
2026-09-03 07:29:45,207 - ================================================================================
2026-09-03 07:29:46,208 - DRAM Used + Cache + Buffer + Swap = 22.49 GB
2026-09-03 07:29:46,208 - DRAM Used + Cache + Buffer = 22.49 GB
2026-09-03 07:29:46,208 - DRAM Used = 19.66 GB
2026-09-03 07:29:46,208 - DRAM Swap = 0.0 GB
2026-09-03 07:29:46,209 - 
2026-09-03 07:29:46,414 - VRAM Total = [140.4] GB
2026-09-03 07:29:46,414 - VRAM Used = [2.0] GB
2026-09-03 07:29:46,414 - 
2026-09-03 07:29:46,436 - Get SMARTINFO error, error=Expecting value: line 1 column 1 (char 0)
2026-09-03 07:29:46,436 - 
2026-09-03 07:29:46,436 - ================================================================================
2026-09-03 07:29:47,437 - DRAM Used + Cache + Buffer + Swap = 22.49 GB
2026-09-03 07:29:47,437 - DRAM Used + Cache + Buffer = 22.49 GB
2026-09-03 07:29:47,437 - DRAM Used = 19.66 GB
2026-09-03 07:29:47,437 - DRAM Swap = 0.0 GB
2026-09-03 07:29:47,437 - 
2026-09-03 07:29:47,640 - VRAM Total = [140.4] GB
2026-09-03 07:29:47,640 - VRAM Used = [2.0] GB
2026-09-03 07:29:47,640 - 
2026-09-03 07:29:47,662 - Get SMARTINFO error, error=Expecting value: line 1 column 1 (char 0)
2026-09-03 07:29:47,662 - 
2026-09-03 07:29:47,662 - ================================================================================
2026-09-03 07:29:48,663 - DRAM Used + Cache + Buffer + Swap = 22.49 GB
2026-09-03 07:29:48,663 - DRAM Used + Cache + Buffer = 22.49 GB
2026-09-03 07:29:48,663 - DRAM Used = 19.66 GB
2026-09-03 07:29:48,663 - DRAM Swap = 0.0 GB
2026-09-03 07:29:48,663 - 
2026-09-03 07:29:48,869 - VRAM Total = [140.4] GB
2026-09-03 07:29:48,869 - VRAM Used = [2.0] GB
2026-09-03 07:29:48,869 - 
2026-09-03 07:29:48,894 - Get SMARTINFO error, error=Expecting value: line 1 column 1 (char 0)
2026-09-03 07:29:48,895 - 
2026-09-03 07:29:48,895 - ================================================================================
2026-09-03 07:29:49,896 - DRAM Used + Cache + Buffer + Swap = 22.49 GB
2026-09-03 07:29:49,896 - DRAM Used + Cache + Buffer = 22.49 GB
2026-09-03 07:29:49,896 - DRAM Used = 19.66 GB
2026-09-03 07:29:49,896 - DRAM Swap = 0.0 GB
2026-09-03 07:29:49,896 - 
2026-09-03 07:29:50,102 - VRAM Total = [140.4] GB
2026-09-03 07:29:50,102 - VRAM Used = [2.0] GB
2026-09-03 07:29:50,102 - 
2026-09-03 07:29:50,127 - Get SMARTINFO error, error=Expecting value: line 1 column 1 (char 0)
2026-09-03 07:29:50,127 - 
2026-09-03 07:29:50,127 - ================================================================================
2026-09-03 07:29:51,128 - DRAM Used + Cache + Buffer + Swap = 22.49 GB
2026-09-03 07:29:51,128 - DRAM Used + Cache + Buffer = 22.49 GB
2026-09-03 07:29:51,128 - DRAM Used = 19.66 GB
2026-09-03 07:29:51,129 - DRAM Swap = 0.0 GB
2026-09-03 07:29:51,129 - 
2026-09-03 07:29:51,336 - VRAM Total = [140.4] GB
2026-09-03 07:29:51,336 - VRAM Used = [2.0] GB
2026-09-03 07:29:51,336 - 
2026-09-03 07:29:51,362 - Get SMARTINFO error, error=Expecting value: line 1 column 1 (char 0)
2026-09-03 07:29:51,363 - 
2026-09-03 07:29:51,363 - ================================================================================
2026-09-03 07:29:52,364 - DRAM Used + Cache + Buffer + Swap = 22.5 GB
2026-09-03 07:29:52,364 - DRAM Used + Cache + Buffer = 22.5 GB
2026-09-03 07:29:52,364 - DRAM Used = 19.66 GB
2026-09-03 07:29:52,364 - DRAM Swap = 0.0 GB
2026-09-03 07:29:52,364 - 
2026-09-03 07:29:52,570 - VRAM Total = [140.4] GB
2026-09-03 07:29:52,570 - VRAM Used = [2.0] GB
2026-09-03 07:29:52,570 - 
2026-09-03 07:29:52,595 - Get SMARTINFO error, error=Expecting value: line 1 column 1 (char 0)
2026-09-03 07:29:52,595 - 
2026-09-03 07:29:52,596 - ================================================================================
2026-09-03 07:29:53,597 - DRAM Used + Cache + Buffer + Swap = 22.5 GB
2026-09-03 07:29:53,597 - DRAM Used + Cache + Buffer = 22.5 GB
2026-09-03 07:29:53,597 - DRAM Used = 19.66 GB
2026-09-03 07:29:53,597 - DRAM Swap = 0.0 GB
2026-09-03 07:29:53,597 - 
2026-09-03 07:29:53,803 - VRAM Total = [140.4] GB
2026-09-03 07:29:53,803 - VRAM Used = [2.0] GB
2026-09-03 07:29:53,803 - 
2026-09-03 07:29:53,829 - Get SMARTINFO error, error=Expecting value: line 1 column 1 (char 0)
2026-09-03 07:29:53,829 - 
2026-09-03 07:29:53,829 - ================================================================================
2026-09-03 07:29:54,831 - DRAM Used + Cache + Buffer + Swap = 22.48 GB
2026-09-03 07:29:54,831 - DRAM Used + Cache + Buffer = 22.48 GB
2026-09-03 07:29:54,831 - DRAM Used = 19.65 GB
2026-09-03 07:29:54,831 - DRAM Swap = 0.0 GB
2026-09-03 07:29:54,831 - 
2026-09-03 07:29:55,038 - VRAM Total = [140.4] GB
2026-09-03 07:29:55,038 - VRAM Used = [2.0] GB
2026-09-03 07:29:55,038 - 
2026-09-03 07:29:55,062 - Get SMARTINFO error, error=Expecting value: line 1 column 1 (char 0)
2026-09-03 07:29:55,062 - 
2026-09-03 07:29:55,062 - ================================================================================
2026-09-03 07:29:56,063 - DRAM Used + Cache + Buffer + Swap = 22.48 GB
2026-09-03 07:29:56,063 - DRAM Used + Cache + Buffer = 22.48 GB
2026-09-03 07:29:56,063 - DRAM Used = 19.64 GB
2026-09-03 07:29:56,064 - DRAM Swap = 0.0 GB
2026-09-03 07:29:56,064 - 
2026-09-03 07:29:56,270 - VRAM Total = [140.4] GB
2026-09-03 07:29:56,271 - VRAM Used = [2.0] GB
2026-09-03 07:29:56,271 - 
2026-09-03 07:29:56,295 - Get SMARTINFO error, error=Expecting value: line 1 column 1 (char 0)
2026-09-03 07:29:56,295 - 
2026-09-03 07:29:56,295 - ================================================================================
2026-09-03 07:29:57,296 - DRAM Used + Cache + Buffer + Swap = 22.47 GB
2026-09-03 07:29:57,297 - DRAM Used + Cache + Buffer = 22.47 GB
2026-09-03 07:29:57,297 - DRAM Used = 19.63 GB
2026-09-03 07:29:57,297 - DRAM Swap = 0.0 GB
2026-09-03 07:29:57,297 - 
2026-09-03 07:29:57,502 - VRAM Total = [140.4] GB
2026-09-03 07:29:57,503 - VRAM Used = [2.0] GB
2026-09-03 07:29:57,503 - 
2026-09-03 07:29:57,526 - Get SMARTINFO error, error=Expecting value: line 1 column 1 (char 0)
2026-09-03 07:29:57,526 - 
2026-09-03 07:29:57,526 - ================================================================================
2026-09-03 07:29:58,527 - DRAM Used + Cache + Buffer + Swap = 22.46 GB
2026-09-03 07:29:58,528 - DRAM Used + Cache + Buffer = 22.46 GB
2026-09-03 07:29:58,528 - DRAM Used = 19.62 GB
2026-09-03 07:29:58,528 - DRAM Swap = 0.0 GB
2026-09-03 07:29:58,528 - 
2026-09-03 07:29:58,733 - VRAM Total = [140.4] GB
2026-09-03 07:29:58,734 - VRAM Used = [2.0] GB
2026-09-03 07:29:58,734 - 
2026-09-03 07:29:58,757 - Get SMARTINFO error, error=Expecting value: line 1 column 1 (char 0)
2026-09-03 07:29:58,757 - 
2026-09-03 07:29:58,757 - ================================================================================
2026-09-03 07:29:59,758 - DRAM Used + Cache + Buffer + Swap = 22.46 GB
2026-09-03 07:29:59,758 - DRAM Used + Cache + Buffer = 22.46 GB
2026-09-03 07:29:59,758 - DRAM Used = 19.62 GB
2026-09-03 07:29:59,758 - DRAM Swap = 0.0 GB
2026-09-03 07:29:59,759 - 
2026-09-03 07:29:59,964 - VRAM Total = [140.4] GB
2026-09-03 07:29:59,964 - VRAM Used = [2.0] GB
2026-09-03 07:29:59,964 - 
2026-09-03 07:29:59,991 - Get SMARTINFO error, error=Expecting value: line 1 column 1 (char 0)
2026-09-03 07:29:59,991 - 
2026-09-03 07:29:59,991 - ================================================================================
2026-09-03 07:30:00,992 - DRAM Used + Cache + Buffer + Swap = 22.45 GB
2026-09-03 07:30:00,992 - DRAM Used + Cache + Buffer = 22.45 GB
2026-09-03 07:30:00,992 - DRAM Used = 19.61 GB
2026-09-03 07:30:00,992 - DRAM Swap = 0.0 GB
2026-09-03 07:30:00,992 - 
2026-09-03 07:30:01,198 - VRAM Total = [140.4] GB
2026-09-03 07:30:01,198 - VRAM Used = [2.0] GB
2026-09-03 07:30:01,198 - 
2026-09-03 07:30:01,222 - Get SMARTINFO error, error=Expecting value: line 1 column 1 (char 0)
2026-09-03 07:30:01,223 - 
2026-09-03 07:30:01,223 - ================================================================================
2026-09-03 07:30:02,224 - DRAM Used + Cache + Buffer + Swap = 22.45 GB
2026-09-03 07:30:02,224 - DRAM Used + Cache + Buffer = 22.45 GB
2026-09-03 07:30:02,224 - DRAM Used = 19.61 GB
2026-09-03 07:30:02,224 - DRAM Swap = 0.0 GB
2026-09-03 07:30:02,224 - 
2026-09-03 07:30:02,431 - VRAM Total = [140.4] GB
2026-09-03 07:30:02,431 - VRAM Used = [2.0] GB
2026-09-03 07:30:02,431 - 
2026-09-03 07:30:02,456 - Get SMARTINFO error, error=Expecting value: line 1 column 1 (char 0)
2026-09-03 07:30:02,456 - 
2026-09-03 07:30:02,456 - ================================================================================
2026-09-03 07:30:03,457 - DRAM Used + Cache + Buffer + Swap = 22.44 GB
2026-09-03 07:30:03,457 - DRAM Used + Cache + Buffer = 22.44 GB
2026-09-03 07:30:03,457 - DRAM Used = 19.6 GB
2026-09-03 07:30:03,458 - DRAM Swap = 0.0 GB
2026-09-03 07:30:03,458 - 
2026-09-03 07:30:03,664 - VRAM Total = [140.4] GB
2026-09-03 07:30:03,664 - VRAM Used = [2.0] GB
2026-09-03 07:30:03,664 - 
2026-09-03 07:30:03,687 - Get SMARTINFO error, error=Expecting value: line 1 column 1 (char 0)
2026-09-03 07:30:03,687 - 
2026-09-03 07:30:03,687 - ================================================================================
2026-09-03 07:30:04,688 - DRAM Used + Cache + Buffer + Swap = 22.44 GB
2026-09-03 07:30:04,689 - DRAM Used + Cache + Buffer = 22.44 GB
2026-09-03 07:30:04,689 - DRAM Used = 19.6 GB
2026-09-03 07:30:04,689 - DRAM Swap = 0.0 GB
2026-09-03 07:30:04,689 - 
2026-09-03 07:30:04,894 - VRAM Total = [140.4] GB
2026-09-03 07:30:04,895 - VRAM Used = [2.0] GB
2026-09-03 07:30:04,895 - 
2026-09-03 07:30:04,919 - Get SMARTINFO error, error=Expecting value: line 1 column 1 (char 0)
2026-09-03 07:30:04,919 - 
2026-09-03 07:30:04,919 - ================================================================================
2026-09-03 07:30:05,920 - DRAM Used + Cache + Buffer + Swap = 22.44 GB
2026-09-03 07:30:05,920 - DRAM Used + Cache + Buffer = 22.44 GB
2026-09-03 07:30:05,921 - DRAM Used = 19.6 GB
2026-09-03 07:30:05,921 - DRAM Swap = 0.0 GB
2026-09-03 07:30:05,921 - 
2026-09-03 07:30:06,127 - VRAM Total = [140.4] GB
2026-09-03 07:30:06,127 - VRAM Used = [2.0] GB
2026-09-03 07:30:06,127 - 
2026-09-03 07:30:06,152 - Get SMARTINFO error, error=Expecting value: line 1 column 1 (char 0)
2026-09-03 07:30:06,152 - 
2026-09-03 07:30:06,152 - ================================================================================
2026-09-03 07:30:07,153 - DRAM Used + Cache + Buffer + Swap = 22.44 GB
2026-09-03 07:30:07,153 - DRAM Used + Cache + Buffer = 22.44 GB
2026-09-03 07:30:07,153 - DRAM Used = 19.6 GB
2026-09-03 07:30:07,154 - DRAM Swap = 0.0 GB
2026-09-03 07:30:07,154 - 
2026-09-03 07:30:07,359 - VRAM Total = [140.4] GB
2026-09-03 07:30:07,359 - VRAM Used = [2.0] GB
2026-09-03 07:30:07,360 - 
2026-09-03 07:30:07,384 - Get SMARTINFO error, error=Expecting value: line 1 column 1 (char 0)
2026-09-03 07:30:07,384 - 
2026-09-03 07:30:07,384 - ================================================================================
2026-09-03 07:30:08,385 - DRAM Used + Cache + Buffer + Swap = 22.44 GB
2026-09-03 07:30:08,385 - DRAM Used + Cache + Buffer = 22.44 GB
2026-09-03 07:30:08,385 - DRAM Used = 19.6 GB
2026-09-03 07:30:08,386 - DRAM Swap = 0.0 GB
2026-09-03 07:30:08,386 - 
2026-09-03 07:30:08,591 - VRAM Total = [140.4] GB
2026-09-03 07:30:08,591 - VRAM Used = [2.0] GB
2026-09-03 07:30:08,592 - 
2026-09-03 07:30:08,615 - Get SMARTINFO error, error=Expecting value: line 1 column 1 (char 0)
2026-09-03 07:30:08,615 - 
2026-09-03 07:30:08,615 - ================================================================================
2026-09-03 07:30:09,616 - DRAM Used + Cache + Buffer + Swap = 22.44 GB
2026-09-03 07:30:09,617 - DRAM Used + Cache + Buffer = 22.44 GB
2026-09-03 07:30:09,617 - DRAM Used = 19.6 GB
2026-09-03 07:30:09,617 - DRAM Swap = 0.0 GB
2026-09-03 07:30:09,617 - 
2026-09-03 07:30:09,823 - VRAM Total = [140.4] GB
2026-09-03 07:30:09,823 - VRAM Used = [2.0] GB
2026-09-03 07:30:09,823 - 
2026-09-03 07:30:09,845 - Get SMARTINFO error, error=Expecting value: line 1 column 1 (char 0)
2026-09-03 07:30:09,846 - 
2026-09-03 07:30:09,846 - ================================================================================
2026-09-03 07:30:10,847 - DRAM Used + Cache + Buffer + Swap = 22.44 GB
2026-09-03 07:30:10,847 - DRAM Used + Cache + Buffer = 22.44 GB
2026-09-03 07:30:10,847 - DRAM Used = 19.6 GB
2026-09-03 07:30:10,847 - DRAM Swap = 0.0 GB
2026-09-03 07:30:10,847 - 
2026-09-03 07:30:11,053 - VRAM Total = [140.4] GB
2026-09-03 07:30:11,053 - VRAM Used = [2.0] GB
2026-09-03 07:30:11,053 - 
2026-09-03 07:30:11,077 - Get SMARTINFO error, error=Expecting value: line 1 column 1 (char 0)
2026-09-03 07:30:11,078 - 
2026-09-03 07:30:11,078 - ================================================================================
2026-09-03 07:30:12,079 - DRAM Used + Cache + Buffer + Swap = 22.44 GB
2026-09-03 07:30:12,079 - DRAM Used + Cache + Buffer = 22.44 GB
2026-09-03 07:30:12,079 - DRAM Used = 19.6 GB
2026-09-03 07:30:12,079 - DRAM Swap = 0.0 GB
2026-09-03 07:30:12,079 - 
2026-09-03 07:30:12,285 - VRAM Total = [140.4] GB
2026-09-03 07:30:12,285 - VRAM Used = [2.0] GB
2026-09-03 07:30:12,285 - 
2026-09-03 07:30:12,309 - Get SMARTINFO error, error=Expecting value: line 1 column 1 (char 0)
2026-09-03 07:30:12,309 - 
2026-09-03 07:30:12,309 - ================================================================================
2026-09-03 07:30:13,311 - DRAM Used + Cache + Buffer + Swap = 22.44 GB
2026-09-03 07:30:13,311 - DRAM Used + Cache + Buffer = 22.44 GB
2026-09-03 07:30:13,311 - DRAM Used = 19.6 GB
2026-09-03 07:30:13,311 - DRAM Swap = 0.0 GB
2026-09-03 07:30:13,311 - 
2026-09-03 07:30:13,517 - VRAM Total = [140.4] GB
2026-09-03 07:30:13,517 - VRAM Used = [2.0] GB
2026-09-03 07:30:13,517 - 
2026-09-03 07:30:13,539 - Get SMARTINFO error, error=Expecting value: line 1 column 1 (char 0)
2026-09-03 07:30:13,539 - 
2026-09-03 07:30:13,539 - ================================================================================
2026-09-03 07:30:14,540 - DRAM Used + Cache + Buffer + Swap = 22.44 GB
2026-09-03 07:30:14,540 - DRAM Used + Cache + Buffer = 22.44 GB
2026-09-03 07:30:14,540 - DRAM Used = 19.6 GB
2026-09-03 07:30:14,540 - DRAM Swap = 0.0 GB
2026-09-03 07:30:14,540 - 
2026-09-03 07:30:14,746 - VRAM Total = [140.4] GB
2026-09-03 07:30:14,746 - VRAM Used = [2.0] GB
2026-09-03 07:30:14,746 - 
2026-09-03 07:30:14,773 - Get SMARTINFO error, error=Expecting value: line 1 column 1 (char 0)
2026-09-03 07:30:14,773 - 
2026-09-03 07:30:14,773 - ================================================================================
2026-09-03 07:30:15,774 - DRAM Used + Cache + Buffer + Swap = 22.44 GB
2026-09-03 07:30:15,774 - DRAM Used + Cache + Buffer = 22.44 GB
2026-09-03 07:30:15,774 - DRAM Used = 19.6 GB
2026-09-03 07:30:15,774 - DRAM Swap = 0.0 GB
2026-09-03 07:30:15,774 - 
2026-09-03 07:30:15,980 - VRAM Total = [140.4] GB
2026-09-03 07:30:15,980 - VRAM Used = [2.0] GB
2026-09-03 07:30:15,980 - 
2026-09-03 07:30:16,005 - Get SMARTINFO error, error=Expecting value: line 1 column 1 (char 0)
2026-09-03 07:30:16,005 - 
2026-09-03 07:30:16,005 - ================================================================================
2026-09-03 07:30:17,006 - DRAM Used + Cache + Buffer + Swap = 22.43 GB
2026-09-03 07:30:17,006 - DRAM Used + Cache + Buffer = 22.43 GB
2026-09-03 07:30:17,006 - DRAM Used = 19.59 GB
2026-09-03 07:30:17,006 - DRAM Swap = 0.0 GB
2026-09-03 07:30:17,006 - 
2026-09-03 07:30:17,212 - VRAM Total = [140.4] GB
2026-09-03 07:30:17,212 - VRAM Used = [2.0] GB
2026-09-03 07:30:17,212 - 
2026-09-03 07:30:17,236 - Get SMARTINFO error, error=Expecting value: line 1 column 1 (char 0)
2026-09-03 07:30:17,236 - 
2026-09-03 07:30:17,236 - ================================================================================
2026-09-03 07:30:18,237 - DRAM Used + Cache + Buffer + Swap = 22.43 GB
2026-09-03 07:30:18,237 - DRAM Used + Cache + Buffer = 22.43 GB
2026-09-03 07:30:18,237 - DRAM Used = 19.59 GB
2026-09-03 07:30:18,238 - DRAM Swap = 0.0 GB
2026-09-03 07:30:18,238 - 
2026-09-03 07:30:18,443 - VRAM Total = [140.4] GB
2026-09-03 07:30:18,443 - VRAM Used = [2.0] GB
2026-09-03 07:30:18,444 - 
2026-09-03 07:30:18,466 - Get SMARTINFO error, error=Expecting value: line 1 column 1 (char 0)
2026-09-03 07:30:18,467 - 
2026-09-03 07:30:18,467 - ================================================================================
2026-09-03 07:30:19,468 - DRAM Used + Cache + Buffer + Swap = 22.43 GB
2026-09-03 07:30:19,468 - DRAM Used + Cache + Buffer = 22.43 GB
2026-09-03 07:30:19,468 - DRAM Used = 19.59 GB
2026-09-03 07:30:19,468 - DRAM Swap = 0.0 GB
2026-09-03 07:30:19,468 - 
2026-09-03 07:30:19,674 - VRAM Total = [140.4] GB
2026-09-03 07:30:19,674 - VRAM Used = [2.0] GB
2026-09-03 07:30:19,674 - 
2026-09-03 07:30:19,698 - Get SMARTINFO error, error=Expecting value: line 1 column 1 (char 0)
2026-09-03 07:30:19,698 - 
2026-09-03 07:30:19,698 - ================================================================================
2026-09-03 07:30:20,699 - DRAM Used + Cache + Buffer + Swap = 22.43 GB
2026-09-03 07:30:20,699 - DRAM Used + Cache + Buffer = 22.43 GB
2026-09-03 07:30:20,699 - DRAM Used = 19.59 GB
2026-09-03 07:30:20,699 - DRAM Swap = 0.0 GB
2026-09-03 07:30:20,699 - 
2026-09-03 07:30:20,905 - VRAM Total = [140.4] GB
2026-09-03 07:30:20,905 - VRAM Used = [2.0] GB
2026-09-03 07:30:20,905 - 
2026-09-03 07:30:20,930 - Get SMARTINFO error, error=Expecting value: line 1 column 1 (char 0)
2026-09-03 07:30:20,930 - 
2026-09-03 07:30:20,930 - ================================================================================
2026-09-03 07:30:21,931 - DRAM Used + Cache + Buffer + Swap = 22.43 GB
2026-09-03 07:30:21,931 - DRAM Used + Cache + Buffer = 22.43 GB
2026-09-03 07:30:21,931 - DRAM Used = 19.59 GB
2026-09-03 07:30:21,931 - DRAM Swap = 0.0 GB
2026-09-03 07:30:21,932 - 
2026-09-03 07:30:22,137 - VRAM Total = [140.4] GB
2026-09-03 07:30:22,137 - VRAM Used = [2.0] GB
2026-09-03 07:30:22,137 - 
2026-09-03 07:30:22,161 - Get SMARTINFO error, error=Expecting value: line 1 column 1 (char 0)
2026-09-03 07:30:22,161 - 
2026-09-03 07:30:22,161 - ================================================================================
2026-09-03 07:30:23,162 - DRAM Used + Cache + Buffer + Swap = 22.43 GB
2026-09-03 07:30:23,163 - DRAM Used + Cache + Buffer = 22.43 GB
2026-09-03 07:30:23,163 - DRAM Used = 19.59 GB
2026-09-03 07:30:23,163 - DRAM Swap = 0.0 GB
2026-09-03 07:30:23,163 - 
2026-09-03 07:30:23,369 - VRAM Total = [140.4] GB
2026-09-03 07:30:23,370 - VRAM Used = [2.0] GB
2026-09-03 07:30:23,370 - 
2026-09-03 07:30:23,394 - Get SMARTINFO error, error=Expecting value: line 1 column 1 (char 0)
2026-09-03 07:30:23,395 - 
2026-09-03 07:30:23,395 - ================================================================================
2026-09-03 07:30:24,396 - DRAM Used + Cache + Buffer + Swap = 22.43 GB
2026-09-03 07:30:24,396 - DRAM Used + Cache + Buffer = 22.43 GB
2026-09-03 07:30:24,396 - DRAM Used = 19.59 GB
2026-09-03 07:30:24,396 - DRAM Swap = 0.0 GB
2026-09-03 07:30:24,396 - 
2026-09-03 07:30:24,602 - VRAM Total = [140.4] GB
2026-09-03 07:30:24,602 - VRAM Used = [2.0] GB
2026-09-03 07:30:24,602 - 
2026-09-03 07:30:24,629 - Get SMARTINFO error, error=Expecting value: line 1 column 1 (char 0)
2026-09-03 07:30:24,629 - 
2026-09-03 07:30:24,629 - ================================================================================
2026-09-03 07:30:25,630 - DRAM Used + Cache + Buffer + Swap = 22.42 GB
2026-09-03 07:30:25,630 - DRAM Used + Cache + Buffer = 22.42 GB
2026-09-03 07:30:25,631 - DRAM Used = 19.58 GB
2026-09-03 07:30:25,631 - DRAM Swap = 0.0 GB
2026-09-03 07:30:25,631 - 
2026-09-03 07:30:25,836 - VRAM Total = [140.4] GB
2026-09-03 07:30:25,837 - VRAM Used = [2.0] GB
2026-09-03 07:30:25,837 - 
2026-09-03 07:30:25,860 - Get SMARTINFO error, error=Expecting value: line 1 column 1 (char 0)
2026-09-03 07:30:25,861 - 
2026-09-03 07:30:25,861 - ================================================================================
2026-09-03 07:30:26,862 - DRAM Used + Cache + Buffer + Swap = 22.42 GB
2026-09-03 07:30:26,862 - DRAM Used + Cache + Buffer = 22.42 GB
2026-09-03 07:30:26,862 - DRAM Used = 19.58 GB
2026-09-03 07:30:26,862 - DRAM Swap = 0.0 GB
2026-09-03 07:30:26,862 - 
2026-09-03 07:30:27,068 - VRAM Total = [140.4] GB
2026-09-03 07:30:27,069 - VRAM Used = [2.0] GB
2026-09-03 07:30:27,069 - 
2026-09-03 07:30:27,093 - Get SMARTINFO error, error=Expecting value: line 1 column 1 (char 0)
2026-09-03 07:30:27,094 - 
2026-09-03 07:30:27,094 - ================================================================================
2026-09-03 07:30:28,095 - DRAM Used + Cache + Buffer + Swap = 22.42 GB
2026-09-03 07:30:28,095 - DRAM Used + Cache + Buffer = 22.42 GB
2026-09-03 07:30:28,095 - DRAM Used = 19.58 GB
2026-09-03 07:30:28,095 - DRAM Swap = 0.0 GB
2026-09-03 07:30:28,095 - 
2026-09-03 07:30:28,301 - VRAM Total = [140.4] GB
2026-09-03 07:30:28,301 - VRAM Used = [2.0] GB
2026-09-03 07:30:28,301 - 
2026-09-03 07:30:28,324 - Get SMARTINFO error, error=Expecting value: line 1 column 1 (char 0)
2026-09-03 07:30:28,324 - 
2026-09-03 07:30:28,324 - ================================================================================
2026-09-03 07:30:29,325 - DRAM Used + Cache + Buffer + Swap = 22.42 GB
2026-09-03 07:30:29,325 - DRAM Used + Cache + Buffer = 22.42 GB
2026-09-03 07:30:29,326 - DRAM Used = 19.58 GB
2026-09-03 07:30:29,326 - DRAM Swap = 0.0 GB
2026-09-03 07:30:29,326 - 
2026-09-03 07:30:29,532 - VRAM Total = [140.4] GB
2026-09-03 07:30:29,532 - VRAM Used = [2.0] GB
2026-09-03 07:30:29,532 - 
2026-09-03 07:30:29,555 - Get SMARTINFO error, error=Expecting value: line 1 column 1 (char 0)
2026-09-03 07:30:29,556 - 
2026-09-03 07:30:29,556 - ================================================================================
2026-09-03 07:30:30,557 - DRAM Used + Cache + Buffer + Swap = 22.42 GB
2026-09-03 07:30:30,557 - DRAM Used + Cache + Buffer = 22.42 GB
2026-09-03 07:30:30,557 - DRAM Used = 19.58 GB
2026-09-03 07:30:30,557 - DRAM Swap = 0.0 GB
2026-09-03 07:30:30,557 - 
2026-09-03 07:30:30,763 - VRAM Total = [140.4] GB
2026-09-03 07:30:30,763 - VRAM Used = [2.0] GB
2026-09-03 07:30:30,763 - 
2026-09-03 07:30:30,785 - Get SMARTINFO error, error=Expecting value: line 1 column 1 (char 0)
2026-09-03 07:30:30,786 - 
2026-09-03 07:30:30,786 - ================================================================================
2026-09-03 07:30:31,787 - DRAM Used + Cache + Buffer + Swap = 22.42 GB
2026-09-03 07:30:31,787 - DRAM Used + Cache + Buffer = 22.42 GB
2026-09-03 07:30:31,787 - DRAM Used = 19.58 GB
2026-09-03 07:30:31,787 - DRAM Swap = 0.0 GB
2026-09-03 07:30:31,787 - 
2026-09-03 07:30:31,993 - VRAM Total = [140.4] GB
2026-09-03 07:30:31,993 - VRAM Used = [2.0] GB
2026-09-03 07:30:31,993 - 
2026-09-03 07:30:32,017 - Get SMARTINFO error, error=Expecting value: line 1 column 1 (char 0)
2026-09-03 07:30:32,018 - 
2026-09-03 07:30:32,018 - ================================================================================
2026-09-03 07:30:33,019 - DRAM Used + Cache + Buffer + Swap = 22.42 GB
2026-09-03 07:30:33,019 - DRAM Used + Cache + Buffer = 22.42 GB
2026-09-03 07:30:33,019 - DRAM Used = 19.58 GB
2026-09-03 07:30:33,019 - DRAM Swap = 0.0 GB
2026-09-03 07:30:33,019 - 
2026-09-03 07:30:33,225 - VRAM Total = [140.4] GB
2026-09-03 07:30:33,225 - VRAM Used = [2.0] GB
2026-09-03 07:30:33,225 - 
2026-09-03 07:30:33,249 - Get SMARTINFO error, error=Expecting value: line 1 column 1 (char 0)
2026-09-03 07:30:33,249 - 
2026-09-03 07:30:33,249 - ================================================================================
2026-09-03 07:30:34,250 - DRAM Used + Cache + Buffer + Swap = 22.42 GB
2026-09-03 07:30:34,251 - DRAM Used + Cache + Buffer = 22.42 GB
2026-09-03 07:30:34,251 - DRAM Used = 19.58 GB
2026-09-03 07:30:34,251 - DRAM Swap = 0.0 GB
2026-09-03 07:30:34,251 - 
2026-09-03 07:30:34,457 - VRAM Total = [140.4] GB
2026-09-03 07:30:34,457 - VRAM Used = [2.0] GB
2026-09-03 07:30:34,457 - 
2026-09-03 07:30:34,481 - Get SMARTINFO error, error=Expecting value: line 1 column 1 (char 0)
2026-09-03 07:30:34,482 - 
2026-09-03 07:30:34,482 - ================================================================================
2026-09-03 07:30:35,483 - DRAM Used + Cache + Buffer + Swap = 22.42 GB
2026-09-03 07:30:35,483 - DRAM Used + Cache + Buffer = 22.42 GB
2026-09-03 07:30:35,483 - DRAM Used = 19.58 GB
2026-09-03 07:30:35,483 - DRAM Swap = 0.0 GB
2026-09-03 07:30:35,483 - 
2026-09-03 07:30:35,689 - VRAM Total = [140.4] GB
2026-09-03 07:30:35,689 - VRAM Used = [2.0] GB
2026-09-03 07:30:35,689 - 
2026-09-03 07:30:35,710 - Get SMARTINFO error, error=Expecting value: line 1 column 1 (char 0)
2026-09-03 07:30:35,711 - 
2026-09-03 07:30:35,711 - ================================================================================
2026-09-03 07:30:36,711 - DRAM Used + Cache + Buffer + Swap = 22.42 GB
2026-09-03 07:30:36,712 - DRAM Used + Cache + Buffer = 22.42 GB
2026-09-03 07:30:36,712 - DRAM Used = 19.58 GB
2026-09-03 07:30:36,712 - DRAM Swap = 0.0 GB
2026-09-03 07:30:36,712 - 
2026-09-03 07:30:36,917 - VRAM Total = [140.4] GB
2026-09-03 07:30:36,917 - VRAM Used = [2.0] GB
2026-09-03 07:30:36,918 - 
2026-09-03 07:30:36,941 - Get SMARTINFO error, error=Expecting value: line 1 column 1 (char 0)
2026-09-03 07:30:36,942 - 
2026-09-03 07:30:36,942 - ================================================================================
2026-09-03 07:30:37,943 - DRAM Used + Cache + Buffer + Swap = 22.42 GB
2026-09-03 07:30:37,943 - DRAM Used + Cache + Buffer = 22.42 GB
2026-09-03 07:30:37,943 - DRAM Used = 19.58 GB
2026-09-03 07:30:37,943 - DRAM Swap = 0.0 GB
2026-09-03 07:30:37,943 - 
2026-09-03 07:30:38,150 - VRAM Total = [140.4] GB
2026-09-03 07:30:38,151 - VRAM Used = [2.0] GB
2026-09-03 07:30:38,151 - 
2026-09-03 07:30:38,176 - Get SMARTINFO error, error=Expecting value: line 1 column 1 (char 0)
2026-09-03 07:30:38,176 - 
2026-09-03 07:30:38,176 - ================================================================================
2026-09-03 07:30:39,178 - DRAM Used + Cache + Buffer + Swap = 22.42 GB
2026-09-03 07:30:39,178 - DRAM Used + Cache + Buffer = 22.42 GB
2026-09-03 07:30:39,178 - DRAM Used = 19.58 GB
2026-09-03 07:30:39,178 - DRAM Swap = 0.0 GB
2026-09-03 07:30:39,178 - 
2026-09-03 07:30:39,384 - VRAM Total = [140.4] GB
2026-09-03 07:30:39,384 - VRAM Used = [2.0] GB
2026-09-03 07:30:39,384 - 
2026-09-03 07:30:39,407 - Get SMARTINFO error, error=Expecting value: line 1 column 1 (char 0)
2026-09-03 07:30:39,408 - 
2026-09-03 07:30:39,408 - ================================================================================
2026-09-03 07:30:40,409 - DRAM Used + Cache + Buffer + Swap = 22.42 GB
2026-09-03 07:30:40,409 - DRAM Used + Cache + Buffer = 22.42 GB
2026-09-03 07:30:40,409 - DRAM Used = 19.58 GB
2026-09-03 07:30:40,409 - DRAM Swap = 0.0 GB
2026-09-03 07:30:40,409 - 
2026-09-03 07:30:40,615 - VRAM Total = [140.4] GB
2026-09-03 07:30:40,615 - VRAM Used = [2.0] GB
2026-09-03 07:30:40,615 - 
2026-09-03 07:30:40,639 - Get SMARTINFO error, error=Expecting value: line 1 column 1 (char 0)
2026-09-03 07:30:40,640 - 
2026-09-03 07:30:40,640 - ================================================================================
2026-09-03 07:30:41,641 - DRAM Used + Cache + Buffer + Swap = 22.44 GB
2026-09-03 07:30:41,641 - DRAM Used + Cache + Buffer = 22.44 GB
2026-09-03 07:30:41,641 - DRAM Used = 19.59 GB
2026-09-03 07:30:41,641 - DRAM Swap = 0.0 GB
2026-09-03 07:30:41,641 - 
2026-09-03 07:30:41,847 - VRAM Total = [140.4] GB
2026-09-03 07:30:41,847 - VRAM Used = [2.0] GB
2026-09-03 07:30:41,848 - 
2026-09-03 07:30:41,873 - Get SMARTINFO error, error=Expecting value: line 1 column 1 (char 0)
2026-09-03 07:30:41,873 - 
2026-09-03 07:30:41,873 - ================================================================================
2026-09-03 07:30:42,874 - DRAM Used + Cache + Buffer + Swap = 22.43 GB
2026-09-03 07:30:42,875 - DRAM Used + Cache + Buffer = 22.43 GB
2026-09-03 07:30:42,875 - DRAM Used = 19.58 GB
2026-09-03 07:30:42,875 - DRAM Swap = 0.0 GB
2026-09-03 07:30:42,875 - 
2026-09-03 07:30:43,081 - VRAM Total = [140.4] GB
2026-09-03 07:30:43,081 - VRAM Used = [2.0] GB
2026-09-03 07:30:43,081 - 
2026-09-03 07:30:43,104 - Get SMARTINFO error, error=Expecting value: line 1 column 1 (char 0)
2026-09-03 07:30:43,104 - 
2026-09-03 07:30:43,104 - ================================================================================
2026-09-03 07:30:44,105 - DRAM Used + Cache + Buffer + Swap = 22.43 GB
2026-09-03 07:30:44,105 - DRAM Used + Cache + Buffer = 22.43 GB
2026-09-03 07:30:44,105 - DRAM Used = 19.58 GB
2026-09-03 07:30:44,105 - DRAM Swap = 0.0 GB
2026-09-03 07:30:44,105 - 
2026-09-03 07:30:44,312 - VRAM Total = [140.4] GB
2026-09-03 07:30:44,312 - VRAM Used = [2.0] GB
2026-09-03 07:30:44,312 - 
2026-09-03 07:30:44,335 - Get SMARTINFO error, error=Expecting value: line 1 column 1 (char 0)
2026-09-03 07:30:44,336 - 
2026-09-03 07:30:44,336 - ================================================================================
2026-09-03 07:30:45,337 - DRAM Used + Cache + Buffer + Swap = 22.42 GB
2026-09-03 07:30:45,337 - DRAM Used + Cache + Buffer = 22.42 GB
2026-09-03 07:30:45,337 - DRAM Used = 19.58 GB
2026-09-03 07:30:45,337 - DRAM Swap = 0.0 GB
2026-09-03 07:30:45,337 - 
2026-09-03 07:30:45,543 - VRAM Total = [140.4] GB
2026-09-03 07:30:45,543 - VRAM Used = [2.0] GB
2026-09-03 07:30:45,543 - 
2026-09-03 07:30:45,564 - Get SMARTINFO error, error=Expecting value: line 1 column 1 (char 0)
2026-09-03 07:30:45,565 - 
2026-09-03 07:30:45,565 - ================================================================================
2026-09-03 07:30:46,566 - DRAM Used + Cache + Buffer + Swap = 22.42 GB
2026-09-03 07:30:46,566 - DRAM Used + Cache + Buffer = 22.42 GB
2026-09-03 07:30:46,566 - DRAM Used = 19.57 GB
2026-09-03 07:30:46,566 - DRAM Swap = 0.0 GB
2026-09-03 07:30:46,566 - 
2026-09-03 07:30:46,772 - VRAM Total = [140.4] GB
2026-09-03 07:30:46,772 - VRAM Used = [2.0] GB
2026-09-03 07:30:46,772 - 
2026-09-03 07:30:46,796 - Get SMARTINFO error, error=Expecting value: line 1 column 1 (char 0)
2026-09-03 07:30:46,796 - 
2026-09-03 07:30:46,796 - ================================================================================
2026-09-03 07:30:47,797 - DRAM Used + Cache + Buffer + Swap = 22.42 GB
2026-09-03 07:30:47,798 - DRAM Used + Cache + Buffer = 22.42 GB
2026-09-03 07:30:47,798 - DRAM Used = 19.57 GB
2026-09-03 07:30:47,798 - DRAM Swap = 0.0 GB
2026-09-03 07:30:47,798 - 
2026-09-03 07:30:48,004 - VRAM Total = [140.4] GB
2026-09-03 07:30:48,004 - VRAM Used = [2.0] GB
2026-09-03 07:30:48,004 - 
2026-09-03 07:30:48,028 - Get SMARTINFO error, error=Expecting value: line 1 column 1 (char 0)
2026-09-03 07:30:48,028 - 
2026-09-03 07:30:48,028 - ================================================================================
2026-09-03 07:30:49,029 - DRAM Used + Cache + Buffer + Swap = 22.42 GB
2026-09-03 07:30:49,029 - DRAM Used + Cache + Buffer = 22.42 GB
2026-09-03 07:30:49,029 - DRAM Used = 19.57 GB
2026-09-03 07:30:49,029 - DRAM Swap = 0.0 GB
2026-09-03 07:30:49,030 - 
2026-09-03 07:30:49,236 - VRAM Total = [140.4] GB
2026-09-03 07:30:49,236 - VRAM Used = [2.0] GB
2026-09-03 07:30:49,236 - 
2026-09-03 07:30:49,261 - Get SMARTINFO error, error=Expecting value: line 1 column 1 (char 0)
2026-09-03 07:30:49,261 - 
2026-09-03 07:30:49,261 - ================================================================================
2026-09-03 07:30:50,262 - DRAM Used + Cache + Buffer + Swap = 22.42 GB
2026-09-03 07:30:50,263 - DRAM Used + Cache + Buffer = 22.42 GB
2026-09-03 07:30:50,263 - DRAM Used = 19.57 GB
2026-09-03 07:30:50,263 - DRAM Swap = 0.0 GB
2026-09-03 07:30:50,263 - 
2026-09-03 07:30:50,468 - VRAM Total = [140.4] GB
2026-09-03 07:30:50,469 - VRAM Used = [2.0] GB
2026-09-03 07:30:50,469 - 
2026-09-03 07:30:50,490 - Get SMARTINFO error, error=Expecting value: line 1 column 1 (char 0)
2026-09-03 07:30:50,490 - 
2026-09-03 07:30:50,490 - ================================================================================
2026-09-03 07:30:51,491 - DRAM Used + Cache + Buffer + Swap = 22.42 GB
2026-09-03 07:30:51,492 - DRAM Used + Cache + Buffer = 22.42 GB
2026-09-03 07:30:51,492 - DRAM Used = 19.57 GB
2026-09-03 07:30:51,492 - DRAM Swap = 0.0 GB
2026-09-03 07:30:51,492 - 
2026-09-03 07:30:51,697 - VRAM Total = [140.4] GB
2026-09-03 07:30:51,698 - VRAM Used = [2.0] GB
2026-09-03 07:30:51,698 - 
2026-09-03 07:30:51,722 - Get SMARTINFO error, error=Expecting value: line 1 column 1 (char 0)
2026-09-03 07:30:51,722 - 
2026-09-03 07:30:51,722 - ================================================================================
2026-09-03 07:30:52,723 - DRAM Used + Cache + Buffer + Swap = 22.42 GB
2026-09-03 07:30:52,723 - DRAM Used + Cache + Buffer = 22.42 GB
2026-09-03 07:30:52,723 - DRAM Used = 19.57 GB
2026-09-03 07:30:52,724 - DRAM Swap = 0.0 GB
2026-09-03 07:30:52,724 - 
2026-09-03 07:30:52,930 - VRAM Total = [140.4] GB
2026-09-03 07:30:52,930 - VRAM Used = [2.0] GB
2026-09-03 07:30:52,930 - 
2026-09-03 07:30:52,956 - Get SMARTINFO error, error=Expecting value: line 1 column 1 (char 0)
2026-09-03 07:30:52,956 - 
2026-09-03 07:30:52,956 - ================================================================================
2026-09-03 07:30:53,957 - DRAM Used + Cache + Buffer + Swap = 22.42 GB
2026-09-03 07:30:53,957 - DRAM Used + Cache + Buffer = 22.42 GB
2026-09-03 07:30:53,958 - DRAM Used = 19.57 GB
2026-09-03 07:30:53,958 - DRAM Swap = 0.0 GB
2026-09-03 07:30:53,958 - 
2026-09-03 07:30:54,164 - VRAM Total = [140.4] GB
2026-09-03 07:30:54,164 - VRAM Used = [2.0] GB
2026-09-03 07:30:54,164 - 
2026-09-03 07:30:54,188 - Get SMARTINFO error, error=Expecting value: line 1 column 1 (char 0)
2026-09-03 07:30:54,189 - 
2026-09-03 07:30:54,189 - ================================================================================
2026-09-03 07:30:55,190 - DRAM Used + Cache + Buffer + Swap = 22.42 GB
2026-09-03 07:30:55,190 - DRAM Used + Cache + Buffer = 22.42 GB
2026-09-03 07:30:55,190 - DRAM Used = 19.57 GB
2026-09-03 07:30:55,190 - DRAM Swap = 0.0 GB
2026-09-03 07:30:55,190 - 
2026-09-03 07:30:55,396 - VRAM Total = [140.4] GB
2026-09-03 07:30:55,396 - VRAM Used = [2.0] GB
2026-09-03 07:30:55,396 - 
2026-09-03 07:30:55,419 - Get SMARTINFO error, error=Expecting value: line 1 column 1 (char 0)
2026-09-03 07:30:55,420 - 
2026-09-03 07:30:55,420 - ================================================================================
2026-09-03 07:30:56,421 - DRAM Used + Cache + Buffer + Swap = 22.42 GB
2026-09-03 07:30:56,421 - DRAM Used + Cache + Buffer = 22.42 GB
2026-09-03 07:30:56,421 - DRAM Used = 19.57 GB
2026-09-03 07:30:56,421 - DRAM Swap = 0.0 GB
2026-09-03 07:30:56,421 - 
2026-09-03 07:30:56,627 - VRAM Total = [140.4] GB
2026-09-03 07:30:56,627 - VRAM Used = [2.0] GB
2026-09-03 07:30:56,628 - 
2026-09-03 07:30:56,653 - Get SMARTINFO error, error=Expecting value: line 1 column 1 (char 0)
2026-09-03 07:30:56,653 - 
2026-09-03 07:30:56,653 - ================================================================================
2026-09-03 07:30:57,654 - DRAM Used + Cache + Buffer + Swap = 22.42 GB
2026-09-03 07:30:57,655 - DRAM Used + Cache + Buffer = 22.42 GB
2026-09-03 07:30:57,655 - DRAM Used = 19.57 GB
2026-09-03 07:30:57,655 - DRAM Swap = 0.0 GB
2026-09-03 07:30:57,655 - 
2026-09-03 07:30:57,861 - VRAM Total = [140.4] GB
2026-09-03 07:30:57,861 - VRAM Used = [2.0] GB
2026-09-03 07:30:57,861 - 
2026-09-03 07:30:57,887 - Get SMARTINFO error, error=Expecting value: line 1 column 1 (char 0)
2026-09-03 07:30:57,887 - 
2026-09-03 07:30:57,887 - ================================================================================
2026-09-03 07:30:58,888 - DRAM Used + Cache + Buffer + Swap = 22.42 GB
2026-09-03 07:30:58,888 - DRAM Used + Cache + Buffer = 22.42 GB
2026-09-03 07:30:58,889 - DRAM Used = 19.57 GB
2026-09-03 07:30:58,889 - DRAM Swap = 0.0 GB
2026-09-03 07:30:58,889 - 
2026-09-03 07:30:59,095 - VRAM Total = [140.4] GB
2026-09-03 07:30:59,095 - VRAM Used = [2.0] GB
2026-09-03 07:30:59,095 - 
2026-09-03 07:30:59,119 - Get SMARTINFO error, error=Expecting value: line 1 column 1 (char 0)
2026-09-03 07:30:59,120 - 
2026-09-03 07:30:59,120 - ================================================================================
2026-09-03 07:31:00,121 - DRAM Used + Cache + Buffer + Swap = 22.42 GB
2026-09-03 07:31:00,121 - DRAM Used + Cache + Buffer = 22.42 GB
2026-09-03 07:31:00,121 - DRAM Used = 19.57 GB
2026-09-03 07:31:00,121 - DRAM Swap = 0.0 GB
2026-09-03 07:31:00,121 - 
2026-09-03 07:31:00,327 - VRAM Total = [140.4] GB
2026-09-03 07:31:00,327 - VRAM Used = [2.0] GB
2026-09-03 07:31:00,327 - 
2026-09-03 07:31:00,352 - Get SMARTINFO error, error=Expecting value: line 1 column 1 (char 0)
2026-09-03 07:31:00,352 - 
2026-09-03 07:31:00,352 - ================================================================================
2026-09-03 07:31:01,353 - DRAM Used + Cache + Buffer + Swap = 22.42 GB
2026-09-03 07:31:01,353 - DRAM Used + Cache + Buffer = 22.42 GB
2026-09-03 07:31:01,353 - DRAM Used = 19.57 GB
2026-09-03 07:31:01,353 - DRAM Swap = 0.0 GB
2026-09-03 07:31:01,353 - 
2026-09-03 07:31:01,559 - VRAM Total = [140.4] GB
2026-09-03 07:31:01,559 - VRAM Used = [2.0] GB
2026-09-03 07:31:01,560 - 
2026-09-03 07:31:01,582 - Get SMARTINFO error, error=Expecting value: line 1 column 1 (char 0)
2026-09-03 07:31:01,583 - 
2026-09-03 07:31:01,583 - ================================================================================
2026-09-03 07:31:02,584 - DRAM Used + Cache + Buffer + Swap = 22.42 GB
2026-09-03 07:31:02,584 - DRAM Used + Cache + Buffer = 22.42 GB
2026-09-03 07:31:02,584 - DRAM Used = 19.57 GB
2026-09-03 07:31:02,584 - DRAM Swap = 0.0 GB
2026-09-03 07:31:02,584 - 
2026-09-03 07:31:02,790 - VRAM Total = [140.4] GB
2026-09-03 07:31:02,790 - VRAM Used = [2.0] GB
2026-09-03 07:31:02,790 - 
2026-09-03 07:31:02,816 - Get SMARTINFO error, error=Expecting value: line 1 column 1 (char 0)
2026-09-03 07:31:02,816 - 
2026-09-03 07:31:02,816 - ================================================================================
2026-09-03 07:31:03,818 - DRAM Used + Cache + Buffer + Swap = 22.42 GB
2026-09-03 07:31:03,818 - DRAM Used + Cache + Buffer = 22.42 GB
2026-09-03 07:31:03,818 - DRAM Used = 19.57 GB
2026-09-03 07:31:03,818 - DRAM Swap = 0.0 GB
2026-09-03 07:31:03,818 - 
2026-09-03 07:31:04,025 - VRAM Total = [140.4] GB
2026-09-03 07:31:04,025 - VRAM Used = [2.0] GB
2026-09-03 07:31:04,026 - 
2026-09-03 07:31:04,052 - Get SMARTINFO error, error=Expecting value: line 1 column 1 (char 0)
2026-09-03 07:31:04,052 - 
2026-09-03 07:31:04,052 - ================================================================================
2026-09-03 07:31:05,053 - DRAM Used + Cache + Buffer + Swap = 26.58 GB
2026-09-03 07:31:05,053 - DRAM Used + Cache + Buffer = 26.58 GB
2026-09-03 07:31:05,053 - DRAM Used = 23.73 GB
2026-09-03 07:31:05,054 - DRAM Swap = 0.0 GB
2026-09-03 07:31:05,054 - 
2026-09-03 07:31:05,259 - VRAM Total = [140.4] GB
2026-09-03 07:31:05,259 - VRAM Used = [2.0] GB
2026-09-03 07:31:05,259 - 
2026-09-03 07:31:05,283 - Get SMARTINFO error, error=Expecting value: line 1 column 1 (char 0)
2026-09-03 07:31:05,284 - 
2026-09-03 07:31:05,284 - ================================================================================
2026-09-03 07:31:06,285 - DRAM Used + Cache + Buffer + Swap = 29.41 GB
2026-09-03 07:31:06,285 - DRAM Used + Cache + Buffer = 29.41 GB
2026-09-03 07:31:06,285 - DRAM Used = 25.53 GB
2026-09-03 07:31:06,285 - DRAM Swap = 0.0 GB
2026-09-03 07:31:06,285 - 
2026-09-03 07:31:06,492 - VRAM Total = [140.4] GB
2026-09-03 07:31:06,493 - VRAM Used = [2.01] GB
2026-09-03 07:31:06,493 - 
2026-09-03 07:31:06,511 - Get SMARTINFO error, error=Expecting value: line 1 column 1 (char 0)
2026-09-03 07:31:06,512 - 
2026-09-03 07:31:06,512 - ================================================================================
2026-09-03 07:31:07,512 - DRAM Used + Cache + Buffer + Swap = 31.34 GB
2026-09-03 07:31:07,512 - DRAM Used + Cache + Buffer = 31.34 GB
2026-09-03 07:31:07,512 - DRAM Used = 25.49 GB
2026-09-03 07:31:07,512 - DRAM Swap = 0.0 GB
2026-09-03 07:31:07,512 - 
2026-09-03 07:31:07,717 - VRAM Total = [140.4] GB
2026-09-03 07:31:07,717 - VRAM Used = [2.01] GB
2026-09-03 07:31:07,717 - 
2026-09-03 07:31:07,734 - Get SMARTINFO error, error=Expecting value: line 1 column 1 (char 0)
2026-09-03 07:31:07,734 - 
2026-09-03 07:31:07,734 - ================================================================================
2026-09-03 07:31:08,736 - DRAM Used + Cache + Buffer + Swap = 33.12 GB
2026-09-03 07:31:08,736 - DRAM Used + Cache + Buffer = 33.12 GB
2026-09-03 07:31:08,736 - DRAM Used = 25.47 GB
2026-09-03 07:31:08,736 - DRAM Swap = 0.0 GB
2026-09-03 07:31:08,736 - 
2026-09-03 07:31:08,944 - VRAM Total = [140.4] GB
2026-09-03 07:31:08,944 - VRAM Used = [2.01] GB
2026-09-03 07:31:08,944 - 
2026-09-03 07:31:08,964 - Get SMARTINFO error, error=Expecting value: line 1 column 1 (char 0)
2026-09-03 07:31:08,964 - 
2026-09-03 07:31:08,964 - ================================================================================
2026-09-03 07:31:09,964 - DRAM Used + Cache + Buffer + Swap = 35.07 GB
2026-09-03 07:31:09,964 - DRAM Used + Cache + Buffer = 35.07 GB
2026-09-03 07:31:09,964 - DRAM Used = 25.46 GB
2026-09-03 07:31:09,964 - DRAM Swap = 0.0 GB
2026-09-03 07:31:09,964 - 
2026-09-03 07:31:10,169 - VRAM Total = [140.4] GB
2026-09-03 07:31:10,169 - VRAM Used = [2.01] GB
2026-09-03 07:31:10,169 - 
2026-09-03 07:31:10,183 - Get SMARTINFO error, error=Expecting value: line 1 column 1 (char 0)
2026-09-03 07:31:10,183 - 
2026-09-03 07:31:10,183 - ================================================================================
2026-09-03 07:31:11,184 - DRAM Used + Cache + Buffer + Swap = 37.06 GB
2026-09-03 07:31:11,184 - DRAM Used + Cache + Buffer = 37.06 GB
2026-09-03 07:31:11,184 - DRAM Used = 25.44 GB
2026-09-03 07:31:11,184 - DRAM Swap = 0.0 GB
2026-09-03 07:31:11,184 - 
2026-09-03 07:31:11,389 - VRAM Total = [140.4] GB
2026-09-03 07:31:11,389 - VRAM Used = [2.01] GB
2026-09-03 07:31:11,389 - 
2026-09-03 07:31:11,412 - Get SMARTINFO error, error=Expecting value: line 1 column 1 (char 0)
2026-09-03 07:31:11,412 - 
2026-09-03 07:31:11,412 - ================================================================================
2026-09-03 07:31:12,413 - DRAM Used + Cache + Buffer + Swap = 38.82 GB
2026-09-03 07:31:12,413 - DRAM Used + Cache + Buffer = 38.82 GB
2026-09-03 07:31:12,413 - DRAM Used = 25.44 GB
2026-09-03 07:31:12,413 - DRAM Swap = 0.0 GB
2026-09-03 07:31:12,413 - 
2026-09-03 07:31:12,619 - VRAM Total = [140.4] GB
2026-09-03 07:31:12,619 - VRAM Used = [2.01] GB
2026-09-03 07:31:12,619 - 
2026-09-03 07:31:12,632 - Get SMARTINFO error, error=Expecting value: line 1 column 1 (char 0)
2026-09-03 07:31:12,633 - 
2026-09-03 07:31:12,633 - ================================================================================
2026-09-03 07:31:13,634 - DRAM Used + Cache + Buffer + Swap = 40.78 GB
2026-09-03 07:31:13,634 - DRAM Used + Cache + Buffer = 40.78 GB
2026-09-03 07:31:13,634 - DRAM Used = 25.43 GB
2026-09-03 07:31:13,634 - DRAM Swap = 0.0 GB
2026-09-03 07:31:13,634 - 
2026-09-03 07:31:13,842 - VRAM Total = [140.4] GB
2026-09-03 07:31:13,842 - VRAM Used = [2.01] GB
2026-09-03 07:31:13,842 - 
2026-09-03 07:31:13,854 - Get SMARTINFO error, error=Expecting value: line 1 column 1 (char 0)
2026-09-03 07:31:13,854 - 
2026-09-03 07:31:13,854 - ================================================================================
2026-09-03 07:31:14,856 - DRAM Used + Cache + Buffer + Swap = 42.02 GB
2026-09-03 07:31:14,856 - DRAM Used + Cache + Buffer = 42.02 GB
2026-09-03 07:31:14,856 - DRAM Used = 25.75 GB
2026-09-03 07:31:14,856 - DRAM Swap = 0.0 GB
2026-09-03 07:31:14,856 - 
2026-09-03 07:31:15,062 - VRAM Total = [140.4] GB
2026-09-03 07:31:15,063 - VRAM Used = [2.01] GB
2026-09-03 07:31:15,063 - 
2026-09-03 07:31:15,089 - Get SMARTINFO error, error=Expecting value: line 1 column 1 (char 0)
2026-09-03 07:31:15,089 - 
2026-09-03 07:31:15,089 - ================================================================================
2026-09-03 07:31:16,091 - DRAM Used + Cache + Buffer + Swap = 42.74 GB
2026-09-03 07:31:16,091 - DRAM Used + Cache + Buffer = 42.74 GB
2026-09-03 07:31:16,091 - DRAM Used = 26.48 GB
2026-09-03 07:31:16,091 - DRAM Swap = 0.0 GB
2026-09-03 07:31:16,091 - 
2026-09-03 07:31:16,298 - VRAM Total = [140.4] GB
2026-09-03 07:31:16,298 - VRAM Used = [2.01] GB
2026-09-03 07:31:16,298 - 
2026-09-03 07:31:16,324 - Get SMARTINFO error, error=Expecting value: line 1 column 1 (char 0)
2026-09-03 07:31:16,324 - 
2026-09-03 07:31:16,324 - ================================================================================
2026-09-03 07:31:17,325 - DRAM Used + Cache + Buffer + Swap = 43.47 GB
2026-09-03 07:31:17,325 - DRAM Used + Cache + Buffer = 43.47 GB
2026-09-03 07:31:17,325 - DRAM Used = 27.2 GB
2026-09-03 07:31:17,325 - DRAM Swap = 0.0 GB
2026-09-03 07:31:17,325 - 
2026-09-03 07:31:17,531 - VRAM Total = [140.4] GB
2026-09-03 07:31:17,531 - VRAM Used = [2.01] GB
2026-09-03 07:31:17,531 - 
2026-09-03 07:31:17,557 - Get SMARTINFO error, error=Expecting value: line 1 column 1 (char 0)
2026-09-03 07:31:17,557 - 
2026-09-03 07:31:17,557 - ================================================================================
2026-09-03 07:31:18,558 - DRAM Used + Cache + Buffer + Swap = 43.58 GB
2026-09-03 07:31:18,559 - DRAM Used + Cache + Buffer = 43.58 GB
2026-09-03 07:31:18,559 - DRAM Used = 27.32 GB
2026-09-03 07:31:18,559 - DRAM Swap = 0.0 GB
2026-09-03 07:31:18,559 - 
2026-09-03 07:31:18,764 - VRAM Total = [140.4] GB
2026-09-03 07:31:18,765 - VRAM Used = [2.01] GB
2026-09-03 07:31:18,765 - 
2026-09-03 07:31:18,790 - Get SMARTINFO error, error=Expecting value: line 1 column 1 (char 0)
2026-09-03 07:31:18,790 - 
2026-09-03 07:31:18,790 - ================================================================================
2026-09-03 07:31:19,791 - DRAM Used + Cache + Buffer + Swap = 43.58 GB
2026-09-03 07:31:19,791 - DRAM Used + Cache + Buffer = 43.58 GB
2026-09-03 07:31:19,791 - DRAM Used = 27.32 GB
2026-09-03 07:31:19,792 - DRAM Swap = 0.0 GB
2026-09-03 07:31:19,792 - 
2026-09-03 07:31:19,997 - VRAM Total = [140.4] GB
2026-09-03 07:31:19,997 - VRAM Used = [2.01] GB
2026-09-03 07:31:19,997 - 
2026-09-03 07:31:20,024 - Get SMARTINFO error, error=Expecting value: line 1 column 1 (char 0)
2026-09-03 07:31:20,025 - 
2026-09-03 07:31:20,025 - ================================================================================
2026-09-03 07:31:21,026 - DRAM Used + Cache + Buffer + Swap = 43.59 GB
2026-09-03 07:31:21,026 - DRAM Used + Cache + Buffer = 43.59 GB
2026-09-03 07:31:21,026 - DRAM Used = 27.32 GB
2026-09-03 07:31:21,026 - DRAM Swap = 0.0 GB
2026-09-03 07:31:21,026 - 
2026-09-03 07:31:21,232 - VRAM Total = [140.4] GB
2026-09-03 07:31:21,232 - VRAM Used = [2.01] GB
2026-09-03 07:31:21,232 - 
2026-09-03 07:31:21,257 - Get SMARTINFO error, error=Expecting value: line 1 column 1 (char 0)
2026-09-03 07:31:21,257 - 
2026-09-03 07:31:21,257 - ================================================================================
2026-09-03 07:31:22,258 - DRAM Used + Cache + Buffer + Swap = 43.59 GB
2026-09-03 07:31:22,258 - DRAM Used + Cache + Buffer = 43.59 GB
2026-09-03 07:31:22,258 - DRAM Used = 27.32 GB
2026-09-03 07:31:22,258 - DRAM Swap = 0.0 GB
2026-09-03 07:31:22,258 - 
2026-09-03 07:31:22,465 - VRAM Total = [140.4] GB
2026-09-03 07:31:22,465 - VRAM Used = [2.01] GB
2026-09-03 07:31:22,465 - 
2026-09-03 07:31:22,489 - Get SMARTINFO error, error=Expecting value: line 1 column 1 (char 0)
2026-09-03 07:31:22,489 - 
2026-09-03 07:31:22,489 - ================================================================================
2026-09-03 07:31:23,490 - DRAM Used + Cache + Buffer + Swap = 43.6 GB
2026-09-03 07:31:23,490 - DRAM Used + Cache + Buffer = 43.6 GB
2026-09-03 07:31:23,490 - DRAM Used = 27.33 GB
2026-09-03 07:31:23,490 - DRAM Swap = 0.0 GB
2026-09-03 07:31:23,490 - 
2026-09-03 07:31:23,697 - VRAM Total = [140.4] GB
2026-09-03 07:31:23,697 - VRAM Used = [2.01] GB
2026-09-03 07:31:23,697 - 
2026-09-03 07:31:23,721 - Get SMARTINFO error, error=Expecting value: line 1 column 1 (char 0)
2026-09-03 07:31:23,721 - 
2026-09-03 07:31:23,721 - ================================================================================
2026-09-03 07:31:24,722 - DRAM Used + Cache + Buffer + Swap = 43.6 GB
2026-09-03 07:31:24,722 - DRAM Used + Cache + Buffer = 43.6 GB
2026-09-03 07:31:24,722 - DRAM Used = 27.33 GB
2026-09-03 07:31:24,722 - DRAM Swap = 0.0 GB
2026-09-03 07:31:24,722 - 
2026-09-03 07:31:24,928 - VRAM Total = [140.4] GB
2026-09-03 07:31:24,928 - VRAM Used = [2.01] GB
2026-09-03 07:31:24,928 - 
2026-09-03 07:31:24,951 - Get SMARTINFO error, error=Expecting value: line 1 column 1 (char 0)
2026-09-03 07:31:24,951 - 
2026-09-03 07:31:24,951 - ================================================================================
2026-09-03 07:31:25,952 - DRAM Used + Cache + Buffer + Swap = 43.6 GB
2026-09-03 07:31:25,952 - DRAM Used + Cache + Buffer = 43.6 GB
2026-09-03 07:31:25,952 - DRAM Used = 27.33 GB
2026-09-03 07:31:25,952 - DRAM Swap = 0.0 GB
2026-09-03 07:31:25,952 - 
2026-09-03 07:31:26,158 - VRAM Total = [140.4] GB
2026-09-03 07:31:26,158 - VRAM Used = [2.01] GB
2026-09-03 07:31:26,158 - 
2026-09-03 07:31:26,182 - Get SMARTINFO error, error=Expecting value: line 1 column 1 (char 0)
2026-09-03 07:31:26,182 - 
2026-09-03 07:31:26,182 - ================================================================================
2026-09-03 07:31:27,183 - DRAM Used + Cache + Buffer + Swap = 43.6 GB
2026-09-03 07:31:27,183 - DRAM Used + Cache + Buffer = 43.6 GB
2026-09-03 07:31:27,183 - DRAM Used = 27.33 GB
2026-09-03 07:31:27,183 - DRAM Swap = 0.0 GB
2026-09-03 07:31:27,184 - 
2026-09-03 07:31:27,389 - VRAM Total = [140.4] GB
2026-09-03 07:31:27,389 - VRAM Used = [2.01] GB
2026-09-03 07:31:27,390 - 
2026-09-03 07:31:27,414 - Get SMARTINFO error, error=Expecting value: line 1 column 1 (char 0)
2026-09-03 07:31:27,414 - 
2026-09-03 07:31:27,414 - ================================================================================
2026-09-03 07:31:28,415 - DRAM Used + Cache + Buffer + Swap = 43.6 GB
2026-09-03 07:31:28,415 - DRAM Used + Cache + Buffer = 43.6 GB
2026-09-03 07:31:28,415 - DRAM Used = 27.33 GB
2026-09-03 07:31:28,415 - DRAM Swap = 0.0 GB
2026-09-03 07:31:28,415 - 
2026-09-03 07:31:28,621 - VRAM Total = [140.4] GB
2026-09-03 07:31:28,621 - VRAM Used = [2.01] GB
2026-09-03 07:31:28,621 - 
2026-09-03 07:31:28,645 - Get SMARTINFO error, error=Expecting value: line 1 column 1 (char 0)
2026-09-03 07:31:28,645 - 
2026-09-03 07:31:28,645 - ================================================================================
2026-09-03 07:31:29,646 - DRAM Used + Cache + Buffer + Swap = 43.6 GB
2026-09-03 07:31:29,646 - DRAM Used + Cache + Buffer = 43.6 GB
2026-09-03 07:31:29,647 - DRAM Used = 27.33 GB
2026-09-03 07:31:29,647 - DRAM Swap = 0.0 GB
2026-09-03 07:31:29,647 - 
2026-09-03 07:31:29,852 - VRAM Total = [140.4] GB
2026-09-03 07:31:29,852 - VRAM Used = [2.01] GB
2026-09-03 07:31:29,852 - 
2026-09-03 07:31:29,878 - Get SMARTINFO error, error=Expecting value: line 1 column 1 (char 0)
2026-09-03 07:31:29,879 - 
2026-09-03 07:31:29,879 - ================================================================================
2026-09-03 07:31:30,880 - DRAM Used + Cache + Buffer + Swap = 43.6 GB
2026-09-03 07:31:30,880 - DRAM Used + Cache + Buffer = 43.6 GB
2026-09-03 07:31:30,880 - DRAM Used = 27.33 GB
2026-09-03 07:31:30,880 - DRAM Swap = 0.0 GB
2026-09-03 07:31:30,880 - 
2026-09-03 07:31:31,086 - VRAM Total = [140.4] GB
2026-09-03 07:31:31,086 - VRAM Used = [2.01] GB
2026-09-03 07:31:31,086 - 
2026-09-03 07:31:31,113 - Get SMARTINFO error, error=Expecting value: line 1 column 1 (char 0)
2026-09-03 07:31:31,113 - 
2026-09-03 07:31:31,113 - ================================================================================
2026-09-03 07:31:32,114 - DRAM Used + Cache + Buffer + Swap = 43.6 GB
2026-09-03 07:31:32,114 - DRAM Used + Cache + Buffer = 43.6 GB
2026-09-03 07:31:32,114 - DRAM Used = 27.33 GB
2026-09-03 07:31:32,115 - DRAM Swap = 0.0 GB
2026-09-03 07:31:32,115 - 
2026-09-03 07:31:32,321 - VRAM Total = [140.4] GB
2026-09-03 07:31:32,321 - VRAM Used = [2.01] GB
2026-09-03 07:31:32,321 - 
2026-09-03 07:31:32,347 - Get SMARTINFO error, error=Expecting value: line 1 column 1 (char 0)
2026-09-03 07:31:32,347 - 
2026-09-03 07:31:32,347 - ================================================================================
2026-09-03 07:31:33,348 - DRAM Used + Cache + Buffer + Swap = 45.46 GB
2026-09-03 07:31:33,348 - DRAM Used + Cache + Buffer = 45.46 GB
2026-09-03 07:31:33,348 - DRAM Used = 27.31 GB
2026-09-03 07:31:33,348 - DRAM Swap = 0.0 GB
2026-09-03 07:31:33,348 - 
2026-09-03 07:31:33,555 - VRAM Total = [140.4] GB
2026-09-03 07:31:33,555 - VRAM Used = [2.01] GB
2026-09-03 07:31:33,556 - 
2026-09-03 07:31:33,580 - Get SMARTINFO error, error=Expecting value: line 1 column 1 (char 0)
2026-09-03 07:31:33,580 - 
2026-09-03 07:31:33,580 - ================================================================================
2026-09-03 07:31:34,581 - DRAM Used + Cache + Buffer + Swap = 45.19 GB
2026-09-03 07:31:34,582 - DRAM Used + Cache + Buffer = 45.19 GB
2026-09-03 07:31:34,582 - DRAM Used = 25.47 GB
2026-09-03 07:31:34,582 - DRAM Swap = 0.0 GB
2026-09-03 07:31:34,582 - 
2026-09-03 07:31:34,789 - VRAM Total = [140.4] GB
2026-09-03 07:31:34,789 - VRAM Used = [2.01] GB
2026-09-03 07:31:34,789 - 
2026-09-03 07:31:34,807 - Get SMARTINFO error, error=Expecting value: line 1 column 1 (char 0)
2026-09-03 07:31:34,807 - 
2026-09-03 07:31:34,807 - ================================================================================
2026-09-03 07:31:35,808 - DRAM Used + Cache + Buffer + Swap = 45.91 GB
2026-09-03 07:31:35,809 - DRAM Used + Cache + Buffer = 45.91 GB
2026-09-03 07:31:35,809 - DRAM Used = 25.45 GB
2026-09-03 07:31:35,809 - DRAM Swap = 0.0 GB
2026-09-03 07:31:35,809 - 
2026-09-03 07:31:36,014 - VRAM Total = [140.4] GB
2026-09-03 07:31:36,014 - VRAM Used = [2.01] GB
2026-09-03 07:31:36,014 - 
2026-09-03 07:31:36,027 - Get SMARTINFO error, error=Expecting value: line 1 column 1 (char 0)
2026-09-03 07:31:36,027 - 
2026-09-03 07:31:36,027 - ================================================================================
2026-09-03 07:31:37,028 - DRAM Used + Cache + Buffer + Swap = 46.31 GB
2026-09-03 07:31:37,028 - DRAM Used + Cache + Buffer = 46.31 GB
2026-09-03 07:31:37,028 - DRAM Used = 25.44 GB
2026-09-03 07:31:37,028 - DRAM Swap = 0.0 GB
2026-09-03 07:31:37,028 - 
2026-09-03 07:31:37,234 - VRAM Total = [140.4] GB
2026-09-03 07:31:37,235 - VRAM Used = [2.01] GB
2026-09-03 07:31:37,235 - 
2026-09-03 07:31:37,251 - Get SMARTINFO error, error=Expecting value: line 1 column 1 (char 0)
2026-09-03 07:31:37,251 - 
2026-09-03 07:31:37,251 - ================================================================================
2026-09-03 07:31:38,252 - DRAM Used + Cache + Buffer + Swap = 48.3 GB
2026-09-03 07:31:38,252 - DRAM Used + Cache + Buffer = 48.3 GB
2026-09-03 07:31:38,252 - DRAM Used = 25.43 GB
2026-09-03 07:31:38,252 - DRAM Swap = 0.0 GB
2026-09-03 07:31:38,252 - 
2026-09-03 07:31:38,458 - VRAM Total = [140.4] GB
2026-09-03 07:31:38,458 - VRAM Used = [2.01] GB
2026-09-03 07:31:38,458 - 
2026-09-03 07:31:38,480 - Get SMARTINFO error, error=Expecting value: line 1 column 1 (char 0)
2026-09-03 07:31:38,480 - 
2026-09-03 07:31:38,480 - ================================================================================
2026-09-03 07:31:39,481 - DRAM Used + Cache + Buffer + Swap = 50.35 GB
2026-09-03 07:31:39,481 - DRAM Used + Cache + Buffer = 50.35 GB
2026-09-03 07:31:39,481 - DRAM Used = 25.43 GB
2026-09-03 07:31:39,481 - DRAM Swap = 0.0 GB
2026-09-03 07:31:39,481 - 
2026-09-03 07:31:39,686 - VRAM Total = [140.4] GB
2026-09-03 07:31:39,686 - VRAM Used = [2.01] GB
2026-09-03 07:31:39,686 - 
2026-09-03 07:31:39,699 - Get SMARTINFO error, error=Expecting value: line 1 column 1 (char 0)
2026-09-03 07:31:39,699 - 
2026-09-03 07:31:39,700 - ================================================================================
2026-09-03 07:31:40,700 - DRAM Used + Cache + Buffer + Swap = 51.69 GB
2026-09-03 07:31:40,701 - DRAM Used + Cache + Buffer = 51.69 GB
2026-09-03 07:31:40,701 - DRAM Used = 26.23 GB
2026-09-03 07:31:40,701 - DRAM Swap = 0.0 GB
2026-09-03 07:31:40,701 - 
2026-09-03 07:31:40,906 - VRAM Total = [140.4] GB
2026-09-03 07:31:40,906 - VRAM Used = [2.01] GB
2026-09-03 07:31:40,906 - 
2026-09-03 07:31:40,931 - Get SMARTINFO error, error=Expecting value: line 1 column 1 (char 0)
2026-09-03 07:31:40,931 - 
2026-09-03 07:31:40,931 - ================================================================================
2026-09-03 07:31:41,932 - DRAM Used + Cache + Buffer + Swap = 58.96 GB
2026-09-03 07:31:41,933 - DRAM Used + Cache + Buffer = 58.96 GB
2026-09-03 07:31:41,933 - DRAM Used = 33.5 GB
2026-09-03 07:31:41,933 - DRAM Swap = 0.0 GB
2026-09-03 07:31:41,933 - 
2026-09-03 07:31:42,141 - VRAM Total = [140.4] GB
2026-09-03 07:31:42,141 - VRAM Used = [2.01] GB
2026-09-03 07:31:42,141 - 
2026-09-03 07:31:42,168 - Get SMARTINFO error, error=Expecting value: line 1 column 1 (char 0)
2026-09-03 07:31:42,168 - 
2026-09-03 07:31:42,168 - ================================================================================
2026-09-03 07:31:43,170 - DRAM Used + Cache + Buffer + Swap = 60.65 GB
2026-09-03 07:31:43,170 - DRAM Used + Cache + Buffer = 60.65 GB
2026-09-03 07:31:43,170 - DRAM Used = 35.19 GB
2026-09-03 07:31:43,170 - DRAM Swap = 0.0 GB
2026-09-03 07:31:43,170 - 
2026-09-03 07:31:43,377 - VRAM Total = [140.4] GB
2026-09-03 07:31:43,377 - VRAM Used = [2.02] GB
2026-09-03 07:31:43,377 - 
2026-09-03 07:31:43,405 - Get SMARTINFO error, error=Expecting value: line 1 column 1 (char 0)
2026-09-03 07:31:43,405 - 
2026-09-03 07:31:43,405 - ================================================================================
2026-09-03 07:31:44,409 - DRAM Used + Cache + Buffer + Swap = 58.53 GB
2026-09-03 07:31:44,409 - DRAM Used + Cache + Buffer = 58.53 GB
2026-09-03 07:31:44,410 - DRAM Used = 33.07 GB
2026-09-03 07:31:44,410 - DRAM Swap = 0.0 GB
2026-09-03 07:31:44,410 - 
2026-09-03 07:31:44,625 - VRAM Total = [140.4] GB
2026-09-03 07:31:44,625 - VRAM Used = [2.02] GB
2026-09-03 07:31:44,625 - 
2026-09-03 07:31:44,662 - Get SMARTINFO error, error=Expecting value: line 1 column 1 (char 0)
2026-09-03 07:31:44,662 - 
2026-09-03 07:31:44,662 - ================================================================================
2026-09-03 07:31:45,663 - DRAM Used + Cache + Buffer + Swap = 58.58 GB
2026-09-03 07:31:45,663 - DRAM Used + Cache + Buffer = 58.58 GB
2026-09-03 07:31:45,663 - DRAM Used = 33.12 GB
2026-09-03 07:31:45,663 - DRAM Swap = 0.0 GB
2026-09-03 07:31:45,663 - 
2026-09-03 07:31:45,871 - VRAM Total = [140.4] GB
2026-09-03 07:31:45,872 - VRAM Used = [2.02] GB
2026-09-03 07:31:45,872 - 
2026-09-03 07:31:45,903 - Get SMARTINFO error, error=Expecting value: line 1 column 1 (char 0)
2026-09-03 07:31:45,904 - 
2026-09-03 07:31:45,904 - ================================================================================
2026-09-03 07:31:46,905 - DRAM Used + Cache + Buffer + Swap = 58.37 GB
2026-09-03 07:31:46,905 - DRAM Used + Cache + Buffer = 58.37 GB
2026-09-03 07:31:46,905 - DRAM Used = 32.91 GB
2026-09-03 07:31:46,905 - DRAM Swap = 0.0 GB
2026-09-03 07:31:46,905 - 
2026-09-03 07:31:47,114 - VRAM Total = [140.4] GB
2026-09-03 07:31:47,114 - VRAM Used = [2.02] GB
2026-09-03 07:31:47,114 - 
2026-09-03 07:31:47,131 - Get SMARTINFO error, error=Expecting value: line 1 column 1 (char 0)
2026-09-03 07:31:47,131 - 
2026-09-03 07:31:47,131 - ================================================================================
2026-09-03 07:31:48,134 - DRAM Used + Cache + Buffer + Swap = 58.47 GB
2026-09-03 07:31:48,135 - DRAM Used + Cache + Buffer = 58.47 GB
2026-09-03 07:31:48,135 - DRAM Used = 33.0 GB
2026-09-03 07:31:48,135 - DRAM Swap = 0.0 GB
2026-09-03 07:31:48,135 - 
2026-09-03 07:31:48,348 - VRAM Total = [140.4] GB
2026-09-03 07:31:48,348 - VRAM Used = [2.02] GB
2026-09-03 07:31:48,349 - 
2026-09-03 07:31:48,380 - Get SMARTINFO error, error=Expecting value: line 1 column 1 (char 0)
2026-09-03 07:31:48,380 - 
2026-09-03 07:31:48,380 - ================================================================================
2026-09-03 07:31:49,381 - DRAM Used + Cache + Buffer + Swap = 58.08 GB
2026-09-03 07:31:49,382 - DRAM Used + Cache + Buffer = 58.08 GB
2026-09-03 07:31:49,382 - DRAM Used = 32.62 GB
2026-09-03 07:31:49,382 - DRAM Swap = 0.0 GB
2026-09-03 07:31:49,382 - 
2026-09-03 07:31:49,591 - VRAM Total = [140.4] GB
2026-09-03 07:31:49,591 - VRAM Used = [2.02] GB
2026-09-03 07:31:49,591 - 
2026-09-03 07:31:49,606 - Get SMARTINFO error, error=Expecting value: line 1 column 1 (char 0)
2026-09-03 07:31:49,606 - 
2026-09-03 07:31:49,606 - ================================================================================
2026-09-03 07:31:50,607 - DRAM Used + Cache + Buffer + Swap = 58.36 GB
2026-09-03 07:31:50,607 - DRAM Used + Cache + Buffer = 58.36 GB
2026-09-03 07:31:50,607 - DRAM Used = 32.9 GB
2026-09-03 07:31:50,607 - DRAM Swap = 0.0 GB
2026-09-03 07:31:50,607 - 
2026-09-03 07:31:50,818 - VRAM Total = [140.4] GB
2026-09-03 07:31:50,819 - VRAM Used = [2.02] GB
2026-09-03 07:31:50,819 - 
2026-09-03 07:31:50,868 - Get SMARTINFO error, error=Expecting value: line 1 column 1 (char 0)
2026-09-03 07:31:50,869 - 
2026-09-03 07:31:50,869 - ================================================================================
2026-09-03 07:31:51,869 - DRAM Used + Cache + Buffer + Swap = 58.37 GB
2026-09-03 07:31:51,870 - DRAM Used + Cache + Buffer = 58.37 GB
2026-09-03 07:31:51,870 - DRAM Used = 32.91 GB
2026-09-03 07:31:51,870 - DRAM Swap = 0.0 GB
2026-09-03 07:31:51,870 - 
2026-09-03 07:31:52,077 - VRAM Total = [140.4] GB
2026-09-03 07:31:52,077 - VRAM Used = [2.02] GB
2026-09-03 07:31:52,077 - 
2026-09-03 07:31:52,101 - Get SMARTINFO error, error=Expecting value: line 1 column 1 (char 0)
2026-09-03 07:31:52,101 - 
2026-09-03 07:31:52,101 - ================================================================================
2026-09-03 07:31:53,102 - DRAM Used + Cache + Buffer + Swap = 57.99 GB
2026-09-03 07:31:53,102 - DRAM Used + Cache + Buffer = 57.99 GB
2026-09-03 07:31:53,102 - DRAM Used = 32.53 GB
2026-09-03 07:31:53,102 - DRAM Swap = 0.0 GB
2026-09-03 07:31:53,102 - 
2026-09-03 07:31:53,309 - VRAM Total = [140.4] GB
2026-09-03 07:31:53,309 - VRAM Used = [2.02] GB
2026-09-03 07:31:53,309 - 
2026-09-03 07:31:53,322 - Get SMARTINFO error, error=Expecting value: line 1 column 1 (char 0)
2026-09-03 07:31:53,322 - 
2026-09-03 07:31:53,322 - ================================================================================
2026-09-03 07:31:54,325 - DRAM Used + Cache + Buffer + Swap = 58.05 GB
2026-09-03 07:31:54,326 - DRAM Used + Cache + Buffer = 58.05 GB
2026-09-03 07:31:54,327 - DRAM Used = 32.59 GB
2026-09-03 07:31:54,327 - DRAM Swap = 0.0 GB
2026-09-03 07:31:54,327 - 
2026-09-03 07:31:54,542 - VRAM Total = [140.4] GB
2026-09-03 07:31:54,542 - VRAM Used = [2.02] GB
2026-09-03 07:31:54,542 - 
2026-09-03 07:31:54,558 - Get SMARTINFO error, error=Expecting value: line 1 column 1 (char 0)
2026-09-03 07:31:54,559 - 
2026-09-03 07:31:54,559 - ================================================================================
2026-09-03 07:31:55,560 - DRAM Used + Cache + Buffer + Swap = 58.06 GB
2026-09-03 07:31:55,561 - DRAM Used + Cache + Buffer = 58.06 GB
2026-09-03 07:31:55,561 - DRAM Used = 32.59 GB
2026-09-03 07:31:55,561 - DRAM Swap = 0.0 GB
2026-09-03 07:31:55,561 - 
2026-09-03 07:31:55,769 - VRAM Total = [140.4] GB
2026-09-03 07:31:55,769 - VRAM Used = [2.02] GB
2026-09-03 07:31:55,769 - 
2026-09-03 07:31:55,784 - Get SMARTINFO error, error=Expecting value: line 1 column 1 (char 0)
2026-09-03 07:31:55,785 - 
2026-09-03 07:31:55,785 - ================================================================================
2026-09-03 07:31:56,786 - DRAM Used + Cache + Buffer + Swap = 57.86 GB
2026-09-03 07:31:56,786 - DRAM Used + Cache + Buffer = 57.86 GB
2026-09-03 07:31:56,787 - DRAM Used = 32.39 GB
2026-09-03 07:31:56,787 - DRAM Swap = 0.0 GB
2026-09-03 07:31:56,787 - 
2026-09-03 07:31:56,995 - VRAM Total = [140.4] GB
2026-09-03 07:31:56,995 - VRAM Used = [2.02] GB
2026-09-03 07:31:56,995 - 
2026-09-03 07:31:57,014 - Get SMARTINFO error, error=Expecting value: line 1 column 1 (char 0)
2026-09-03 07:31:57,014 - 
2026-09-03 07:31:57,014 - ================================================================================
2026-09-03 07:31:58,015 - DRAM Used + Cache + Buffer + Swap = 57.84 GB
2026-09-03 07:31:58,015 - DRAM Used + Cache + Buffer = 57.84 GB
2026-09-03 07:31:58,015 - DRAM Used = 32.37 GB
2026-09-03 07:31:58,015 - DRAM Swap = 0.0 GB
2026-09-03 07:31:58,015 - 
2026-09-03 07:31:58,224 - VRAM Total = [140.4] GB
2026-09-03 07:31:58,224 - VRAM Used = [2.02] GB
2026-09-03 07:31:58,224 - 
2026-09-03 07:31:58,245 - Get SMARTINFO error, error=Expecting value: line 1 column 1 (char 0)
2026-09-03 07:31:58,245 - 
2026-09-03 07:31:58,245 - ================================================================================
2026-09-03 07:31:59,247 - DRAM Used + Cache + Buffer + Swap = 58.14 GB
2026-09-03 07:31:59,247 - DRAM Used + Cache + Buffer = 58.14 GB
2026-09-03 07:31:59,247 - DRAM Used = 32.67 GB
2026-09-03 07:31:59,247 - DRAM Swap = 0.0 GB
2026-09-03 07:31:59,247 - 
2026-09-03 07:31:59,458 - VRAM Total = [140.4] GB
2026-09-03 07:31:59,458 - VRAM Used = [2.02] GB
2026-09-03 07:31:59,458 - 
2026-09-03 07:31:59,507 - Get SMARTINFO error, error=Expecting value: line 1 column 1 (char 0)
2026-09-03 07:31:59,507 - 
2026-09-03 07:31:59,508 - ================================================================================
2026-09-03 07:32:00,508 - DRAM Used + Cache + Buffer + Swap = 58.15 GB
2026-09-03 07:32:00,508 - DRAM Used + Cache + Buffer = 58.15 GB
2026-09-03 07:32:00,508 - DRAM Used = 32.68 GB
2026-09-03 07:32:00,508 - DRAM Swap = 0.0 GB
2026-09-03 07:32:00,508 - 
2026-09-03 07:32:00,716 - VRAM Total = [140.4] GB
2026-09-03 07:32:00,716 - VRAM Used = [2.02] GB
2026-09-03 07:32:00,716 - 
2026-09-03 07:32:00,733 - Get SMARTINFO error, error=Expecting value: line 1 column 1 (char 0)
2026-09-03 07:32:00,733 - 
2026-09-03 07:32:00,733 - ================================================================================
2026-09-03 07:32:01,734 - DRAM Used + Cache + Buffer + Swap = 58.17 GB
2026-09-03 07:32:01,734 - DRAM Used + Cache + Buffer = 58.17 GB
2026-09-03 07:32:01,734 - DRAM Used = 32.71 GB
2026-09-03 07:32:01,734 - DRAM Swap = 0.0 GB
2026-09-03 07:32:01,734 - 
2026-09-03 07:32:01,940 - VRAM Total = [140.4] GB
2026-09-03 07:32:01,940 - VRAM Used = [2.02] GB
2026-09-03 07:32:01,940 - 
2026-09-03 07:32:01,952 - Get SMARTINFO error, error=Expecting value: line 1 column 1 (char 0)
2026-09-03 07:32:01,952 - 
2026-09-03 07:32:01,952 - ================================================================================
2026-09-03 07:32:02,955 - DRAM Used + Cache + Buffer + Swap = 58.02 GB
2026-09-03 07:32:02,956 - DRAM Used + Cache + Buffer = 58.02 GB
2026-09-03 07:32:02,956 - DRAM Used = 32.56 GB
2026-09-03 07:32:02,956 - DRAM Swap = 0.0 GB
2026-09-03 07:32:02,956 - 
2026-09-03 07:32:03,171 - VRAM Total = [140.4] GB
2026-09-03 07:32:03,171 - VRAM Used = [2.02] GB
2026-09-03 07:32:03,171 - 
2026-09-03 07:32:03,185 - Get SMARTINFO error, error=Expecting value: line 1 column 1 (char 0)
2026-09-03 07:32:03,185 - 
2026-09-03 07:32:03,185 - ================================================================================
2026-09-03 07:32:04,188 - DRAM Used + Cache + Buffer + Swap = 57.97 GB
2026-09-03 07:32:04,189 - DRAM Used + Cache + Buffer = 57.97 GB
2026-09-03 07:32:04,190 - DRAM Used = 32.5 GB
2026-09-03 07:32:04,190 - DRAM Swap = 0.0 GB
2026-09-03 07:32:04,190 - 
2026-09-03 07:32:04,406 - VRAM Total = [140.4] GB
2026-09-03 07:32:04,407 - VRAM Used = [2.02] GB
2026-09-03 07:32:04,407 - 
2026-09-03 07:32:04,422 - Get SMARTINFO error, error=Expecting value: line 1 column 1 (char 0)
2026-09-03 07:32:04,422 - 
2026-09-03 07:32:04,422 - ================================================================================
2026-09-03 07:32:05,423 - DRAM Used + Cache + Buffer + Swap = 58.16 GB
2026-09-03 07:32:05,424 - DRAM Used + Cache + Buffer = 58.16 GB
2026-09-03 07:32:05,424 - DRAM Used = 32.69 GB
2026-09-03 07:32:05,424 - DRAM Swap = 0.0 GB
2026-09-03 07:32:05,424 - 
2026-09-03 07:32:05,635 - VRAM Total = [140.4] GB
2026-09-03 07:32:05,635 - VRAM Used = [2.02] GB
2026-09-03 07:32:05,635 - 
2026-09-03 07:32:05,683 - Get SMARTINFO error, error=Expecting value: line 1 column 1 (char 0)
2026-09-03 07:32:05,683 - 
2026-09-03 07:32:05,684 - ================================================================================
2026-09-03 07:32:06,687 - DRAM Used + Cache + Buffer + Swap = 57.97 GB
2026-09-03 07:32:06,687 - DRAM Used + Cache + Buffer = 57.97 GB
2026-09-03 07:32:06,688 - DRAM Used = 32.5 GB
2026-09-03 07:32:06,688 - DRAM Swap = 0.0 GB
2026-09-03 07:32:06,688 - 
2026-09-03 07:32:06,904 - VRAM Total = [140.4] GB
2026-09-03 07:32:06,905 - VRAM Used = [2.02] GB
2026-09-03 07:32:06,905 - 
2026-09-03 07:32:06,917 - Get SMARTINFO error, error=Expecting value: line 1 column 1 (char 0)
2026-09-03 07:32:06,917 - 
2026-09-03 07:32:06,917 - ================================================================================
2026-09-03 07:32:07,920 - DRAM Used + Cache + Buffer + Swap = 58.02 GB
2026-09-03 07:32:07,921 - DRAM Used + Cache + Buffer = 58.02 GB
2026-09-03 07:32:07,921 - DRAM Used = 32.55 GB
2026-09-03 07:32:07,921 - DRAM Swap = 0.0 GB
2026-09-03 07:32:07,921 - 
2026-09-03 07:32:08,132 - VRAM Total = [140.4] GB
2026-09-03 07:32:08,133 - VRAM Used = [2.02] GB
2026-09-03 07:32:08,133 - 
2026-09-03 07:32:08,149 - Get SMARTINFO error, error=Expecting value: line 1 column 1 (char 0)
2026-09-03 07:32:08,149 - 
2026-09-03 07:32:08,149 - ================================================================================
2026-09-03 07:32:09,153 - DRAM Used + Cache + Buffer + Swap = 57.77 GB
2026-09-03 07:32:09,154 - DRAM Used + Cache + Buffer = 57.77 GB
2026-09-03 07:32:09,154 - DRAM Used = 32.3 GB
2026-09-03 07:32:09,154 - DRAM Swap = 0.0 GB
2026-09-03 07:32:09,154 - 
2026-09-03 07:32:09,365 - VRAM Total = [140.4] GB
2026-09-03 07:32:09,366 - VRAM Used = [2.02] GB
2026-09-03 07:32:09,366 - 
2026-09-03 07:32:09,388 - Get SMARTINFO error, error=Expecting value: line 1 column 1 (char 0)
2026-09-03 07:32:09,389 - 
2026-09-03 07:32:09,389 - ================================================================================
2026-09-03 07:32:10,390 - DRAM Used + Cache + Buffer + Swap = 58.13 GB
2026-09-03 07:32:10,390 - DRAM Used + Cache + Buffer = 58.13 GB
2026-09-03 07:32:10,390 - DRAM Used = 32.31 GB
2026-09-03 07:32:10,390 - DRAM Swap = 0.0 GB
2026-09-03 07:32:10,390 - 
2026-09-03 07:32:10,598 - VRAM Total = [140.4] GB
2026-09-03 07:32:10,598 - VRAM Used = [4.21] GB
2026-09-03 07:32:10,598 - 
2026-09-03 07:32:10,621 - Get SMARTINFO error, error=Expecting value: line 1 column 1 (char 0)
2026-09-03 07:32:10,621 - 
2026-09-03 07:32:10,621 - ================================================================================
2026-09-03 07:32:11,622 - DRAM Used + Cache + Buffer + Swap = 58.12 GB
2026-09-03 07:32:11,622 - DRAM Used + Cache + Buffer = 58.12 GB
2026-09-03 07:32:11,622 - DRAM Used = 32.28 GB
2026-09-03 07:32:11,622 - DRAM Swap = 0.0 GB
2026-09-03 07:32:11,622 - 
2026-09-03 07:32:11,828 - VRAM Total = [140.4] GB
2026-09-03 07:32:11,828 - VRAM Used = [5.39] GB
2026-09-03 07:32:11,828 - 
2026-09-03 07:32:11,851 - Get SMARTINFO error, error=Expecting value: line 1 column 1 (char 0)
2026-09-03 07:32:11,851 - 
2026-09-03 07:32:11,851 - ================================================================================
2026-09-03 07:32:12,852 - DRAM Used + Cache + Buffer + Swap = 58.09 GB
2026-09-03 07:32:12,852 - DRAM Used + Cache + Buffer = 58.09 GB
2026-09-03 07:32:12,852 - DRAM Used = 32.25 GB
2026-09-03 07:32:12,852 - DRAM Swap = 0.0 GB
2026-09-03 07:32:12,852 - 
2026-09-03 07:32:13,058 - VRAM Total = [140.4] GB
2026-09-03 07:32:13,058 - VRAM Used = [5.39] GB
2026-09-03 07:32:13,058 - 
2026-09-03 07:32:13,084 - Get SMARTINFO error, error=Expecting value: line 1 column 1 (char 0)
2026-09-03 07:32:13,084 - 
2026-09-03 07:32:13,084 - ================================================================================
2026-09-03 07:32:14,085 - DRAM Used + Cache + Buffer + Swap = 58.09 GB
2026-09-03 07:32:14,085 - DRAM Used + Cache + Buffer = 58.09 GB
2026-09-03 07:32:14,085 - DRAM Used = 32.24 GB
2026-09-03 07:32:14,085 - DRAM Swap = 0.0 GB
2026-09-03 07:32:14,085 - 
2026-09-03 07:32:14,292 - VRAM Total = [140.4] GB
2026-09-03 07:32:14,292 - VRAM Used = [7.08] GB
2026-09-03 07:32:14,292 - 
2026-09-03 07:32:14,314 - Get SMARTINFO error, error=Expecting value: line 1 column 1 (char 0)
2026-09-03 07:32:14,314 - 
2026-09-03 07:32:14,314 - ================================================================================
2026-09-03 07:32:15,315 - DRAM Used + Cache + Buffer + Swap = 58.21 GB
2026-09-03 07:32:15,315 - DRAM Used + Cache + Buffer = 58.21 GB
2026-09-03 07:32:15,315 - DRAM Used = 32.35 GB
2026-09-03 07:32:15,315 - DRAM Swap = 0.0 GB
2026-09-03 07:32:15,315 - 
2026-09-03 07:32:15,521 - VRAM Total = [140.4] GB
2026-09-03 07:32:15,521 - VRAM Used = [7.18] GB
2026-09-03 07:32:15,521 - 
2026-09-03 07:32:15,544 - Get SMARTINFO error, error=Expecting value: line 1 column 1 (char 0)
2026-09-03 07:32:15,544 - 
2026-09-03 07:32:15,544 - ================================================================================
2026-09-03 07:32:16,545 - DRAM Used + Cache + Buffer + Swap = 58.2 GB
2026-09-03 07:32:16,545 - DRAM Used + Cache + Buffer = 58.2 GB
2026-09-03 07:32:16,546 - DRAM Used = 32.34 GB
2026-09-03 07:32:16,546 - DRAM Swap = 0.0 GB
2026-09-03 07:32:16,546 - 
2026-09-03 07:32:16,751 - VRAM Total = [140.4] GB
2026-09-03 07:32:16,751 - VRAM Used = [7.18] GB
2026-09-03 07:32:16,751 - 
2026-09-03 07:32:16,772 - Get SMARTINFO error, error=Expecting value: line 1 column 1 (char 0)
2026-09-03 07:32:16,772 - 
2026-09-03 07:32:16,772 - ================================================================================
2026-09-03 07:32:17,773 - DRAM Used + Cache + Buffer + Swap = 58.17 GB
2026-09-03 07:32:17,774 - DRAM Used + Cache + Buffer = 58.17 GB
2026-09-03 07:32:17,774 - DRAM Used = 32.31 GB
2026-09-03 07:32:17,774 - DRAM Swap = 0.0 GB
2026-09-03 07:32:17,774 - 
2026-09-03 07:32:17,980 - VRAM Total = [140.4] GB
2026-09-03 07:32:17,980 - VRAM Used = [7.18] GB
2026-09-03 07:32:17,980 - 
2026-09-03 07:32:18,005 - Get SMARTINFO error, error=Expecting value: line 1 column 1 (char 0)
2026-09-03 07:32:18,005 - 
2026-09-03 07:32:18,005 - ================================================================================
2026-09-03 07:32:19,006 - DRAM Used + Cache + Buffer + Swap = 58.17 GB
2026-09-03 07:32:19,006 - DRAM Used + Cache + Buffer = 58.17 GB
2026-09-03 07:32:19,006 - DRAM Used = 32.3 GB
2026-09-03 07:32:19,006 - DRAM Swap = 0.0 GB
2026-09-03 07:32:19,007 - 
2026-09-03 07:32:19,214 - VRAM Total = [140.4] GB
2026-09-03 07:32:19,214 - VRAM Used = [7.18] GB
2026-09-03 07:32:19,214 - 
2026-09-03 07:32:19,238 - Get SMARTINFO error, error=Expecting value: line 1 column 1 (char 0)
2026-09-03 07:32:19,238 - 
2026-09-03 07:32:19,238 - ================================================================================
2026-09-03 07:32:20,239 - DRAM Used + Cache + Buffer + Swap = 58.15 GB
2026-09-03 07:32:20,240 - DRAM Used + Cache + Buffer = 58.15 GB
2026-09-03 07:32:20,240 - DRAM Used = 32.29 GB
2026-09-03 07:32:20,240 - DRAM Swap = 0.0 GB
2026-09-03 07:32:20,240 - 
2026-09-03 07:32:20,446 - VRAM Total = [140.4] GB
2026-09-03 07:32:20,446 - VRAM Used = [12.81] GB
2026-09-03 07:32:20,446 - 
2026-09-03 07:32:20,472 - Get SMARTINFO error, error=Expecting value: line 1 column 1 (char 0)
2026-09-03 07:32:20,473 - 
2026-09-03 07:32:20,473 - ================================================================================
2026-09-03 07:32:21,474 - DRAM Used + Cache + Buffer + Swap = 58.13 GB
2026-09-03 07:32:21,474 - DRAM Used + Cache + Buffer = 58.13 GB
2026-09-03 07:32:21,474 - DRAM Used = 32.27 GB
2026-09-03 07:32:21,474 - DRAM Swap = 0.0 GB
2026-09-03 07:32:21,474 - 
2026-09-03 07:32:21,680 - VRAM Total = [140.4] GB
2026-09-03 07:32:21,680 - VRAM Used = [7.12] GB
2026-09-03 07:32:21,680 - 
2026-09-03 07:32:21,702 - Get SMARTINFO error, error=Expecting value: line 1 column 1 (char 0)
2026-09-03 07:32:21,703 - 
2026-09-03 07:32:21,703 - ================================================================================
2026-09-03 07:32:22,704 - DRAM Used + Cache + Buffer + Swap = 58.13 GB
2026-09-03 07:32:22,704 - DRAM Used + Cache + Buffer = 58.13 GB
2026-09-03 07:32:22,704 - DRAM Used = 32.27 GB
2026-09-03 07:32:22,704 - DRAM Swap = 0.0 GB
2026-09-03 07:32:22,704 - 
2026-09-03 07:32:22,911 - VRAM Total = [140.4] GB
2026-09-03 07:32:22,911 - VRAM Used = [7.12] GB
2026-09-03 07:32:22,911 - 
2026-09-03 07:32:22,934 - Get SMARTINFO error, error=Expecting value: line 1 column 1 (char 0)
2026-09-03 07:32:22,934 - 
2026-09-03 07:32:22,934 - ================================================================================
2026-09-03 07:32:23,936 - DRAM Used + Cache + Buffer + Swap = 58.11 GB
2026-09-03 07:32:23,936 - DRAM Used + Cache + Buffer = 58.11 GB
2026-09-03 07:32:23,936 - DRAM Used = 32.25 GB
2026-09-03 07:32:23,936 - DRAM Swap = 0.0 GB
2026-09-03 07:32:23,936 - 
2026-09-03 07:32:24,143 - VRAM Total = [140.4] GB
2026-09-03 07:32:24,143 - VRAM Used = [9.0] GB
2026-09-03 07:32:24,143 - 
2026-09-03 07:32:24,168 - Get SMARTINFO error, error=Expecting value: line 1 column 1 (char 0)
2026-09-03 07:32:24,168 - 
2026-09-03 07:32:24,168 - ================================================================================
2026-09-03 07:32:25,169 - DRAM Used + Cache + Buffer + Swap = 58.1 GB
2026-09-03 07:32:25,170 - DRAM Used + Cache + Buffer = 58.1 GB
2026-09-03 07:32:25,170 - DRAM Used = 32.23 GB
2026-09-03 07:32:25,170 - DRAM Swap = 0.0 GB
2026-09-03 07:32:25,170 - 
2026-09-03 07:32:25,376 - VRAM Total = [140.4] GB
2026-09-03 07:32:25,376 - VRAM Used = [9.0] GB
2026-09-03 07:32:25,377 - 
2026-09-03 07:32:25,403 - Get SMARTINFO error, error=Expecting value: line 1 column 1 (char 0)
2026-09-03 07:32:25,403 - 
2026-09-03 07:32:25,403 - ================================================================================
2026-09-03 07:32:26,404 - DRAM Used + Cache + Buffer + Swap = 58.08 GB
2026-09-03 07:32:26,405 - DRAM Used + Cache + Buffer = 58.08 GB
2026-09-03 07:32:26,405 - DRAM Used = 32.22 GB
2026-09-03 07:32:26,405 - DRAM Swap = 0.0 GB
2026-09-03 07:32:26,405 - 
2026-09-03 07:32:26,611 - VRAM Total = [140.4] GB
2026-09-03 07:32:26,611 - VRAM Used = [9.0] GB
2026-09-03 07:32:26,611 - 
2026-09-03 07:32:26,634 - Get SMARTINFO error, error=Expecting value: line 1 column 1 (char 0)
2026-09-03 07:32:26,635 - 
2026-09-03 07:32:26,635 - ================================================================================
2026-09-03 07:32:27,636 - DRAM Used + Cache + Buffer + Swap = 58.07 GB
2026-09-03 07:32:27,636 - DRAM Used + Cache + Buffer = 58.07 GB
2026-09-03 07:32:27,636 - DRAM Used = 32.21 GB
2026-09-03 07:32:27,636 - DRAM Swap = 0.0 GB
2026-09-03 07:32:27,636 - 
2026-09-03 07:32:27,843 - VRAM Total = [140.4] GB
2026-09-03 07:32:27,843 - VRAM Used = [9.0] GB
2026-09-03 07:32:27,843 - 
2026-09-03 07:32:27,861 - Get SMARTINFO error, error=Expecting value: line 1 column 1 (char 0)
2026-09-03 07:32:27,861 - 
2026-09-03 07:32:27,861 - ================================================================================
2026-09-03 07:32:28,862 - DRAM Used + Cache + Buffer + Swap = 58.06 GB
2026-09-03 07:32:28,862 - DRAM Used + Cache + Buffer = 58.06 GB
2026-09-03 07:32:28,862 - DRAM Used = 32.19 GB
2026-09-03 07:32:28,863 - DRAM Swap = 0.0 GB
2026-09-03 07:32:28,863 - 
2026-09-03 07:32:29,069 - VRAM Total = [140.4] GB
2026-09-03 07:32:29,069 - VRAM Used = [9.0] GB
2026-09-03 07:32:29,069 - 
2026-09-03 07:32:29,092 - Get SMARTINFO error, error=Expecting value: line 1 column 1 (char 0)
2026-09-03 07:32:29,092 - 
2026-09-03 07:32:29,092 - ================================================================================
2026-09-03 07:32:30,093 - DRAM Used + Cache + Buffer + Swap = 58.03 GB
2026-09-03 07:32:30,093 - DRAM Used + Cache + Buffer = 58.03 GB
2026-09-03 07:32:30,093 - DRAM Used = 32.17 GB
2026-09-03 07:32:30,093 - DRAM Swap = 0.0 GB
2026-09-03 07:32:30,093 - 
2026-09-03 07:32:30,300 - VRAM Total = [140.4] GB
2026-09-03 07:32:30,300 - VRAM Used = [9.0] GB
2026-09-03 07:32:30,300 - 
2026-09-03 07:32:30,323 - Get SMARTINFO error, error=Expecting value: line 1 column 1 (char 0)
2026-09-03 07:32:30,324 - 
2026-09-03 07:32:30,324 - ================================================================================
2026-09-03 07:32:31,325 - DRAM Used + Cache + Buffer + Swap = 58.02 GB
2026-09-03 07:32:31,325 - DRAM Used + Cache + Buffer = 58.02 GB
2026-09-03 07:32:31,325 - DRAM Used = 32.16 GB
2026-09-03 07:32:31,325 - DRAM Swap = 0.0 GB
2026-09-03 07:32:31,325 - 
2026-09-03 07:32:31,531 - VRAM Total = [140.4] GB
2026-09-03 07:32:31,531 - VRAM Used = [9.0] GB
2026-09-03 07:32:31,531 - 
2026-09-03 07:32:31,558 - Get SMARTINFO error, error=Expecting value: line 1 column 1 (char 0)
2026-09-03 07:32:31,558 - 
2026-09-03 07:32:31,558 - ================================================================================
2026-09-03 07:32:32,559 - DRAM Used + Cache + Buffer + Swap = 58.01 GB
2026-09-03 07:32:32,559 - DRAM Used + Cache + Buffer = 58.01 GB
2026-09-03 07:32:32,559 - DRAM Used = 32.15 GB
2026-09-03 07:32:32,559 - DRAM Swap = 0.0 GB
2026-09-03 07:32:32,559 - 
2026-09-03 07:32:32,765 - VRAM Total = [140.4] GB
2026-09-03 07:32:32,766 - VRAM Used = [7.12] GB
2026-09-03 07:32:32,766 - 
2026-09-03 07:32:32,788 - Get SMARTINFO error, error=Expecting value: line 1 column 1 (char 0)
2026-09-03 07:32:32,789 - 
2026-09-03 07:32:32,789 - ================================================================================
2026-09-03 07:32:33,790 - DRAM Used + Cache + Buffer + Swap = 57.99 GB
2026-09-03 07:32:33,790 - DRAM Used + Cache + Buffer = 57.99 GB
2026-09-03 07:32:33,790 - DRAM Used = 32.13 GB
2026-09-03 07:32:33,790 - DRAM Swap = 0.0 GB
2026-09-03 07:32:33,790 - 
2026-09-03 07:32:33,996 - VRAM Total = [140.4] GB
2026-09-03 07:32:33,997 - VRAM Used = [7.12] GB
2026-09-03 07:32:33,997 - 
2026-09-03 07:32:34,020 - Get SMARTINFO error, error=Expecting value: line 1 column 1 (char 0)
2026-09-03 07:32:34,020 - 
2026-09-03 07:32:34,020 - ================================================================================
2026-09-03 07:32:35,021 - DRAM Used + Cache + Buffer + Swap = 57.97 GB
2026-09-03 07:32:35,022 - DRAM Used + Cache + Buffer = 57.97 GB
2026-09-03 07:32:35,022 - DRAM Used = 32.11 GB
2026-09-03 07:32:35,022 - DRAM Swap = 0.0 GB
2026-09-03 07:32:35,022 - 
2026-09-03 07:32:35,228 - VRAM Total = [140.4] GB
2026-09-03 07:32:35,229 - VRAM Used = [8.99] GB
2026-09-03 07:32:35,229 - 
2026-09-03 07:32:35,254 - Get SMARTINFO error, error=Expecting value: line 1 column 1 (char 0)
2026-09-03 07:32:35,254 - 
2026-09-03 07:32:35,254 - ================================================================================
2026-09-03 07:32:36,255 - DRAM Used + Cache + Buffer + Swap = 57.97 GB
2026-09-03 07:32:36,255 - DRAM Used + Cache + Buffer = 57.97 GB
2026-09-03 07:32:36,255 - DRAM Used = 32.11 GB
2026-09-03 07:32:36,255 - DRAM Swap = 0.0 GB
2026-09-03 07:32:36,255 - 
2026-09-03 07:32:36,462 - VRAM Total = [140.4] GB
2026-09-03 07:32:36,462 - VRAM Used = [9.0] GB
2026-09-03 07:32:36,462 - 
2026-09-03 07:32:36,486 - Get SMARTINFO error, error=Expecting value: line 1 column 1 (char 0)
2026-09-03 07:32:36,486 - 
2026-09-03 07:32:36,486 - ================================================================================
2026-09-03 07:32:37,487 - DRAM Used + Cache + Buffer + Swap = 57.97 GB
2026-09-03 07:32:37,487 - DRAM Used + Cache + Buffer = 57.97 GB
2026-09-03 07:32:37,487 - DRAM Used = 32.11 GB
2026-09-03 07:32:37,487 - DRAM Swap = 0.0 GB
2026-09-03 07:32:37,487 - 
2026-09-03 07:32:37,694 - VRAM Total = [140.4] GB
2026-09-03 07:32:37,694 - VRAM Used = [9.0] GB
2026-09-03 07:32:37,694 - 
2026-09-03 07:32:37,718 - Get SMARTINFO error, error=Expecting value: line 1 column 1 (char 0)
2026-09-03 07:32:37,718 - 
2026-09-03 07:32:37,718 - ================================================================================
2026-09-03 07:32:38,719 - DRAM Used + Cache + Buffer + Swap = 57.95 GB
2026-09-03 07:32:38,719 - DRAM Used + Cache + Buffer = 57.95 GB
2026-09-03 07:32:38,719 - DRAM Used = 32.09 GB
2026-09-03 07:32:38,719 - DRAM Swap = 0.0 GB
2026-09-03 07:32:38,719 - 
2026-09-03 07:32:38,925 - VRAM Total = [140.4] GB
2026-09-03 07:32:38,926 - VRAM Used = [9.0] GB
2026-09-03 07:32:38,926 - 
2026-09-03 07:32:38,949 - Get SMARTINFO error, error=Expecting value: line 1 column 1 (char 0)
2026-09-03 07:32:38,949 - 
2026-09-03 07:32:38,949 - ================================================================================
2026-09-03 07:32:39,950 - DRAM Used + Cache + Buffer + Swap = 57.95 GB
2026-09-03 07:32:39,951 - DRAM Used + Cache + Buffer = 57.95 GB
2026-09-03 07:32:39,951 - DRAM Used = 32.09 GB
2026-09-03 07:32:39,951 - DRAM Swap = 0.0 GB
2026-09-03 07:32:39,951 - 
2026-09-03 07:32:40,157 - VRAM Total = [140.4] GB
2026-09-03 07:32:40,157 - VRAM Used = [9.0] GB
2026-09-03 07:32:40,157 - 
2026-09-03 07:32:40,182 - Get SMARTINFO error, error=Expecting value: line 1 column 1 (char 0)
2026-09-03 07:32:40,182 - 
2026-09-03 07:32:40,182 - ================================================================================
2026-09-03 07:32:41,183 - DRAM Used + Cache + Buffer + Swap = 57.93 GB
2026-09-03 07:32:41,183 - DRAM Used + Cache + Buffer = 57.93 GB
2026-09-03 07:32:41,183 - DRAM Used = 32.07 GB
2026-09-03 07:32:41,184 - DRAM Swap = 0.0 GB
2026-09-03 07:32:41,184 - 
2026-09-03 07:32:41,390 - VRAM Total = [140.4] GB
2026-09-03 07:32:41,390 - VRAM Used = [9.0] GB
2026-09-03 07:32:41,390 - 
2026-09-03 07:32:41,410 - Get SMARTINFO error, error=Expecting value: line 1 column 1 (char 0)
2026-09-03 07:32:41,410 - 
2026-09-03 07:32:41,411 - ================================================================================
2026-09-03 07:32:42,412 - DRAM Used + Cache + Buffer + Swap = 57.92 GB
2026-09-03 07:32:42,412 - DRAM Used + Cache + Buffer = 57.92 GB
2026-09-03 07:32:42,412 - DRAM Used = 32.05 GB
2026-09-03 07:32:42,412 - DRAM Swap = 0.0 GB
2026-09-03 07:32:42,412 - 
2026-09-03 07:32:42,619 - VRAM Total = [140.4] GB
2026-09-03 07:32:42,619 - VRAM Used = [9.0] GB
2026-09-03 07:32:42,619 - 
2026-09-03 07:32:42,637 - Get SMARTINFO error, error=Expecting value: line 1 column 1 (char 0)
2026-09-03 07:32:42,637 - 
2026-09-03 07:32:42,637 - ================================================================================
2026-09-03 07:32:43,639 - DRAM Used + Cache + Buffer + Swap = 57.92 GB
2026-09-03 07:32:43,639 - DRAM Used + Cache + Buffer = 57.92 GB
2026-09-03 07:32:43,639 - DRAM Used = 32.04 GB
2026-09-03 07:32:43,639 - DRAM Swap = 0.0 GB
2026-09-03 07:32:43,639 - 
2026-09-03 07:32:43,847 - VRAM Total = [140.4] GB
2026-09-03 07:32:43,847 - VRAM Used = [7.12] GB
2026-09-03 07:32:43,847 - 
2026-09-03 07:32:43,873 - Get SMARTINFO error, error=Expecting value: line 1 column 1 (char 0)
2026-09-03 07:32:43,874 - 
2026-09-03 07:32:43,874 - ================================================================================
2026-09-03 07:32:44,875 - DRAM Used + Cache + Buffer + Swap = 57.91 GB
2026-09-03 07:32:44,875 - DRAM Used + Cache + Buffer = 57.91 GB
2026-09-03 07:32:44,875 - DRAM Used = 32.03 GB
2026-09-03 07:32:44,875 - DRAM Swap = 0.0 GB
2026-09-03 07:32:44,875 - 
2026-09-03 07:32:45,081 - VRAM Total = [140.4] GB
2026-09-03 07:32:45,081 - VRAM Used = [7.12] GB
2026-09-03 07:32:45,081 - 
2026-09-03 07:32:45,104 - Get SMARTINFO error, error=Expecting value: line 1 column 1 (char 0)
2026-09-03 07:32:45,104 - 
2026-09-03 07:32:45,104 - ================================================================================
2026-09-03 07:32:46,105 - DRAM Used + Cache + Buffer + Swap = 57.88 GB
2026-09-03 07:32:46,105 - DRAM Used + Cache + Buffer = 57.88 GB
2026-09-03 07:32:46,105 - DRAM Used = 32.01 GB
2026-09-03 07:32:46,105 - DRAM Swap = 0.0 GB
2026-09-03 07:32:46,105 - 
2026-09-03 07:32:46,312 - VRAM Total = [140.4] GB
2026-09-03 07:32:46,312 - VRAM Used = [8.99] GB
2026-09-03 07:32:46,312 - 
2026-09-03 07:32:46,335 - Get SMARTINFO error, error=Expecting value: line 1 column 1 (char 0)
2026-09-03 07:32:46,336 - 
2026-09-03 07:32:46,336 - ================================================================================
2026-09-03 07:32:47,337 - DRAM Used + Cache + Buffer + Swap = 57.88 GB
2026-09-03 07:32:47,337 - DRAM Used + Cache + Buffer = 57.88 GB
2026-09-03 07:32:47,337 - DRAM Used = 32.0 GB
2026-09-03 07:32:47,337 - DRAM Swap = 0.0 GB
2026-09-03 07:32:47,337 - 
2026-09-03 07:32:47,544 - VRAM Total = [140.4] GB
2026-09-03 07:32:47,544 - VRAM Used = [9.0] GB
2026-09-03 07:32:47,544 - 
2026-09-03 07:32:47,569 - Get SMARTINFO error, error=Expecting value: line 1 column 1 (char 0)
2026-09-03 07:32:47,569 - 
2026-09-03 07:32:47,569 - ================================================================================
2026-09-03 07:32:48,571 - DRAM Used + Cache + Buffer + Swap = 57.86 GB
2026-09-03 07:32:48,571 - DRAM Used + Cache + Buffer = 57.86 GB
2026-09-03 07:32:48,571 - DRAM Used = 31.98 GB
2026-09-03 07:32:48,571 - DRAM Swap = 0.0 GB
2026-09-03 07:32:48,571 - 
2026-09-03 07:32:48,778 - VRAM Total = [140.4] GB
2026-09-03 07:32:48,778 - VRAM Used = [9.0] GB
2026-09-03 07:32:48,778 - 
2026-09-03 07:32:48,802 - Get SMARTINFO error, error=Expecting value: line 1 column 1 (char 0)
2026-09-03 07:32:48,802 - 
2026-09-03 07:32:48,802 - ================================================================================
2026-09-03 07:32:49,803 - DRAM Used + Cache + Buffer + Swap = 57.85 GB
2026-09-03 07:32:49,803 - DRAM Used + Cache + Buffer = 57.85 GB
2026-09-03 07:32:49,803 - DRAM Used = 31.97 GB
2026-09-03 07:32:49,803 - DRAM Swap = 0.0 GB
2026-09-03 07:32:49,804 - 
2026-09-03 07:32:50,010 - VRAM Total = [140.4] GB
2026-09-03 07:32:50,010 - VRAM Used = [9.0] GB
2026-09-03 07:32:50,010 - 
2026-09-03 07:32:50,033 - Get SMARTINFO error, error=Expecting value: line 1 column 1 (char 0)
2026-09-03 07:32:50,033 - 
2026-09-03 07:32:50,033 - ================================================================================
2026-09-03 07:32:51,034 - DRAM Used + Cache + Buffer + Swap = 57.85 GB
2026-09-03 07:32:51,034 - DRAM Used + Cache + Buffer = 57.85 GB
2026-09-03 07:32:51,034 - DRAM Used = 31.97 GB
2026-09-03 07:32:51,034 - DRAM Swap = 0.0 GB
2026-09-03 07:32:51,034 - 
2026-09-03 07:32:51,240 - VRAM Total = [140.4] GB
2026-09-03 07:32:51,240 - VRAM Used = [9.0] GB
2026-09-03 07:32:51,240 - 
2026-09-03 07:32:51,263 - Get SMARTINFO error, error=Expecting value: line 1 column 1 (char 0)
2026-09-03 07:32:51,264 - 
2026-09-03 07:32:51,264 - ================================================================================
2026-09-03 07:32:52,265 - DRAM Used + Cache + Buffer + Swap = 57.84 GB
2026-09-03 07:32:52,266 - DRAM Used + Cache + Buffer = 57.84 GB
2026-09-03 07:32:52,266 - DRAM Used = 31.97 GB
2026-09-03 07:32:52,266 - DRAM Swap = 0.0 GB
2026-09-03 07:32:52,266 - 
2026-09-03 07:32:52,473 - VRAM Total = [140.4] GB
2026-09-03 07:32:52,473 - VRAM Used = [9.0] GB
2026-09-03 07:32:52,473 - 
2026-09-03 07:32:52,497 - Get SMARTINFO error, error=Expecting value: line 1 column 1 (char 0)
2026-09-03 07:32:52,497 - 
2026-09-03 07:32:52,497 - ================================================================================
2026-09-03 07:32:53,498 - DRAM Used + Cache + Buffer + Swap = 57.84 GB
2026-09-03 07:32:53,499 - DRAM Used + Cache + Buffer = 57.84 GB
2026-09-03 07:32:53,499 - DRAM Used = 31.96 GB
2026-09-03 07:32:53,499 - DRAM Swap = 0.0 GB
2026-09-03 07:32:53,499 - 
2026-09-03 07:32:53,705 - VRAM Total = [140.4] GB
2026-09-03 07:32:53,705 - VRAM Used = [9.0] GB
2026-09-03 07:32:53,706 - 
2026-09-03 07:32:53,730 - Get SMARTINFO error, error=Expecting value: line 1 column 1 (char 0)
2026-09-03 07:32:53,730 - 
2026-09-03 07:32:53,730 - ================================================================================
2026-09-03 07:32:54,731 - DRAM Used + Cache + Buffer + Swap = 57.81 GB
2026-09-03 07:32:54,732 - DRAM Used + Cache + Buffer = 57.81 GB
2026-09-03 07:32:54,732 - DRAM Used = 31.94 GB
2026-09-03 07:32:54,732 - DRAM Swap = 0.0 GB
2026-09-03 07:32:54,732 - 
2026-09-03 07:32:54,938 - VRAM Total = [140.4] GB
2026-09-03 07:32:54,938 - VRAM Used = [12.75] GB
2026-09-03 07:32:54,938 - 
2026-09-03 07:32:54,961 - Get SMARTINFO error, error=Expecting value: line 1 column 1 (char 0)
2026-09-03 07:32:54,961 - 
2026-09-03 07:32:54,961 - ================================================================================
2026-09-03 07:32:55,962 - DRAM Used + Cache + Buffer + Swap = 59.85 GB
2026-09-03 07:32:55,963 - DRAM Used + Cache + Buffer = 59.85 GB
2026-09-03 07:32:55,963 - DRAM Used = 33.97 GB
2026-09-03 07:32:55,963 - DRAM Swap = 0.0 GB
2026-09-03 07:32:55,963 - 
2026-09-03 07:32:56,169 - VRAM Total = [140.4] GB
2026-09-03 07:32:56,169 - VRAM Used = [12.75] GB
2026-09-03 07:32:56,169 - 
2026-09-03 07:32:56,193 - Get SMARTINFO error, error=Expecting value: line 1 column 1 (char 0)
2026-09-03 07:32:56,193 - 
2026-09-03 07:32:56,193 - ================================================================================
2026-09-03 07:32:57,194 - DRAM Used + Cache + Buffer + Swap = 61.76 GB
2026-09-03 07:32:57,194 - DRAM Used + Cache + Buffer = 61.76 GB
2026-09-03 07:32:57,194 - DRAM Used = 35.88 GB
2026-09-03 07:32:57,194 - DRAM Swap = 0.0 GB
2026-09-03 07:32:57,194 - 
2026-09-03 07:32:57,400 - VRAM Total = [140.4] GB
2026-09-03 07:32:57,400 - VRAM Used = [12.75] GB
2026-09-03 07:32:57,401 - 
2026-09-03 07:32:57,427 - Get SMARTINFO error, error=Expecting value: line 1 column 1 (char 0)
2026-09-03 07:32:57,427 - 
2026-09-03 07:32:57,427 - ================================================================================
2026-09-03 07:32:58,428 - DRAM Used + Cache + Buffer + Swap = 61.74 GB
2026-09-03 07:32:58,429 - DRAM Used + Cache + Buffer = 61.74 GB
2026-09-03 07:32:58,429 - DRAM Used = 35.86 GB
2026-09-03 07:32:58,429 - DRAM Swap = 0.0 GB
2026-09-03 07:32:58,429 - 
2026-09-03 07:32:58,637 - VRAM Total = [140.4] GB
2026-09-03 07:32:58,637 - VRAM Used = [12.75] GB
2026-09-03 07:32:58,637 - 
2026-09-03 07:32:58,659 - Get SMARTINFO error, error=Expecting value: line 1 column 1 (char 0)
2026-09-03 07:32:58,659 - 
2026-09-03 07:32:58,660 - ================================================================================
2026-09-03 07:32:59,661 - DRAM Used + Cache + Buffer + Swap = 61.72 GB
2026-09-03 07:32:59,661 - DRAM Used + Cache + Buffer = 61.72 GB
2026-09-03 07:32:59,661 - DRAM Used = 35.85 GB
2026-09-03 07:32:59,661 - DRAM Swap = 0.0 GB
2026-09-03 07:32:59,661 - 
2026-09-03 07:32:59,870 - VRAM Total = [140.4] GB
2026-09-03 07:32:59,870 - VRAM Used = [12.75] GB
2026-09-03 07:32:59,870 - 
2026-09-03 07:32:59,891 - Get SMARTINFO error, error=Expecting value: line 1 column 1 (char 0)
2026-09-03 07:32:59,891 - 
2026-09-03 07:32:59,891 - ================================================================================
2026-09-03 07:33:00,892 - DRAM Used + Cache + Buffer + Swap = 61.67 GB
2026-09-03 07:33:00,893 - DRAM Used + Cache + Buffer = 61.67 GB
2026-09-03 07:33:00,893 - DRAM Used = 35.79 GB
2026-09-03 07:33:00,893 - DRAM Swap = 0.0 GB
2026-09-03 07:33:00,893 - 
2026-09-03 07:33:01,101 - VRAM Total = [140.4] GB
2026-09-03 07:33:01,101 - VRAM Used = [12.75] GB
2026-09-03 07:33:01,101 - 
2026-09-03 07:33:01,113 - Get SMARTINFO error, error=Expecting value: line 1 column 1 (char 0)
2026-09-03 07:33:01,114 - 
2026-09-03 07:33:01,114 - ================================================================================
2026-09-03 07:33:02,115 - DRAM Used + Cache + Buffer + Swap = 61.66 GB
2026-09-03 07:33:02,115 - DRAM Used + Cache + Buffer = 61.66 GB
2026-09-03 07:33:02,115 - DRAM Used = 35.78 GB
2026-09-03 07:33:02,116 - DRAM Swap = 0.0 GB
2026-09-03 07:33:02,116 - 
2026-09-03 07:33:02,322 - VRAM Total = [140.4] GB
2026-09-03 07:33:02,322 - VRAM Used = [12.75] GB
2026-09-03 07:33:02,322 - 
2026-09-03 07:33:02,346 - Get SMARTINFO error, error=Expecting value: line 1 column 1 (char 0)
2026-09-03 07:33:02,347 - 
2026-09-03 07:33:02,347 - ================================================================================
2026-09-03 07:33:03,348 - DRAM Used + Cache + Buffer + Swap = 61.67 GB
2026-09-03 07:33:03,348 - DRAM Used + Cache + Buffer = 61.67 GB
2026-09-03 07:33:03,348 - DRAM Used = 35.8 GB
2026-09-03 07:33:03,348 - DRAM Swap = 0.0 GB
2026-09-03 07:33:03,349 - 
2026-09-03 07:33:03,555 - VRAM Total = [140.4] GB
2026-09-03 07:33:03,556 - VRAM Used = [12.75] GB
2026-09-03 07:33:03,556 - 
2026-09-03 07:33:03,582 - Get SMARTINFO error, error=Expecting value: line 1 column 1 (char 0)
2026-09-03 07:33:03,582 - 
2026-09-03 07:33:03,582 - ================================================================================
2026-09-03 07:33:04,583 - DRAM Used + Cache + Buffer + Swap = 61.65 GB
2026-09-03 07:33:04,583 - DRAM Used + Cache + Buffer = 61.65 GB
2026-09-03 07:33:04,584 - DRAM Used = 35.77 GB
2026-09-03 07:33:04,584 - DRAM Swap = 0.0 GB
2026-09-03 07:33:04,584 - 
2026-09-03 07:33:04,791 - VRAM Total = [140.4] GB
2026-09-03 07:33:04,792 - VRAM Used = [12.75] GB
2026-09-03 07:33:04,792 - 
2026-09-03 07:33:04,815 - Get SMARTINFO error, error=Expecting value: line 1 column 1 (char 0)
2026-09-03 07:33:04,815 - 
2026-09-03 07:33:04,815 - ================================================================================
2026-09-03 07:33:05,818 - DRAM Used + Cache + Buffer + Swap = 61.61 GB
2026-09-03 07:33:05,818 - DRAM Used + Cache + Buffer = 61.61 GB
2026-09-03 07:33:05,818 - DRAM Used = 35.73 GB
2026-09-03 07:33:05,818 - DRAM Swap = 0.0 GB
2026-09-03 07:33:05,818 - 
2026-09-03 07:33:06,024 - VRAM Total = [140.4] GB
2026-09-03 07:33:06,024 - VRAM Used = [12.75] GB
2026-09-03 07:33:06,024 - 
2026-09-03 07:33:06,052 - Get SMARTINFO error, error=Expecting value: line 1 column 1 (char 0)
2026-09-03 07:33:06,052 - 
2026-09-03 07:33:06,052 - ================================================================================
2026-09-03 07:33:07,052 - DRAM Used + Cache + Buffer + Swap = 61.56 GB
2026-09-03 07:33:07,053 - DRAM Used + Cache + Buffer = 61.56 GB
2026-09-03 07:33:07,053 - DRAM Used = 35.68 GB
2026-09-03 07:33:07,053 - DRAM Swap = 0.0 GB
2026-09-03 07:33:07,053 - 
2026-09-03 07:33:07,260 - VRAM Total = [140.4] GB
2026-09-03 07:33:07,260 - VRAM Used = [12.75] GB
2026-09-03 07:33:07,260 - 
2026-09-03 07:33:07,287 - Get SMARTINFO error, error=Expecting value: line 1 column 1 (char 0)
2026-09-03 07:33:07,287 - 
2026-09-03 07:33:07,287 - ================================================================================
2026-09-03 07:33:08,288 - DRAM Used + Cache + Buffer + Swap = 61.54 GB
2026-09-03 07:33:08,288 - DRAM Used + Cache + Buffer = 61.54 GB
2026-09-03 07:33:08,289 - DRAM Used = 35.66 GB
2026-09-03 07:33:08,289 - DRAM Swap = 0.0 GB
2026-09-03 07:33:08,289 - 
2026-09-03 07:33:08,500 - VRAM Total = [140.4] GB
2026-09-03 07:33:08,500 - VRAM Used = [12.75] GB
2026-09-03 07:33:08,500 - 
2026-09-03 07:33:08,521 - Get SMARTINFO error, error=Expecting value: line 1 column 1 (char 0)
2026-09-03 07:33:08,521 - 
2026-09-03 07:33:08,521 - ================================================================================
2026-09-03 07:33:09,522 - DRAM Used + Cache + Buffer + Swap = 61.51 GB
2026-09-03 07:33:09,523 - DRAM Used + Cache + Buffer = 61.51 GB
2026-09-03 07:33:09,523 - DRAM Used = 35.63 GB
2026-09-03 07:33:09,523 - DRAM Swap = 0.0 GB
2026-09-03 07:33:09,523 - 
2026-09-03 07:33:09,729 - VRAM Total = [140.4] GB
2026-09-03 07:33:09,730 - VRAM Used = [12.75] GB
2026-09-03 07:33:09,730 - 
2026-09-03 07:33:09,753 - Get SMARTINFO error, error=Expecting value: line 1 column 1 (char 0)
2026-09-03 07:33:09,753 - 
2026-09-03 07:33:09,753 - ================================================================================
2026-09-03 07:33:10,754 - DRAM Used + Cache + Buffer + Swap = 61.48 GB
2026-09-03 07:33:10,754 - DRAM Used + Cache + Buffer = 61.48 GB
2026-09-03 07:33:10,754 - DRAM Used = 35.61 GB
2026-09-03 07:33:10,754 - DRAM Swap = 0.0 GB
2026-09-03 07:33:10,754 - 
2026-09-03 07:33:10,960 - VRAM Total = [140.4] GB
2026-09-03 07:33:10,960 - VRAM Used = [12.75] GB
2026-09-03 07:33:10,960 - 
2026-09-03 07:33:10,992 - Get SMARTINFO error, error=Expecting value: line 1 column 1 (char 0)
2026-09-03 07:33:10,993 - 
2026-09-03 07:33:10,993 - ================================================================================
2026-09-03 07:33:11,994 - DRAM Used + Cache + Buffer + Swap = 61.43 GB
2026-09-03 07:33:11,994 - DRAM Used + Cache + Buffer = 61.43 GB
2026-09-03 07:33:11,994 - DRAM Used = 35.56 GB
2026-09-03 07:33:11,994 - DRAM Swap = 0.0 GB
2026-09-03 07:33:11,994 - 
2026-09-03 07:33:12,201 - VRAM Total = [140.4] GB
2026-09-03 07:33:12,201 - VRAM Used = [12.75] GB
2026-09-03 07:33:12,201 - 
2026-09-03 07:33:12,225 - Get SMARTINFO error, error=Expecting value: line 1 column 1 (char 0)
2026-09-03 07:33:12,225 - 
2026-09-03 07:33:12,225 - ================================================================================
2026-09-03 07:33:13,227 - DRAM Used + Cache + Buffer + Swap = 61.41 GB
2026-09-03 07:33:13,227 - DRAM Used + Cache + Buffer = 61.41 GB
2026-09-03 07:33:13,227 - DRAM Used = 35.53 GB
2026-09-03 07:33:13,227 - DRAM Swap = 0.0 GB
2026-09-03 07:33:13,227 - 
2026-09-03 07:33:13,433 - VRAM Total = [140.4] GB
2026-09-03 07:33:13,434 - VRAM Used = [12.75] GB
2026-09-03 07:33:13,434 - 
2026-09-03 07:33:13,455 - Get SMARTINFO error, error=Expecting value: line 1 column 1 (char 0)
2026-09-03 07:33:13,455 - 
2026-09-03 07:33:13,455 - ================================================================================
2026-09-03 07:33:14,456 - DRAM Used + Cache + Buffer + Swap = 61.41 GB
2026-09-03 07:33:14,456 - DRAM Used + Cache + Buffer = 61.41 GB
2026-09-03 07:33:14,456 - DRAM Used = 35.53 GB
2026-09-03 07:33:14,456 - DRAM Swap = 0.0 GB
2026-09-03 07:33:14,456 - 
2026-09-03 07:33:14,664 - VRAM Total = [140.4] GB
2026-09-03 07:33:14,664 - VRAM Used = [12.75] GB
2026-09-03 07:33:14,664 - 
2026-09-03 07:33:14,690 - Get SMARTINFO error, error=Expecting value: line 1 column 1 (char 0)
2026-09-03 07:33:14,691 - 
2026-09-03 07:33:14,691 - ================================================================================
2026-09-03 07:33:15,692 - DRAM Used + Cache + Buffer + Swap = 61.44 GB
2026-09-03 07:33:15,692 - DRAM Used + Cache + Buffer = 61.44 GB
2026-09-03 07:33:15,693 - DRAM Used = 35.56 GB
2026-09-03 07:33:15,693 - DRAM Swap = 0.0 GB
2026-09-03 07:33:15,693 - 
2026-09-03 07:33:15,899 - VRAM Total = [140.4] GB
2026-09-03 07:33:15,899 - VRAM Used = [12.75] GB
2026-09-03 07:33:15,899 - 
2026-09-03 07:33:15,928 - Get SMARTINFO error, error=Expecting value: line 1 column 1 (char 0)
2026-09-03 07:33:15,928 - 
2026-09-03 07:33:15,928 - ================================================================================
2026-09-03 07:33:16,929 - DRAM Used + Cache + Buffer + Swap = 61.41 GB
2026-09-03 07:33:16,930 - DRAM Used + Cache + Buffer = 61.41 GB
2026-09-03 07:33:16,930 - DRAM Used = 35.53 GB
2026-09-03 07:33:16,930 - DRAM Swap = 0.0 GB
2026-09-03 07:33:16,930 - 
2026-09-03 07:33:17,136 - VRAM Total = [140.4] GB
2026-09-03 07:33:17,136 - VRAM Used = [12.75] GB
2026-09-03 07:33:17,136 - 
2026-09-03 07:33:17,160 - Get SMARTINFO error, error=Expecting value: line 1 column 1 (char 0)
2026-09-03 07:33:17,161 - 
2026-09-03 07:33:17,161 - ================================================================================
2026-09-03 07:33:18,162 - DRAM Used + Cache + Buffer + Swap = 61.37 GB
2026-09-03 07:33:18,162 - DRAM Used + Cache + Buffer = 61.37 GB
2026-09-03 07:33:18,162 - DRAM Used = 35.49 GB
2026-09-03 07:33:18,163 - DRAM Swap = 0.0 GB
2026-09-03 07:33:18,163 - 
2026-09-03 07:33:18,371 - VRAM Total = [140.4] GB
2026-09-03 07:33:18,372 - VRAM Used = [12.75] GB
2026-09-03 07:33:18,372 - 
2026-09-03 07:33:18,396 - Get SMARTINFO error, error=Expecting value: line 1 column 1 (char 0)
2026-09-03 07:33:18,397 - 
2026-09-03 07:33:18,397 - ================================================================================
2026-09-03 07:33:19,398 - DRAM Used + Cache + Buffer + Swap = 61.34 GB
2026-09-03 07:33:19,398 - DRAM Used + Cache + Buffer = 61.34 GB
2026-09-03 07:33:19,399 - DRAM Used = 35.46 GB
2026-09-03 07:33:19,399 - DRAM Swap = 0.0 GB
2026-09-03 07:33:19,399 - 
2026-09-03 07:33:19,607 - VRAM Total = [140.4] GB
2026-09-03 07:33:19,607 - VRAM Used = [12.75] GB
2026-09-03 07:33:19,607 - 
2026-09-03 07:33:19,632 - Get SMARTINFO error, error=Expecting value: line 1 column 1 (char 0)
2026-09-03 07:33:19,632 - 
2026-09-03 07:33:19,632 - ================================================================================
2026-09-03 07:33:20,633 - DRAM Used + Cache + Buffer + Swap = 61.3 GB
2026-09-03 07:33:20,633 - DRAM Used + Cache + Buffer = 61.3 GB
2026-09-03 07:33:20,633 - DRAM Used = 35.43 GB
2026-09-03 07:33:20,633 - DRAM Swap = 0.0 GB
2026-09-03 07:33:20,634 - 
2026-09-03 07:33:20,843 - VRAM Total = [140.4] GB
2026-09-03 07:33:20,844 - VRAM Used = [12.75] GB
2026-09-03 07:33:20,844 - 
2026-09-03 07:33:20,872 - Get SMARTINFO error, error=Expecting value: line 1 column 1 (char 0)
2026-09-03 07:33:20,872 - 
2026-09-03 07:33:20,872 - ================================================================================
2026-09-03 07:33:21,874 - DRAM Used + Cache + Buffer + Swap = 61.27 GB
2026-09-03 07:33:21,880 - DRAM Used + Cache + Buffer = 61.27 GB
2026-09-03 07:33:21,880 - DRAM Used = 35.39 GB
2026-09-03 07:33:21,880 - DRAM Swap = 0.0 GB
2026-09-03 07:33:21,881 - 
2026-09-03 07:33:22,086 - VRAM Total = [140.4] GB
2026-09-03 07:33:22,087 - VRAM Used = [12.75] GB
2026-09-03 07:33:22,087 - 
2026-09-03 07:33:22,112 - Get SMARTINFO error, error=Expecting value: line 1 column 1 (char 0)
2026-09-03 07:33:22,112 - 
2026-09-03 07:33:22,112 - ================================================================================
2026-09-03 07:33:23,113 - DRAM Used + Cache + Buffer + Swap = 61.23 GB
2026-09-03 07:33:23,114 - DRAM Used + Cache + Buffer = 61.23 GB
2026-09-03 07:33:23,114 - DRAM Used = 35.35 GB
2026-09-03 07:33:23,114 - DRAM Swap = 0.0 GB
2026-09-03 07:33:23,114 - 
2026-09-03 07:33:23,320 - VRAM Total = [140.4] GB
2026-09-03 07:33:23,320 - VRAM Used = [12.75] GB
2026-09-03 07:33:23,320 - 
2026-09-03 07:33:23,343 - Get SMARTINFO error, error=Expecting value: line 1 column 1 (char 0)
2026-09-03 07:33:23,343 - 
2026-09-03 07:33:23,343 - ================================================================================
2026-09-03 07:33:24,344 - DRAM Used + Cache + Buffer + Swap = 61.2 GB
2026-09-03 07:33:24,345 - DRAM Used + Cache + Buffer = 61.2 GB
2026-09-03 07:33:24,345 - DRAM Used = 35.32 GB
2026-09-03 07:33:24,345 - DRAM Swap = 0.0 GB
2026-09-03 07:33:24,345 - 
2026-09-03 07:33:24,553 - VRAM Total = [140.4] GB
2026-09-03 07:33:24,553 - VRAM Used = [12.75] GB
2026-09-03 07:33:24,553 - 
2026-09-03 07:33:24,579 - Get SMARTINFO error, error=Expecting value: line 1 column 1 (char 0)
2026-09-03 07:33:24,580 - 
2026-09-03 07:33:24,580 - ================================================================================
2026-09-03 07:33:25,581 - DRAM Used + Cache + Buffer + Swap = 61.19 GB
2026-09-03 07:33:25,581 - DRAM Used + Cache + Buffer = 61.19 GB
2026-09-03 07:33:25,581 - DRAM Used = 35.31 GB
2026-09-03 07:33:25,581 - DRAM Swap = 0.0 GB
2026-09-03 07:33:25,581 - 
2026-09-03 07:33:25,788 - VRAM Total = [140.4] GB
2026-09-03 07:33:25,788 - VRAM Used = [7.12] GB
2026-09-03 07:33:25,788 - 
2026-09-03 07:33:25,814 - Get SMARTINFO error, error=Expecting value: line 1 column 1 (char 0)
2026-09-03 07:33:25,814 - 
2026-09-03 07:33:25,814 - ================================================================================
2026-09-03 07:33:26,815 - DRAM Used + Cache + Buffer + Swap = 61.18 GB
2026-09-03 07:33:26,815 - DRAM Used + Cache + Buffer = 61.18 GB
2026-09-03 07:33:26,815 - DRAM Used = 35.3 GB
2026-09-03 07:33:26,815 - DRAM Swap = 0.0 GB
2026-09-03 07:33:26,815 - 
2026-09-03 07:33:27,022 - VRAM Total = [140.4] GB
2026-09-03 07:33:27,022 - VRAM Used = [7.12] GB
2026-09-03 07:33:27,022 - 
2026-09-03 07:33:27,048 - Get SMARTINFO error, error=Expecting value: line 1 column 1 (char 0)
2026-09-03 07:33:27,048 - 
2026-09-03 07:33:27,048 - ================================================================================
2026-09-03 07:33:28,049 - DRAM Used + Cache + Buffer + Swap = 61.16 GB
2026-09-03 07:33:28,049 - DRAM Used + Cache + Buffer = 61.16 GB
2026-09-03 07:33:28,049 - DRAM Used = 35.28 GB
2026-09-03 07:33:28,049 - DRAM Swap = 0.0 GB
2026-09-03 07:33:28,049 - 
2026-09-03 07:33:28,256 - VRAM Total = [140.4] GB
2026-09-03 07:33:28,256 - VRAM Used = [9.0] GB
2026-09-03 07:33:28,256 - 
2026-09-03 07:33:28,283 - Get SMARTINFO error, error=Expecting value: line 1 column 1 (char 0)
2026-09-03 07:33:28,283 - 
2026-09-03 07:33:28,283 - ================================================================================
2026-09-03 07:33:29,284 - DRAM Used + Cache + Buffer + Swap = 61.16 GB
2026-09-03 07:33:29,284 - DRAM Used + Cache + Buffer = 61.16 GB
2026-09-03 07:33:29,284 - DRAM Used = 35.28 GB
2026-09-03 07:33:29,284 - DRAM Swap = 0.0 GB
2026-09-03 07:33:29,284 - 
2026-09-03 07:33:29,491 - VRAM Total = [140.4] GB
2026-09-03 07:33:29,491 - VRAM Used = [9.0] GB
2026-09-03 07:33:29,491 - 
2026-09-03 07:33:29,516 - Get SMARTINFO error, error=Expecting value: line 1 column 1 (char 0)
2026-09-03 07:33:29,516 - 
2026-09-03 07:33:29,516 - ================================================================================
2026-09-03 07:33:30,517 - DRAM Used + Cache + Buffer + Swap = 61.15 GB
2026-09-03 07:33:30,517 - DRAM Used + Cache + Buffer = 61.15 GB
2026-09-03 07:33:30,517 - DRAM Used = 35.27 GB
2026-09-03 07:33:30,517 - DRAM Swap = 0.0 GB
2026-09-03 07:33:30,517 - 
2026-09-03 07:33:30,724 - VRAM Total = [140.4] GB
2026-09-03 07:33:30,724 - VRAM Used = [9.0] GB
2026-09-03 07:33:30,724 - 
2026-09-03 07:33:30,748 - Get SMARTINFO error, error=Expecting value: line 1 column 1 (char 0)
2026-09-03 07:33:30,749 - 
2026-09-03 07:33:30,749 - ================================================================================
2026-09-03 07:33:31,750 - DRAM Used + Cache + Buffer + Swap = 61.14 GB
2026-09-03 07:33:31,750 - DRAM Used + Cache + Buffer = 61.14 GB
2026-09-03 07:33:31,750 - DRAM Used = 35.27 GB
2026-09-03 07:33:31,750 - DRAM Swap = 0.0 GB
2026-09-03 07:33:31,750 - 
2026-09-03 07:33:31,956 - VRAM Total = [140.4] GB
2026-09-03 07:33:31,957 - VRAM Used = [9.0] GB
2026-09-03 07:33:31,957 - 
2026-09-03 07:33:31,981 - Get SMARTINFO error, error=Expecting value: line 1 column 1 (char 0)
2026-09-03 07:33:31,982 - 
2026-09-03 07:33:31,982 - ================================================================================
2026-09-03 07:33:32,983 - DRAM Used + Cache + Buffer + Swap = 61.14 GB
2026-09-03 07:33:32,983 - DRAM Used + Cache + Buffer = 61.14 GB
2026-09-03 07:33:32,983 - DRAM Used = 35.26 GB
2026-09-03 07:33:32,983 - DRAM Swap = 0.0 GB
2026-09-03 07:33:32,983 - 
2026-09-03 07:33:33,189 - VRAM Total = [140.4] GB
2026-09-03 07:33:33,189 - VRAM Used = [7.12] GB
2026-09-03 07:33:33,189 - 
2026-09-03 07:33:33,215 - Get SMARTINFO error, error=Expecting value: line 1 column 1 (char 0)
2026-09-03 07:33:33,216 - 
2026-09-03 07:33:33,216 - ================================================================================
2026-09-03 07:33:34,217 - DRAM Used + Cache + Buffer + Swap = 61.13 GB
2026-09-03 07:33:34,217 - DRAM Used + Cache + Buffer = 61.13 GB
2026-09-03 07:33:34,217 - DRAM Used = 35.25 GB
2026-09-03 07:33:34,217 - DRAM Swap = 0.0 GB
2026-09-03 07:33:34,217 - 
2026-09-03 07:33:34,423 - VRAM Total = [140.4] GB
2026-09-03 07:33:34,423 - VRAM Used = [7.12] GB
2026-09-03 07:33:34,423 - 
2026-09-03 07:33:34,448 - Get SMARTINFO error, error=Expecting value: line 1 column 1 (char 0)
2026-09-03 07:33:34,449 - 
2026-09-03 07:33:34,449 - ================================================================================
2026-09-03 07:33:35,450 - DRAM Used + Cache + Buffer + Swap = 61.12 GB
2026-09-03 07:33:35,450 - DRAM Used + Cache + Buffer = 61.12 GB
2026-09-03 07:33:35,450 - DRAM Used = 35.24 GB
2026-09-03 07:33:35,450 - DRAM Swap = 0.0 GB
2026-09-03 07:33:35,450 - 
2026-09-03 07:33:35,656 - VRAM Total = [140.4] GB
2026-09-03 07:33:35,656 - VRAM Used = [8.99] GB
2026-09-03 07:33:35,656 - 
2026-09-03 07:33:35,680 - Get SMARTINFO error, error=Expecting value: line 1 column 1 (char 0)
2026-09-03 07:33:35,680 - 
2026-09-03 07:33:35,680 - ================================================================================
2026-09-03 07:33:36,681 - DRAM Used + Cache + Buffer + Swap = 61.11 GB
2026-09-03 07:33:36,681 - DRAM Used + Cache + Buffer = 61.11 GB
2026-09-03 07:33:36,681 - DRAM Used = 35.23 GB
2026-09-03 07:33:36,681 - DRAM Swap = 0.0 GB
2026-09-03 07:33:36,681 - 
2026-09-03 07:33:36,888 - VRAM Total = [140.4] GB
2026-09-03 07:33:36,888 - VRAM Used = [9.0] GB
2026-09-03 07:33:36,888 - 
2026-09-03 07:33:36,913 - Get SMARTINFO error, error=Expecting value: line 1 column 1 (char 0)
2026-09-03 07:33:36,914 - 
2026-09-03 07:33:36,914 - ================================================================================
2026-09-03 07:33:37,915 - DRAM Used + Cache + Buffer + Swap = 61.1 GB
2026-09-03 07:33:37,915 - DRAM Used + Cache + Buffer = 61.1 GB
2026-09-03 07:33:37,915 - DRAM Used = 35.22 GB
2026-09-03 07:33:37,915 - DRAM Swap = 0.0 GB
2026-09-03 07:33:37,915 - 
2026-09-03 07:33:38,122 - VRAM Total = [140.4] GB
2026-09-03 07:33:38,122 - VRAM Used = [9.0] GB
2026-09-03 07:33:38,122 - 
2026-09-03 07:33:38,148 - Get SMARTINFO error, error=Expecting value: line 1 column 1 (char 0)
2026-09-03 07:33:38,148 - 
2026-09-03 07:33:38,148 - ================================================================================
2026-09-03 07:33:39,149 - DRAM Used + Cache + Buffer + Swap = 61.09 GB
2026-09-03 07:33:39,149 - DRAM Used + Cache + Buffer = 61.09 GB
2026-09-03 07:33:39,149 - DRAM Used = 35.21 GB
2026-09-03 07:33:39,149 - DRAM Swap = 0.0 GB
2026-09-03 07:33:39,150 - 
2026-09-03 07:33:39,356 - VRAM Total = [140.4] GB
2026-09-03 07:33:39,356 - VRAM Used = [9.0] GB
2026-09-03 07:33:39,356 - 
2026-09-03 07:33:39,382 - Get SMARTINFO error, error=Expecting value: line 1 column 1 (char 0)
2026-09-03 07:33:39,382 - 
2026-09-03 07:33:39,382 - ================================================================================
2026-09-03 07:33:40,383 - DRAM Used + Cache + Buffer + Swap = 61.07 GB
2026-09-03 07:33:40,383 - DRAM Used + Cache + Buffer = 61.07 GB
2026-09-03 07:33:40,383 - DRAM Used = 35.2 GB
2026-09-03 07:33:40,383 - DRAM Swap = 0.0 GB
2026-09-03 07:33:40,383 - 
2026-09-03 07:33:40,589 - VRAM Total = [140.4] GB
2026-09-03 07:33:40,590 - VRAM Used = [9.0] GB
2026-09-03 07:33:40,590 - 
2026-09-03 07:33:40,615 - Get SMARTINFO error, error=Expecting value: line 1 column 1 (char 0)
2026-09-03 07:33:40,615 - 
2026-09-03 07:33:40,615 - ================================================================================
2026-09-03 07:33:41,616 - DRAM Used + Cache + Buffer + Swap = 61.06 GB
2026-09-03 07:33:41,616 - DRAM Used + Cache + Buffer = 61.06 GB
2026-09-03 07:33:41,616 - DRAM Used = 35.19 GB
2026-09-03 07:33:41,616 - DRAM Swap = 0.0 GB
2026-09-03 07:33:41,616 - 
2026-09-03 07:33:41,822 - VRAM Total = [140.4] GB
2026-09-03 07:33:41,822 - VRAM Used = [9.0] GB
2026-09-03 07:33:41,822 - 
2026-09-03 07:33:41,847 - Get SMARTINFO error, error=Expecting value: line 1 column 1 (char 0)
2026-09-03 07:33:41,847 - 
2026-09-03 07:33:41,847 - ================================================================================
2026-09-03 07:33:42,848 - DRAM Used + Cache + Buffer + Swap = 61.05 GB
2026-09-03 07:33:42,848 - DRAM Used + Cache + Buffer = 61.05 GB
2026-09-03 07:33:42,848 - DRAM Used = 35.18 GB
2026-09-03 07:33:42,849 - DRAM Swap = 0.0 GB
2026-09-03 07:33:42,849 - 
2026-09-03 07:33:43,055 - VRAM Total = [140.4] GB
2026-09-03 07:33:43,055 - VRAM Used = [9.0] GB
2026-09-03 07:33:43,055 - 
2026-09-03 07:33:43,078 - Get SMARTINFO error, error=Expecting value: line 1 column 1 (char 0)
2026-09-03 07:33:43,078 - 
2026-09-03 07:33:43,079 - ================================================================================
2026-09-03 07:33:44,080 - DRAM Used + Cache + Buffer + Swap = 61.04 GB
2026-09-03 07:33:44,080 - DRAM Used + Cache + Buffer = 61.04 GB
2026-09-03 07:33:44,080 - DRAM Used = 35.16 GB
2026-09-03 07:33:44,080 - DRAM Swap = 0.0 GB
2026-09-03 07:33:44,080 - 
2026-09-03 07:33:44,287 - VRAM Total = [140.4] GB
2026-09-03 07:33:44,287 - VRAM Used = [12.75] GB
2026-09-03 07:33:44,287 - 
2026-09-03 07:33:44,315 - Get SMARTINFO error, error=Expecting value: line 1 column 1 (char 0)
2026-09-03 07:33:44,315 - 
2026-09-03 07:33:44,315 - ================================================================================
2026-09-03 07:33:45,316 - DRAM Used + Cache + Buffer + Swap = 61.03 GB
2026-09-03 07:33:45,316 - DRAM Used + Cache + Buffer = 61.03 GB
2026-09-03 07:33:45,316 - DRAM Used = 35.16 GB
2026-09-03 07:33:45,316 - DRAM Swap = 0.0 GB
2026-09-03 07:33:45,316 - 
2026-09-03 07:33:45,522 - VRAM Total = [140.4] GB
2026-09-03 07:33:45,522 - VRAM Used = [7.12] GB
2026-09-03 07:33:45,522 - 
2026-09-03 07:33:45,546 - Get SMARTINFO error, error=Expecting value: line 1 column 1 (char 0)
2026-09-03 07:33:45,546 - 
2026-09-03 07:33:45,546 - ================================================================================
2026-09-03 07:33:46,547 - DRAM Used + Cache + Buffer + Swap = 61.02 GB
2026-09-03 07:33:46,547 - DRAM Used + Cache + Buffer = 61.02 GB
2026-09-03 07:33:46,547 - DRAM Used = 35.15 GB
2026-09-03 07:33:46,547 - DRAM Swap = 0.0 GB
2026-09-03 07:33:46,547 - 
2026-09-03 07:33:46,754 - VRAM Total = [140.4] GB
2026-09-03 07:33:46,754 - VRAM Used = [9.0] GB
2026-09-03 07:33:46,754 - 
2026-09-03 07:33:46,781 - Get SMARTINFO error, error=Expecting value: line 1 column 1 (char 0)
2026-09-03 07:33:46,781 - 
2026-09-03 07:33:46,781 - ================================================================================
2026-09-03 07:33:47,782 - DRAM Used + Cache + Buffer + Swap = 61.0 GB
2026-09-03 07:33:47,782 - DRAM Used + Cache + Buffer = 61.0 GB
2026-09-03 07:33:47,782 - DRAM Used = 35.12 GB
2026-09-03 07:33:47,782 - DRAM Swap = 0.0 GB
2026-09-03 07:33:47,782 - 
2026-09-03 07:33:47,989 - VRAM Total = [140.4] GB
2026-09-03 07:33:47,989 - VRAM Used = [9.0] GB
2026-09-03 07:33:47,989 - 
2026-09-03 07:33:48,013 - Get SMARTINFO error, error=Expecting value: line 1 column 1 (char 0)
2026-09-03 07:33:48,013 - 
2026-09-03 07:33:48,013 - ================================================================================
2026-09-03 07:33:49,014 - DRAM Used + Cache + Buffer + Swap = 60.98 GB
2026-09-03 07:33:49,014 - DRAM Used + Cache + Buffer = 60.98 GB
2026-09-03 07:33:49,014 - DRAM Used = 35.1 GB
2026-09-03 07:33:49,014 - DRAM Swap = 0.0 GB
2026-09-03 07:33:49,014 - 
2026-09-03 07:33:49,220 - VRAM Total = [140.4] GB
2026-09-03 07:33:49,220 - VRAM Used = [9.0] GB
2026-09-03 07:33:49,220 - 
2026-09-03 07:33:49,244 - Get SMARTINFO error, error=Expecting value: line 1 column 1 (char 0)
2026-09-03 07:33:49,244 - 
2026-09-03 07:33:49,244 - ================================================================================
2026-09-03 07:33:50,245 - DRAM Used + Cache + Buffer + Swap = 60.96 GB
2026-09-03 07:33:50,245 - DRAM Used + Cache + Buffer = 60.96 GB
2026-09-03 07:33:50,245 - DRAM Used = 35.09 GB
2026-09-03 07:33:50,245 - DRAM Swap = 0.0 GB
2026-09-03 07:33:50,245 - 
2026-09-03 07:33:50,451 - VRAM Total = [140.4] GB
2026-09-03 07:33:50,451 - VRAM Used = [9.0] GB
2026-09-03 07:33:50,451 - 
2026-09-03 07:33:50,476 - Get SMARTINFO error, error=Expecting value: line 1 column 1 (char 0)
2026-09-03 07:33:50,476 - 
2026-09-03 07:33:50,476 - ================================================================================
2026-09-03 07:33:51,477 - DRAM Used + Cache + Buffer + Swap = 60.95 GB
2026-09-03 07:33:51,477 - DRAM Used + Cache + Buffer = 60.95 GB
2026-09-03 07:33:51,477 - DRAM Used = 35.07 GB
2026-09-03 07:33:51,477 - DRAM Swap = 0.0 GB
2026-09-03 07:33:51,477 - 
2026-09-03 07:33:51,683 - VRAM Total = [140.4] GB
2026-09-03 07:33:51,683 - VRAM Used = [9.0] GB
2026-09-03 07:33:51,683 - 
2026-09-03 07:33:51,708 - Get SMARTINFO error, error=Expecting value: line 1 column 1 (char 0)
2026-09-03 07:33:51,708 - 
2026-09-03 07:33:51,708 - ================================================================================
2026-09-03 07:33:52,709 - DRAM Used + Cache + Buffer + Swap = 60.92 GB
2026-09-03 07:33:52,709 - DRAM Used + Cache + Buffer = 60.92 GB
2026-09-03 07:33:52,709 - DRAM Used = 35.05 GB
2026-09-03 07:33:52,709 - DRAM Swap = 0.0 GB
2026-09-03 07:33:52,709 - 
2026-09-03 07:33:52,915 - VRAM Total = [140.4] GB
2026-09-03 07:33:52,915 - VRAM Used = [9.0] GB
2026-09-03 07:33:52,915 - 
2026-09-03 07:33:52,935 - Get SMARTINFO error, error=Expecting value: line 1 column 1 (char 0)
2026-09-03 07:33:52,935 - 
2026-09-03 07:33:52,935 - ================================================================================
2026-09-03 07:33:53,936 - DRAM Used + Cache + Buffer + Swap = 60.9 GB
2026-09-03 07:33:53,936 - DRAM Used + Cache + Buffer = 60.9 GB
2026-09-03 07:33:53,936 - DRAM Used = 35.02 GB
2026-09-03 07:33:53,936 - DRAM Swap = 0.0 GB
2026-09-03 07:33:53,937 - 
2026-09-03 07:33:54,143 - VRAM Total = [140.4] GB
2026-09-03 07:33:54,143 - VRAM Used = [9.0] GB
2026-09-03 07:33:54,143 - 
2026-09-03 07:33:54,168 - Get SMARTINFO error, error=Expecting value: line 1 column 1 (char 0)
2026-09-03 07:33:54,169 - 
2026-09-03 07:33:54,169 - ================================================================================
2026-09-03 07:33:55,170 - DRAM Used + Cache + Buffer + Swap = 60.89 GB
2026-09-03 07:33:55,170 - DRAM Used + Cache + Buffer = 60.89 GB
2026-09-03 07:33:55,170 - DRAM Used = 35.01 GB
2026-09-03 07:33:55,170 - DRAM Swap = 0.0 GB
2026-09-03 07:33:55,170 - 
2026-09-03 07:33:55,376 - VRAM Total = [140.4] GB
2026-09-03 07:33:55,377 - VRAM Used = [12.75] GB
2026-09-03 07:33:55,377 - 
2026-09-03 07:33:55,399 - Get SMARTINFO error, error=Expecting value: line 1 column 1 (char 0)
2026-09-03 07:33:55,399 - 
2026-09-03 07:33:55,399 - ================================================================================
2026-09-03 07:33:56,400 - DRAM Used + Cache + Buffer + Swap = 60.93 GB
2026-09-03 07:33:56,400 - DRAM Used + Cache + Buffer = 60.93 GB
2026-09-03 07:33:56,400 - DRAM Used = 35.05 GB
2026-09-03 07:33:56,400 - DRAM Swap = 0.0 GB
2026-09-03 07:33:56,400 - 
2026-09-03 07:33:56,607 - VRAM Total = [140.4] GB
2026-09-03 07:33:56,607 - VRAM Used = [7.12] GB
2026-09-03 07:33:56,607 - 
2026-09-03 07:33:56,631 - Get SMARTINFO error, error=Expecting value: line 1 column 1 (char 0)
2026-09-03 07:33:56,631 - 
2026-09-03 07:33:56,631 - ================================================================================
2026-09-03 07:33:57,633 - DRAM Used + Cache + Buffer + Swap = 60.92 GB
2026-09-03 07:33:57,633 - DRAM Used + Cache + Buffer = 60.92 GB
2026-09-03 07:33:57,633 - DRAM Used = 35.03 GB
2026-09-03 07:33:57,633 - DRAM Swap = 0.0 GB
2026-09-03 07:33:57,633 - 
2026-09-03 07:33:57,841 - VRAM Total = [140.4] GB
2026-09-03 07:33:57,841 - VRAM Used = [9.0] GB
2026-09-03 07:33:57,841 - 
2026-09-03 07:33:57,866 - Get SMARTINFO error, error=Expecting value: line 1 column 1 (char 0)
2026-09-03 07:33:57,866 - 
2026-09-03 07:33:57,866 - ================================================================================
2026-09-03 07:33:58,867 - DRAM Used + Cache + Buffer + Swap = 60.9 GB
2026-09-03 07:33:58,867 - DRAM Used + Cache + Buffer = 60.9 GB
2026-09-03 07:33:58,867 - DRAM Used = 35.02 GB
2026-09-03 07:33:58,867 - DRAM Swap = 0.0 GB
2026-09-03 07:33:58,868 - 
2026-09-03 07:33:59,073 - VRAM Total = [140.4] GB
2026-09-03 07:33:59,074 - VRAM Used = [9.0] GB
2026-09-03 07:33:59,074 - 
2026-09-03 07:33:59,100 - Get SMARTINFO error, error=Expecting value: line 1 column 1 (char 0)
2026-09-03 07:33:59,100 - 
2026-09-03 07:33:59,100 - ================================================================================
2026-09-03 07:34:00,101 - DRAM Used + Cache + Buffer + Swap = 60.87 GB
2026-09-03 07:34:00,102 - DRAM Used + Cache + Buffer = 60.87 GB
2026-09-03 07:34:00,102 - DRAM Used = 34.99 GB
2026-09-03 07:34:00,102 - DRAM Swap = 0.0 GB
2026-09-03 07:34:00,102 - 
2026-09-03 07:34:00,307 - VRAM Total = [140.4] GB
2026-09-03 07:34:00,307 - VRAM Used = [9.0] GB
2026-09-03 07:34:00,307 - 
2026-09-03 07:34:00,332 - Get SMARTINFO error, error=Expecting value: line 1 column 1 (char 0)
2026-09-03 07:34:00,332 - 
2026-09-03 07:34:00,332 - ================================================================================
2026-09-03 07:34:01,333 - DRAM Used + Cache + Buffer + Swap = 60.86 GB
2026-09-03 07:34:01,334 - DRAM Used + Cache + Buffer = 60.86 GB
2026-09-03 07:34:01,334 - DRAM Used = 34.97 GB
2026-09-03 07:34:01,334 - DRAM Swap = 0.0 GB
2026-09-03 07:34:01,334 - 
2026-09-03 07:34:01,540 - VRAM Total = [140.4] GB
2026-09-03 07:34:01,540 - VRAM Used = [9.0] GB
2026-09-03 07:34:01,541 - 
2026-09-03 07:34:01,563 - Get SMARTINFO error, error=Expecting value: line 1 column 1 (char 0)
2026-09-03 07:34:01,563 - 
2026-09-03 07:34:01,563 - ================================================================================
2026-09-03 07:34:02,564 - DRAM Used + Cache + Buffer + Swap = 60.84 GB
2026-09-03 07:34:02,565 - DRAM Used + Cache + Buffer = 60.84 GB
2026-09-03 07:34:02,565 - DRAM Used = 34.96 GB
2026-09-03 07:34:02,565 - DRAM Swap = 0.0 GB
2026-09-03 07:34:02,565 - 
2026-09-03 07:34:02,771 - VRAM Total = [140.4] GB
2026-09-03 07:34:02,771 - VRAM Used = [9.0] GB
2026-09-03 07:34:02,771 - 
2026-09-03 07:34:02,796 - Get SMARTINFO error, error=Expecting value: line 1 column 1 (char 0)
2026-09-03 07:34:02,796 - 
2026-09-03 07:34:02,796 - ================================================================================
2026-09-03 07:34:03,797 - DRAM Used + Cache + Buffer + Swap = 60.81 GB
2026-09-03 07:34:03,798 - DRAM Used + Cache + Buffer = 60.81 GB
2026-09-03 07:34:03,798 - DRAM Used = 34.93 GB
2026-09-03 07:34:03,798 - DRAM Swap = 0.0 GB
2026-09-03 07:34:03,798 - 
2026-09-03 07:34:04,004 - VRAM Total = [140.4] GB
2026-09-03 07:34:04,004 - VRAM Used = [9.0] GB
2026-09-03 07:34:04,004 - 
2026-09-03 07:34:04,028 - Get SMARTINFO error, error=Expecting value: line 1 column 1 (char 0)
2026-09-03 07:34:04,028 - 
2026-09-03 07:34:04,028 - ================================================================================
2026-09-03 07:34:05,029 - DRAM Used + Cache + Buffer + Swap = 60.79 GB
2026-09-03 07:34:05,029 - DRAM Used + Cache + Buffer = 60.79 GB
2026-09-03 07:34:05,030 - DRAM Used = 34.91 GB
2026-09-03 07:34:05,030 - DRAM Swap = 0.0 GB
2026-09-03 07:34:05,030 - 
2026-09-03 07:34:05,236 - VRAM Total = [140.4] GB
2026-09-03 07:34:05,236 - VRAM Used = [9.0] GB
2026-09-03 07:34:05,236 - 
2026-09-03 07:34:05,258 - Get SMARTINFO error, error=Expecting value: line 1 column 1 (char 0)
2026-09-03 07:34:05,259 - 
2026-09-03 07:34:05,259 - ================================================================================
2026-09-03 07:34:06,260 - DRAM Used + Cache + Buffer + Swap = 60.77 GB
2026-09-03 07:34:06,260 - DRAM Used + Cache + Buffer = 60.77 GB
2026-09-03 07:34:06,260 - DRAM Used = 34.89 GB
2026-09-03 07:34:06,260 - DRAM Swap = 0.0 GB
2026-09-03 07:34:06,260 - 
2026-09-03 07:34:06,466 - VRAM Total = [140.4] GB
2026-09-03 07:34:06,466 - VRAM Used = [12.75] GB
2026-09-03 07:34:06,466 - 
2026-09-03 07:34:06,490 - Get SMARTINFO error, error=Expecting value: line 1 column 1 (char 0)
2026-09-03 07:34:06,490 - 
2026-09-03 07:34:06,491 - ================================================================================
2026-09-03 07:34:07,492 - DRAM Used + Cache + Buffer + Swap = 60.91 GB
2026-09-03 07:34:07,492 - DRAM Used + Cache + Buffer = 60.91 GB
2026-09-03 07:34:07,492 - DRAM Used = 35.03 GB
2026-09-03 07:34:07,492 - DRAM Swap = 0.0 GB
2026-09-03 07:34:07,492 - 
2026-09-03 07:34:07,699 - VRAM Total = [140.4] GB
2026-09-03 07:34:07,700 - VRAM Used = [12.75] GB
2026-09-03 07:34:07,700 - 
2026-09-03 07:34:07,725 - Get SMARTINFO error, error=Expecting value: line 1 column 1 (char 0)
2026-09-03 07:34:07,725 - 
2026-09-03 07:34:07,725 - ================================================================================
2026-09-03 07:34:08,726 - DRAM Used + Cache + Buffer + Swap = 60.91 GB
2026-09-03 07:34:08,727 - DRAM Used + Cache + Buffer = 60.91 GB
2026-09-03 07:34:08,727 - DRAM Used = 35.03 GB
2026-09-03 07:34:08,727 - DRAM Swap = 0.0 GB
2026-09-03 07:34:08,727 - 
2026-09-03 07:34:08,934 - VRAM Total = [140.4] GB
2026-09-03 07:34:08,935 - VRAM Used = [12.75] GB
2026-09-03 07:34:08,935 - 
2026-09-03 07:34:08,955 - Get SMARTINFO error, error=Expecting value: line 1 column 1 (char 0)
2026-09-03 07:34:08,955 - 
2026-09-03 07:34:08,955 - ================================================================================
2026-09-03 07:34:09,956 - DRAM Used + Cache + Buffer + Swap = 60.87 GB
2026-09-03 07:34:09,956 - DRAM Used + Cache + Buffer = 60.87 GB
2026-09-03 07:34:09,957 - DRAM Used = 34.99 GB
2026-09-03 07:34:09,957 - DRAM Swap = 0.0 GB
2026-09-03 07:34:09,957 - 
2026-09-03 07:34:10,164 - VRAM Total = [140.4] GB
2026-09-03 07:34:10,164 - VRAM Used = [12.75] GB
2026-09-03 07:34:10,164 - 
2026-09-03 07:34:10,188 - Get SMARTINFO error, error=Expecting value: line 1 column 1 (char 0)
2026-09-03 07:34:10,188 - 
2026-09-03 07:34:10,188 - ================================================================================
2026-09-03 07:34:11,189 - DRAM Used + Cache + Buffer + Swap = 60.86 GB
2026-09-03 07:34:11,190 - DRAM Used + Cache + Buffer = 60.86 GB
2026-09-03 07:34:11,190 - DRAM Used = 34.97 GB
2026-09-03 07:34:11,190 - DRAM Swap = 0.0 GB
2026-09-03 07:34:11,190 - 
2026-09-03 07:34:11,398 - VRAM Total = [140.4] GB
2026-09-03 07:34:11,398 - VRAM Used = [12.75] GB
2026-09-03 07:34:11,398 - 
2026-09-03 07:34:11,419 - Get SMARTINFO error, error=Expecting value: line 1 column 1 (char 0)
2026-09-03 07:34:11,419 - 
2026-09-03 07:34:11,420 - ================================================================================
2026-09-03 07:34:12,421 - DRAM Used + Cache + Buffer + Swap = 60.84 GB
2026-09-03 07:34:12,421 - DRAM Used + Cache + Buffer = 60.84 GB
2026-09-03 07:34:12,421 - DRAM Used = 34.96 GB
2026-09-03 07:34:12,421 - DRAM Swap = 0.0 GB
2026-09-03 07:34:12,421 - 
2026-09-03 07:34:12,630 - VRAM Total = [140.4] GB
2026-09-03 07:34:12,630 - VRAM Used = [12.75] GB
2026-09-03 07:34:12,630 - 
2026-09-03 07:34:12,652 - Get SMARTINFO error, error=Expecting value: line 1 column 1 (char 0)
2026-09-03 07:34:12,652 - 
2026-09-03 07:34:12,652 - ================================================================================
2026-09-03 07:34:13,654 - DRAM Used + Cache + Buffer + Swap = 60.82 GB
2026-09-03 07:34:13,654 - DRAM Used + Cache + Buffer = 60.82 GB
2026-09-03 07:34:13,654 - DRAM Used = 34.93 GB
2026-09-03 07:34:13,654 - DRAM Swap = 0.0 GB
2026-09-03 07:34:13,654 - 
2026-09-03 07:34:13,862 - VRAM Total = [140.4] GB
2026-09-03 07:34:13,863 - VRAM Used = [12.75] GB
2026-09-03 07:34:13,863 - 
2026-09-03 07:34:13,890 - Get SMARTINFO error, error=Expecting value: line 1 column 1 (char 0)
2026-09-03 07:34:13,890 - 
2026-09-03 07:34:13,890 - ================================================================================
2026-09-03 07:34:14,891 - DRAM Used + Cache + Buffer + Swap = 60.79 GB
2026-09-03 07:34:14,892 - DRAM Used + Cache + Buffer = 60.79 GB
2026-09-03 07:34:14,892 - DRAM Used = 34.91 GB
2026-09-03 07:34:14,892 - DRAM Swap = 0.0 GB
2026-09-03 07:34:14,892 - 
2026-09-03 07:34:15,104 - VRAM Total = [140.4] GB
2026-09-03 07:34:15,104 - VRAM Used = [12.75] GB
2026-09-03 07:34:15,104 - 
2026-09-03 07:34:15,132 - Get SMARTINFO error, error=Expecting value: line 1 column 1 (char 0)
2026-09-03 07:34:15,132 - 
2026-09-03 07:34:15,132 - ================================================================================
2026-09-03 07:34:16,133 - DRAM Used + Cache + Buffer + Swap = 60.76 GB
2026-09-03 07:34:16,133 - DRAM Used + Cache + Buffer = 60.76 GB
2026-09-03 07:34:16,133 - DRAM Used = 34.88 GB
2026-09-03 07:34:16,133 - DRAM Swap = 0.0 GB
2026-09-03 07:34:16,133 - 
2026-09-03 07:34:16,340 - VRAM Total = [140.4] GB
2026-09-03 07:34:16,340 - VRAM Used = [12.75] GB
2026-09-03 07:34:16,340 - 
2026-09-03 07:34:16,365 - Get SMARTINFO error, error=Expecting value: line 1 column 1 (char 0)
2026-09-03 07:34:16,365 - 
2026-09-03 07:34:16,365 - ================================================================================
2026-09-03 07:34:17,366 - DRAM Used + Cache + Buffer + Swap = 60.82 GB
2026-09-03 07:34:17,367 - DRAM Used + Cache + Buffer = 60.82 GB
2026-09-03 07:34:17,367 - DRAM Used = 34.93 GB
2026-09-03 07:34:17,367 - DRAM Swap = 0.0 GB
2026-09-03 07:34:17,367 - 
2026-09-03 07:34:17,576 - VRAM Total = [140.4] GB
2026-09-03 07:34:17,576 - VRAM Used = [12.75] GB
2026-09-03 07:34:17,576 - 
2026-09-03 07:34:17,601 - Get SMARTINFO error, error=Expecting value: line 1 column 1 (char 0)
2026-09-03 07:34:17,601 - 
2026-09-03 07:34:17,601 - ================================================================================
2026-09-03 07:34:18,603 - DRAM Used + Cache + Buffer + Swap = 60.8 GB
2026-09-03 07:34:18,603 - DRAM Used + Cache + Buffer = 60.8 GB
2026-09-03 07:34:18,603 - DRAM Used = 34.92 GB
2026-09-03 07:34:18,603 - DRAM Swap = 0.0 GB
2026-09-03 07:34:18,603 - 
2026-09-03 07:34:18,811 - VRAM Total = [140.4] GB
2026-09-03 07:34:18,812 - VRAM Used = [12.75] GB
2026-09-03 07:34:18,812 - 
2026-09-03 07:34:18,837 - Get SMARTINFO error, error=Expecting value: line 1 column 1 (char 0)
2026-09-03 07:34:18,838 - 
2026-09-03 07:34:18,838 - ================================================================================
2026-09-03 07:34:19,839 - DRAM Used + Cache + Buffer + Swap = 60.77 GB
2026-09-03 07:34:19,839 - DRAM Used + Cache + Buffer = 60.77 GB
2026-09-03 07:34:19,840 - DRAM Used = 34.88 GB
2026-09-03 07:34:19,840 - DRAM Swap = 0.0 GB
2026-09-03 07:34:19,840 - 
2026-09-03 07:34:20,049 - VRAM Total = [140.4] GB
2026-09-03 07:34:20,049 - VRAM Used = [12.75] GB
2026-09-03 07:34:20,049 - 
2026-09-03 07:34:20,075 - Get SMARTINFO error, error=Expecting value: line 1 column 1 (char 0)
2026-09-03 07:34:20,075 - 
2026-09-03 07:34:20,075 - ================================================================================
2026-09-03 07:34:21,076 - DRAM Used + Cache + Buffer + Swap = 60.74 GB
2026-09-03 07:34:21,076 - DRAM Used + Cache + Buffer = 60.74 GB
2026-09-03 07:34:21,077 - DRAM Used = 34.86 GB
2026-09-03 07:34:21,077 - DRAM Swap = 0.0 GB
2026-09-03 07:34:21,077 - 
2026-09-03 07:34:21,286 - VRAM Total = [140.4] GB
2026-09-03 07:34:21,287 - VRAM Used = [12.75] GB
2026-09-03 07:34:21,287 - 
2026-09-03 07:34:21,310 - Get SMARTINFO error, error=Expecting value: line 1 column 1 (char 0)
2026-09-03 07:34:21,310 - 
2026-09-03 07:34:21,310 - ================================================================================
2026-09-03 07:34:22,312 - DRAM Used + Cache + Buffer + Swap = 60.72 GB
2026-09-03 07:34:22,312 - DRAM Used + Cache + Buffer = 60.72 GB
2026-09-03 07:34:22,312 - DRAM Used = 34.83 GB
2026-09-03 07:34:22,312 - DRAM Swap = 0.0 GB
2026-09-03 07:34:22,312 - 
2026-09-03 07:34:22,520 - VRAM Total = [140.4] GB
2026-09-03 07:34:22,521 - VRAM Used = [12.75] GB
2026-09-03 07:34:22,521 - 
2026-09-03 07:34:22,538 - Get SMARTINFO error, error=Expecting value: line 1 column 1 (char 0)
2026-09-03 07:34:22,538 - 
2026-09-03 07:34:22,538 - ================================================================================
2026-09-03 07:34:23,540 - DRAM Used + Cache + Buffer + Swap = 60.71 GB
2026-09-03 07:34:23,540 - DRAM Used + Cache + Buffer = 60.71 GB
2026-09-03 07:34:23,540 - DRAM Used = 34.82 GB
2026-09-03 07:34:23,540 - DRAM Swap = 0.0 GB
2026-09-03 07:34:23,540 - 
2026-09-03 07:34:23,748 - VRAM Total = [140.4] GB
2026-09-03 07:34:23,748 - VRAM Used = [12.75] GB
2026-09-03 07:34:23,748 - 
2026-09-03 07:34:23,772 - Get SMARTINFO error, error=Expecting value: line 1 column 1 (char 0)
2026-09-03 07:34:23,772 - 
2026-09-03 07:34:23,772 - ================================================================================
2026-09-03 07:34:24,775 - DRAM Used + Cache + Buffer + Swap = 60.69 GB
2026-09-03 07:34:24,776 - DRAM Used + Cache + Buffer = 60.69 GB
2026-09-03 07:34:24,776 - DRAM Used = 34.81 GB
2026-09-03 07:34:24,776 - DRAM Swap = 0.0 GB
2026-09-03 07:34:24,776 - 
2026-09-03 07:34:24,983 - VRAM Total = [140.4] GB
2026-09-03 07:34:24,983 - VRAM Used = [12.75] GB
2026-09-03 07:34:24,983 - 
2026-09-03 07:34:25,011 - Get SMARTINFO error, error=Expecting value: line 1 column 1 (char 0)
2026-09-03 07:34:25,012 - 
2026-09-03 07:34:25,012 - ================================================================================
2026-09-03 07:34:26,013 - DRAM Used + Cache + Buffer + Swap = 60.65 GB
2026-09-03 07:34:26,013 - DRAM Used + Cache + Buffer = 60.65 GB
2026-09-03 07:34:26,013 - DRAM Used = 34.76 GB
2026-09-03 07:34:26,013 - DRAM Swap = 0.0 GB
2026-09-03 07:34:26,013 - 
2026-09-03 07:34:26,220 - VRAM Total = [140.4] GB
2026-09-03 07:34:26,220 - VRAM Used = [12.75] GB
2026-09-03 07:34:26,221 - 
2026-09-03 07:34:26,246 - Get SMARTINFO error, error=Expecting value: line 1 column 1 (char 0)
2026-09-03 07:34:26,247 - 
2026-09-03 07:34:26,247 - ================================================================================
2026-09-03 07:34:27,250 - DRAM Used + Cache + Buffer + Swap = 60.63 GB
2026-09-03 07:34:27,250 - DRAM Used + Cache + Buffer = 60.63 GB
2026-09-03 07:34:27,250 - DRAM Used = 34.75 GB
2026-09-03 07:34:27,250 - DRAM Swap = 0.0 GB
2026-09-03 07:34:27,250 - 
2026-09-03 07:34:27,456 - VRAM Total = [140.4] GB
2026-09-03 07:34:27,456 - VRAM Used = [12.75] GB
2026-09-03 07:34:27,456 - 
2026-09-03 07:34:27,486 - Get SMARTINFO error, error=Expecting value: line 1 column 1 (char 0)
2026-09-03 07:34:27,486 - 
2026-09-03 07:34:27,487 - ================================================================================
2026-09-03 07:34:28,488 - DRAM Used + Cache + Buffer + Swap = 60.61 GB
2026-09-03 07:34:28,488 - DRAM Used + Cache + Buffer = 60.61 GB
2026-09-03 07:34:28,488 - DRAM Used = 34.72 GB
2026-09-03 07:34:28,488 - DRAM Swap = 0.0 GB
2026-09-03 07:34:28,488 - 
2026-09-03 07:34:28,696 - VRAM Total = [140.4] GB
2026-09-03 07:34:28,696 - VRAM Used = [12.75] GB
2026-09-03 07:34:28,696 - 
2026-09-03 07:34:28,713 - Get SMARTINFO error, error=Expecting value: line 1 column 1 (char 0)
2026-09-03 07:34:28,713 - 
2026-09-03 07:34:28,713 - ================================================================================
2026-09-03 07:34:29,714 - DRAM Used + Cache + Buffer + Swap = 60.59 GB
2026-09-03 07:34:29,714 - DRAM Used + Cache + Buffer = 60.59 GB
2026-09-03 07:34:29,715 - DRAM Used = 34.71 GB
2026-09-03 07:34:29,715 - DRAM Swap = 0.0 GB
2026-09-03 07:34:29,715 - 
2026-09-03 07:34:29,922 - VRAM Total = [140.4] GB
2026-09-03 07:34:29,922 - VRAM Used = [12.75] GB
2026-09-03 07:34:29,922 - 
2026-09-03 07:34:29,946 - Get SMARTINFO error, error=Expecting value: line 1 column 1 (char 0)
2026-09-03 07:34:29,946 - 
2026-09-03 07:34:29,946 - ================================================================================
2026-09-03 07:34:30,948 - DRAM Used + Cache + Buffer + Swap = 60.55 GB
2026-09-03 07:34:30,948 - DRAM Used + Cache + Buffer = 60.55 GB
2026-09-03 07:34:30,948 - DRAM Used = 34.66 GB
2026-09-03 07:34:30,948 - DRAM Swap = 0.0 GB
2026-09-03 07:34:30,948 - 
2026-09-03 07:34:31,156 - VRAM Total = [140.4] GB
2026-09-03 07:34:31,156 - VRAM Used = [12.75] GB
2026-09-03 07:34:31,156 - 
2026-09-03 07:34:31,177 - Get SMARTINFO error, error=Expecting value: line 1 column 1 (char 0)
2026-09-03 07:34:31,178 - 
2026-09-03 07:34:31,178 - ================================================================================
2026-09-03 07:34:32,179 - DRAM Used + Cache + Buffer + Swap = 60.53 GB
2026-09-03 07:34:32,179 - DRAM Used + Cache + Buffer = 60.53 GB
2026-09-03 07:34:32,180 - DRAM Used = 34.65 GB
2026-09-03 07:34:32,180 - DRAM Swap = 0.0 GB
2026-09-03 07:34:32,180 - 
2026-09-03 07:34:32,387 - VRAM Total = [140.4] GB
2026-09-03 07:34:32,387 - VRAM Used = [12.75] GB
2026-09-03 07:34:32,387 - 
2026-09-03 07:34:32,403 - Get SMARTINFO error, error=Expecting value: line 1 column 1 (char 0)
2026-09-03 07:34:32,403 - 
2026-09-03 07:34:32,403 - ================================================================================
2026-09-03 07:34:33,404 - DRAM Used + Cache + Buffer + Swap = 60.51 GB
2026-09-03 07:34:33,405 - DRAM Used + Cache + Buffer = 60.51 GB
2026-09-03 07:34:33,405 - DRAM Used = 34.63 GB
2026-09-03 07:34:33,405 - DRAM Swap = 0.0 GB
2026-09-03 07:34:33,405 - 
2026-09-03 07:34:33,613 - VRAM Total = [140.4] GB
2026-09-03 07:34:33,613 - VRAM Used = [12.75] GB
2026-09-03 07:34:33,613 - 
2026-09-03 07:34:33,635 - Get SMARTINFO error, error=Expecting value: line 1 column 1 (char 0)
2026-09-03 07:34:33,635 - 
2026-09-03 07:34:33,635 - ================================================================================
2026-09-03 07:34:34,636 - DRAM Used + Cache + Buffer + Swap = 60.51 GB
2026-09-03 07:34:34,637 - DRAM Used + Cache + Buffer = 60.51 GB
2026-09-03 07:34:34,637 - DRAM Used = 34.62 GB
2026-09-03 07:34:34,637 - DRAM Swap = 0.0 GB
2026-09-03 07:34:34,637 - 
2026-09-03 07:34:34,845 - VRAM Total = [140.4] GB
2026-09-03 07:34:34,845 - VRAM Used = [12.75] GB
2026-09-03 07:34:34,845 - 
2026-09-03 07:34:34,874 - Get SMARTINFO error, error=Expecting value: line 1 column 1 (char 0)
2026-09-03 07:34:34,874 - 
2026-09-03 07:34:34,874 - ================================================================================
2026-09-03 07:34:35,875 - DRAM Used + Cache + Buffer + Swap = 60.48 GB
2026-09-03 07:34:35,876 - DRAM Used + Cache + Buffer = 60.48 GB
2026-09-03 07:34:35,876 - DRAM Used = 34.6 GB
2026-09-03 07:34:35,876 - DRAM Swap = 0.0 GB
2026-09-03 07:34:35,876 - 
2026-09-03 07:34:36,082 - VRAM Total = [140.4] GB
2026-09-03 07:34:36,083 - VRAM Used = [7.12] GB
2026-09-03 07:34:36,083 - 
2026-09-03 07:34:36,106 - Get SMARTINFO error, error=Expecting value: line 1 column 1 (char 0)
2026-09-03 07:34:36,106 - 
2026-09-03 07:34:36,106 - ================================================================================
2026-09-03 07:34:37,107 - DRAM Used + Cache + Buffer + Swap = 60.47 GB
2026-09-03 07:34:37,108 - DRAM Used + Cache + Buffer = 60.47 GB
2026-09-03 07:34:37,108 - DRAM Used = 34.59 GB
2026-09-03 07:34:37,108 - DRAM Swap = 0.0 GB
2026-09-03 07:34:37,108 - 
2026-09-03 07:34:37,315 - VRAM Total = [140.4] GB
2026-09-03 07:34:37,315 - VRAM Used = [9.0] GB
2026-09-03 07:34:37,315 - 
2026-09-03 07:34:37,341 - Get SMARTINFO error, error=Expecting value: line 1 column 1 (char 0)
2026-09-03 07:34:37,342 - 
2026-09-03 07:34:37,342 - ================================================================================
2026-09-03 07:34:38,343 - DRAM Used + Cache + Buffer + Swap = 60.45 GB
2026-09-03 07:34:38,343 - DRAM Used + Cache + Buffer = 60.45 GB
2026-09-03 07:34:38,343 - DRAM Used = 34.57 GB
2026-09-03 07:34:38,343 - DRAM Swap = 0.0 GB
2026-09-03 07:34:38,343 - 
2026-09-03 07:34:38,549 - VRAM Total = [140.4] GB
2026-09-03 07:34:38,549 - VRAM Used = [9.0] GB
2026-09-03 07:34:38,549 - 
2026-09-03 07:34:38,570 - Get SMARTINFO error, error=Expecting value: line 1 column 1 (char 0)
2026-09-03 07:34:38,570 - 
2026-09-03 07:34:38,571 - ================================================================================
2026-09-03 07:34:39,571 - DRAM Used + Cache + Buffer + Swap = 60.44 GB
2026-09-03 07:34:39,572 - DRAM Used + Cache + Buffer = 60.44 GB
2026-09-03 07:34:39,572 - DRAM Used = 34.56 GB
2026-09-03 07:34:39,572 - DRAM Swap = 0.0 GB
2026-09-03 07:34:39,572 - 
2026-09-03 07:34:39,777 - VRAM Total = [140.4] GB
2026-09-03 07:34:39,777 - VRAM Used = [9.0] GB
2026-09-03 07:34:39,778 - 
2026-09-03 07:34:39,801 - Get SMARTINFO error, error=Expecting value: line 1 column 1 (char 0)
2026-09-03 07:34:39,801 - 
2026-09-03 07:34:39,801 - ================================================================================
2026-09-03 07:34:40,802 - DRAM Used + Cache + Buffer + Swap = 60.43 GB
2026-09-03 07:34:40,802 - DRAM Used + Cache + Buffer = 60.43 GB
2026-09-03 07:34:40,802 - DRAM Used = 34.55 GB
2026-09-03 07:34:40,802 - DRAM Swap = 0.0 GB
2026-09-03 07:34:40,802 - 
2026-09-03 07:34:41,008 - VRAM Total = [140.4] GB
2026-09-03 07:34:41,008 - VRAM Used = [9.0] GB
2026-09-03 07:34:41,008 - 
2026-09-03 07:34:41,035 - Get SMARTINFO error, error=Expecting value: line 1 column 1 (char 0)
2026-09-03 07:34:41,035 - 
2026-09-03 07:34:41,035 - ================================================================================
2026-09-03 07:34:42,036 - DRAM Used + Cache + Buffer + Swap = 60.41 GB
2026-09-03 07:34:42,037 - DRAM Used + Cache + Buffer = 60.41 GB
2026-09-03 07:34:42,037 - DRAM Used = 34.52 GB
2026-09-03 07:34:42,037 - DRAM Swap = 0.0 GB
2026-09-03 07:34:42,037 - 
2026-09-03 07:34:42,244 - VRAM Total = [140.4] GB
2026-09-03 07:34:42,244 - VRAM Used = [9.0] GB
2026-09-03 07:34:42,244 - 
2026-09-03 07:34:42,267 - Get SMARTINFO error, error=Expecting value: line 1 column 1 (char 0)
2026-09-03 07:34:42,267 - 
2026-09-03 07:34:42,267 - ================================================================================
2026-09-03 07:34:43,268 - DRAM Used + Cache + Buffer + Swap = 60.4 GB
2026-09-03 07:34:43,268 - DRAM Used + Cache + Buffer = 60.4 GB
2026-09-03 07:34:43,268 - DRAM Used = 34.51 GB
2026-09-03 07:34:43,268 - DRAM Swap = 0.0 GB
2026-09-03 07:34:43,268 - 
2026-09-03 07:34:43,475 - VRAM Total = [140.4] GB
2026-09-03 07:34:43,475 - VRAM Used = [7.12] GB
2026-09-03 07:34:43,475 - 
2026-09-03 07:34:43,497 - Get SMARTINFO error, error=Expecting value: line 1 column 1 (char 0)
2026-09-03 07:34:43,497 - 
2026-09-03 07:34:43,497 - ================================================================================
2026-09-03 07:34:44,498 - DRAM Used + Cache + Buffer + Swap = 60.38 GB
2026-09-03 07:34:44,498 - DRAM Used + Cache + Buffer = 60.38 GB
2026-09-03 07:34:44,498 - DRAM Used = 34.5 GB
2026-09-03 07:34:44,498 - DRAM Swap = 0.0 GB
2026-09-03 07:34:44,499 - 
2026-09-03 07:34:44,704 - VRAM Total = [140.4] GB
2026-09-03 07:34:44,704 - VRAM Used = [7.12] GB
2026-09-03 07:34:44,704 - 
2026-09-03 07:34:44,732 - Get SMARTINFO error, error=Expecting value: line 1 column 1 (char 0)
2026-09-03 07:34:44,732 - 
2026-09-03 07:34:44,732 - ================================================================================
2026-09-03 07:34:45,733 - DRAM Used + Cache + Buffer + Swap = 60.37 GB
2026-09-03 07:34:45,733 - DRAM Used + Cache + Buffer = 60.37 GB
2026-09-03 07:34:45,733 - DRAM Used = 34.49 GB
2026-09-03 07:34:45,733 - DRAM Swap = 0.0 GB
2026-09-03 07:34:45,734 - 
2026-09-03 07:34:45,941 - VRAM Total = [140.4] GB
2026-09-03 07:34:45,942 - VRAM Used = [8.99] GB
2026-09-03 07:34:45,942 - 
2026-09-03 07:34:45,967 - Get SMARTINFO error, error=Expecting value: line 1 column 1 (char 0)
2026-09-03 07:34:45,967 - 
2026-09-03 07:34:45,968 - ================================================================================
2026-09-03 07:34:46,969 - DRAM Used + Cache + Buffer + Swap = 60.35 GB
2026-09-03 07:34:46,969 - DRAM Used + Cache + Buffer = 60.35 GB
2026-09-03 07:34:46,969 - DRAM Used = 34.47 GB
2026-09-03 07:34:46,969 - DRAM Swap = 0.0 GB
2026-09-03 07:34:46,969 - 
2026-09-03 07:34:47,178 - VRAM Total = [140.4] GB
2026-09-03 07:34:47,179 - VRAM Used = [9.0] GB
2026-09-03 07:34:47,179 - 
2026-09-03 07:34:47,201 - Get SMARTINFO error, error=Expecting value: line 1 column 1 (char 0)
2026-09-03 07:34:47,201 - 
2026-09-03 07:34:47,201 - ================================================================================
2026-09-03 07:34:48,202 - DRAM Used + Cache + Buffer + Swap = 60.35 GB
2026-09-03 07:34:48,202 - DRAM Used + Cache + Buffer = 60.35 GB
2026-09-03 07:34:48,203 - DRAM Used = 34.46 GB
2026-09-03 07:34:48,203 - DRAM Swap = 0.0 GB
2026-09-03 07:34:48,203 - 
2026-09-03 07:34:48,408 - VRAM Total = [140.4] GB
2026-09-03 07:34:48,409 - VRAM Used = [9.0] GB
2026-09-03 07:34:48,409 - 
2026-09-03 07:34:48,433 - Get SMARTINFO error, error=Expecting value: line 1 column 1 (char 0)
2026-09-03 07:34:48,433 - 
2026-09-03 07:34:48,433 - ================================================================================
2026-09-03 07:34:49,435 - DRAM Used + Cache + Buffer + Swap = 60.34 GB
2026-09-03 07:34:49,435 - DRAM Used + Cache + Buffer = 60.34 GB
2026-09-03 07:34:49,435 - DRAM Used = 34.45 GB
2026-09-03 07:34:49,435 - DRAM Swap = 0.0 GB
2026-09-03 07:34:49,435 - 
2026-09-03 07:34:49,642 - VRAM Total = [140.4] GB
2026-09-03 07:34:49,642 - VRAM Used = [9.0] GB
2026-09-03 07:34:49,643 - 
2026-09-03 07:34:49,661 - Get SMARTINFO error, error=Expecting value: line 1 column 1 (char 0)
2026-09-03 07:34:49,662 - 
2026-09-03 07:34:49,662 - ================================================================================
2026-09-03 07:34:50,663 - DRAM Used + Cache + Buffer + Swap = 60.33 GB
2026-09-03 07:34:50,663 - DRAM Used + Cache + Buffer = 60.33 GB
2026-09-03 07:34:50,663 - DRAM Used = 34.44 GB
2026-09-03 07:34:50,663 - DRAM Swap = 0.0 GB
2026-09-03 07:34:50,663 - 
2026-09-03 07:34:50,869 - VRAM Total = [140.4] GB
2026-09-03 07:34:50,869 - VRAM Used = [9.0] GB
2026-09-03 07:34:50,869 - 
2026-09-03 07:34:50,892 - Get SMARTINFO error, error=Expecting value: line 1 column 1 (char 0)
2026-09-03 07:34:50,892 - 
2026-09-03 07:34:50,892 - ================================================================================
2026-09-03 07:34:51,893 - DRAM Used + Cache + Buffer + Swap = 60.31 GB
2026-09-03 07:34:51,893 - DRAM Used + Cache + Buffer = 60.31 GB
2026-09-03 07:34:51,894 - DRAM Used = 34.42 GB
2026-09-03 07:34:51,894 - DRAM Swap = 0.0 GB
2026-09-03 07:34:51,894 - 
2026-09-03 07:34:52,099 - VRAM Total = [140.4] GB
2026-09-03 07:34:52,100 - VRAM Used = [9.0] GB
2026-09-03 07:34:52,100 - 
2026-09-03 07:34:52,124 - Get SMARTINFO error, error=Expecting value: line 1 column 1 (char 0)
2026-09-03 07:34:52,124 - 
2026-09-03 07:34:52,124 - ================================================================================
2026-09-03 07:34:53,125 - DRAM Used + Cache + Buffer + Swap = 60.3 GB
2026-09-03 07:34:53,126 - DRAM Used + Cache + Buffer = 60.3 GB
2026-09-03 07:34:53,126 - DRAM Used = 34.41 GB
2026-09-03 07:34:53,126 - DRAM Swap = 0.0 GB
2026-09-03 07:34:53,126 - 
2026-09-03 07:34:53,332 - VRAM Total = [140.4] GB
2026-09-03 07:34:53,332 - VRAM Used = [9.0] GB
2026-09-03 07:34:53,332 - 
2026-09-03 07:34:53,354 - Get SMARTINFO error, error=Expecting value: line 1 column 1 (char 0)
2026-09-03 07:34:53,354 - 
2026-09-03 07:34:53,354 - ================================================================================
2026-09-03 07:34:54,355 - DRAM Used + Cache + Buffer + Swap = 60.3 GB
2026-09-03 07:34:54,356 - DRAM Used + Cache + Buffer = 60.3 GB
2026-09-03 07:34:54,356 - DRAM Used = 34.41 GB
2026-09-03 07:34:54,356 - DRAM Swap = 0.0 GB
2026-09-03 07:34:54,356 - 
2026-09-03 07:34:54,562 - VRAM Total = [140.4] GB
2026-09-03 07:34:54,562 - VRAM Used = [7.12] GB
2026-09-03 07:34:54,562 - 
2026-09-03 07:34:54,585 - Get SMARTINFO error, error=Expecting value: line 1 column 1 (char 0)
2026-09-03 07:34:54,585 - 
2026-09-03 07:34:54,585 - ================================================================================
2026-09-03 07:34:55,586 - DRAM Used + Cache + Buffer + Swap = 60.29 GB
2026-09-03 07:34:55,586 - DRAM Used + Cache + Buffer = 60.29 GB
2026-09-03 07:34:55,586 - DRAM Used = 34.41 GB
2026-09-03 07:34:55,586 - DRAM Swap = 0.0 GB
2026-09-03 07:34:55,586 - 
2026-09-03 07:34:55,792 - VRAM Total = [140.4] GB
2026-09-03 07:34:55,793 - VRAM Used = [7.12] GB
2026-09-03 07:34:55,793 - 
2026-09-03 07:34:55,816 - Get SMARTINFO error, error=Expecting value: line 1 column 1 (char 0)
2026-09-03 07:34:55,816 - 
2026-09-03 07:34:55,816 - ================================================================================
2026-09-03 07:34:56,817 - DRAM Used + Cache + Buffer + Swap = 60.28 GB
2026-09-03 07:34:56,817 - DRAM Used + Cache + Buffer = 60.28 GB
2026-09-03 07:34:56,817 - DRAM Used = 34.4 GB
2026-09-03 07:34:56,818 - DRAM Swap = 0.0 GB
2026-09-03 07:34:56,818 - 
2026-09-03 07:34:57,025 - VRAM Total = [140.4] GB
2026-09-03 07:34:57,025 - VRAM Used = [8.99] GB
2026-09-03 07:34:57,025 - 
2026-09-03 07:34:57,054 - Get SMARTINFO error, error=Expecting value: line 1 column 1 (char 0)
2026-09-03 07:34:57,054 - 
2026-09-03 07:34:57,054 - ================================================================================
2026-09-03 07:34:58,055 - DRAM Used + Cache + Buffer + Swap = 60.27 GB
2026-09-03 07:34:58,055 - DRAM Used + Cache + Buffer = 60.27 GB
2026-09-03 07:34:58,055 - DRAM Used = 34.38 GB
2026-09-03 07:34:58,056 - DRAM Swap = 0.0 GB
2026-09-03 07:34:58,056 - 
2026-09-03 07:34:58,263 - VRAM Total = [140.4] GB
2026-09-03 07:34:58,263 - VRAM Used = [9.0] GB
2026-09-03 07:34:58,263 - 
2026-09-03 07:34:58,284 - Get SMARTINFO error, error=Expecting value: line 1 column 1 (char 0)
2026-09-03 07:34:58,285 - 
2026-09-03 07:34:58,285 - ================================================================================
2026-09-03 07:34:59,286 - DRAM Used + Cache + Buffer + Swap = 60.26 GB
2026-09-03 07:34:59,286 - DRAM Used + Cache + Buffer = 60.26 GB
2026-09-03 07:34:59,286 - DRAM Used = 34.37 GB
2026-09-03 07:34:59,286 - DRAM Swap = 0.0 GB
2026-09-03 07:34:59,286 - 
2026-09-03 07:34:59,492 - VRAM Total = [140.4] GB
2026-09-03 07:34:59,492 - VRAM Used = [9.0] GB
2026-09-03 07:34:59,492 - 
2026-09-03 07:34:59,514 - Get SMARTINFO error, error=Expecting value: line 1 column 1 (char 0)
2026-09-03 07:34:59,514 - 
2026-09-03 07:34:59,514 - ================================================================================
2026-09-03 07:35:00,515 - DRAM Used + Cache + Buffer + Swap = 60.24 GB
2026-09-03 07:35:00,515 - DRAM Used + Cache + Buffer = 60.24 GB
2026-09-03 07:35:00,515 - DRAM Used = 34.36 GB
2026-09-03 07:35:00,515 - DRAM Swap = 0.0 GB
2026-09-03 07:35:00,515 - 
2026-09-03 07:35:00,721 - VRAM Total = [140.4] GB
2026-09-03 07:35:00,721 - VRAM Used = [9.0] GB
2026-09-03 07:35:00,721 - 
2026-09-03 07:35:00,746 - Get SMARTINFO error, error=Expecting value: line 1 column 1 (char 0)
2026-09-03 07:35:00,746 - 
2026-09-03 07:35:00,746 - ================================================================================
2026-09-03 07:35:01,747 - DRAM Used + Cache + Buffer + Swap = 60.24 GB
2026-09-03 07:35:01,748 - DRAM Used + Cache + Buffer = 60.24 GB
2026-09-03 07:35:01,748 - DRAM Used = 34.36 GB
2026-09-03 07:35:01,748 - DRAM Swap = 0.0 GB
2026-09-03 07:35:01,748 - 
2026-09-03 07:35:01,954 - VRAM Total = [140.4] GB
2026-09-03 07:35:01,954 - VRAM Used = [9.0] GB
2026-09-03 07:35:01,954 - 
2026-09-03 07:35:01,977 - Get SMARTINFO error, error=Expecting value: line 1 column 1 (char 0)
2026-09-03 07:35:01,978 - 
2026-09-03 07:35:01,978 - ================================================================================
2026-09-03 07:35:02,979 - DRAM Used + Cache + Buffer + Swap = 60.23 GB
2026-09-03 07:35:02,979 - DRAM Used + Cache + Buffer = 60.23 GB
2026-09-03 07:35:02,979 - DRAM Used = 34.35 GB
2026-09-03 07:35:02,979 - DRAM Swap = 0.0 GB
2026-09-03 07:35:02,979 - 
2026-09-03 07:35:03,186 - VRAM Total = [140.4] GB
2026-09-03 07:35:03,186 - VRAM Used = [9.0] GB
2026-09-03 07:35:03,186 - 
2026-09-03 07:35:03,208 - Get SMARTINFO error, error=Expecting value: line 1 column 1 (char 0)
2026-09-03 07:35:03,209 - 
2026-09-03 07:35:03,209 - ================================================================================
2026-09-03 07:35:04,210 - DRAM Used + Cache + Buffer + Swap = 60.23 GB
2026-09-03 07:35:04,210 - DRAM Used + Cache + Buffer = 60.23 GB
2026-09-03 07:35:04,210 - DRAM Used = 34.35 GB
2026-09-03 07:35:04,210 - DRAM Swap = 0.0 GB
2026-09-03 07:35:04,210 - 
2026-09-03 07:35:04,416 - VRAM Total = [140.4] GB
2026-09-03 07:35:04,416 - VRAM Used = [9.0] GB
2026-09-03 07:35:04,416 - 
2026-09-03 07:35:04,441 - Get SMARTINFO error, error=Expecting value: line 1 column 1 (char 0)
2026-09-03 07:35:04,442 - 
2026-09-03 07:35:04,442 - ================================================================================
2026-09-03 07:35:05,443 - DRAM Used + Cache + Buffer + Swap = 60.24 GB
2026-09-03 07:35:05,443 - DRAM Used + Cache + Buffer = 60.24 GB
2026-09-03 07:35:05,443 - DRAM Used = 34.35 GB
2026-09-03 07:35:05,443 - DRAM Swap = 0.0 GB
2026-09-03 07:35:05,443 - 
2026-09-03 07:35:05,649 - VRAM Total = [140.4] GB
2026-09-03 07:35:05,649 - VRAM Used = [7.12] GB
2026-09-03 07:35:05,649 - 
2026-09-03 07:35:05,672 - Get SMARTINFO error, error=Expecting value: line 1 column 1 (char 0)
2026-09-03 07:35:05,673 - 
2026-09-03 07:35:05,673 - ================================================================================
2026-09-03 07:35:06,674 - DRAM Used + Cache + Buffer + Swap = 60.23 GB
2026-09-03 07:35:06,674 - DRAM Used + Cache + Buffer = 60.23 GB
2026-09-03 07:35:06,674 - DRAM Used = 34.34 GB
2026-09-03 07:35:06,674 - DRAM Swap = 0.0 GB
2026-09-03 07:35:06,674 - 
2026-09-03 07:35:06,880 - VRAM Total = [140.4] GB
2026-09-03 07:35:06,880 - VRAM Used = [7.12] GB
2026-09-03 07:35:06,880 - 
2026-09-03 07:35:06,907 - Get SMARTINFO error, error=Expecting value: line 1 column 1 (char 0)
2026-09-03 07:35:06,907 - 
2026-09-03 07:35:06,907 - ================================================================================
2026-09-03 07:35:07,908 - DRAM Used + Cache + Buffer + Swap = 60.22 GB
2026-09-03 07:35:07,909 - DRAM Used + Cache + Buffer = 60.22 GB
2026-09-03 07:35:07,909 - DRAM Used = 34.33 GB
2026-09-03 07:35:07,909 - DRAM Swap = 0.0 GB
2026-09-03 07:35:07,909 - 
2026-09-03 07:35:08,116 - VRAM Total = [140.4] GB
2026-09-03 07:35:08,116 - VRAM Used = [8.99] GB
2026-09-03 07:35:08,116 - 
2026-09-03 07:35:08,143 - Get SMARTINFO error, error=Expecting value: line 1 column 1 (char 0)
2026-09-03 07:35:08,143 - 
2026-09-03 07:35:08,143 - ================================================================================
2026-09-03 07:35:09,144 - DRAM Used + Cache + Buffer + Swap = 60.21 GB
2026-09-03 07:35:09,144 - DRAM Used + Cache + Buffer = 60.21 GB
2026-09-03 07:35:09,144 - DRAM Used = 34.32 GB
2026-09-03 07:35:09,144 - DRAM Swap = 0.0 GB
2026-09-03 07:35:09,144 - 
2026-09-03 07:35:09,351 - VRAM Total = [140.4] GB
2026-09-03 07:35:09,351 - VRAM Used = [9.0] GB
2026-09-03 07:35:09,351 - 
2026-09-03 07:35:09,374 - Get SMARTINFO error, error=Expecting value: line 1 column 1 (char 0)
2026-09-03 07:35:09,374 - 
2026-09-03 07:35:09,374 - ================================================================================
2026-09-03 07:35:10,375 - DRAM Used + Cache + Buffer + Swap = 60.2 GB
2026-09-03 07:35:10,376 - DRAM Used + Cache + Buffer = 60.2 GB
2026-09-03 07:35:10,376 - DRAM Used = 34.31 GB
2026-09-03 07:35:10,376 - DRAM Swap = 0.0 GB
2026-09-03 07:35:10,376 - 
2026-09-03 07:35:10,582 - VRAM Total = [140.4] GB
2026-09-03 07:35:10,582 - VRAM Used = [9.0] GB
2026-09-03 07:35:10,582 - 
2026-09-03 07:35:10,606 - Get SMARTINFO error, error=Expecting value: line 1 column 1 (char 0)
2026-09-03 07:35:10,606 - 
2026-09-03 07:35:10,606 - ================================================================================
2026-09-03 07:35:11,607 - DRAM Used + Cache + Buffer + Swap = 60.19 GB
2026-09-03 07:35:11,607 - DRAM Used + Cache + Buffer = 60.19 GB
2026-09-03 07:35:11,607 - DRAM Used = 34.3 GB
2026-09-03 07:35:11,608 - DRAM Swap = 0.0 GB
2026-09-03 07:35:11,608 - 
2026-09-03 07:35:11,814 - VRAM Total = [140.4] GB
2026-09-03 07:35:11,814 - VRAM Used = [9.0] GB
2026-09-03 07:35:11,814 - 
2026-09-03 07:35:11,835 - Get SMARTINFO error, error=Expecting value: line 1 column 1 (char 0)
2026-09-03 07:35:11,835 - 
2026-09-03 07:35:11,835 - ================================================================================
2026-09-03 07:35:12,836 - DRAM Used + Cache + Buffer + Swap = 60.19 GB
2026-09-03 07:35:12,836 - DRAM Used + Cache + Buffer = 60.19 GB
2026-09-03 07:35:12,836 - DRAM Used = 34.3 GB
2026-09-03 07:35:12,836 - DRAM Swap = 0.0 GB
2026-09-03 07:35:12,836 - 
2026-09-03 07:35:13,042 - VRAM Total = [140.4] GB
2026-09-03 07:35:13,042 - VRAM Used = [9.0] GB
2026-09-03 07:35:13,043 - 
2026-09-03 07:35:13,068 - Get SMARTINFO error, error=Expecting value: line 1 column 1 (char 0)
2026-09-03 07:35:13,068 - 
2026-09-03 07:35:13,068 - ================================================================================
2026-09-03 07:35:14,069 - DRAM Used + Cache + Buffer + Swap = 60.18 GB
2026-09-03 07:35:14,069 - DRAM Used + Cache + Buffer = 60.18 GB
2026-09-03 07:35:14,069 - DRAM Used = 34.29 GB
2026-09-03 07:35:14,069 - DRAM Swap = 0.0 GB
2026-09-03 07:35:14,069 - 
2026-09-03 07:35:14,275 - VRAM Total = [140.4] GB
2026-09-03 07:35:14,275 - VRAM Used = [9.0] GB
2026-09-03 07:35:14,276 - 
2026-09-03 07:35:14,300 - Get SMARTINFO error, error=Expecting value: line 1 column 1 (char 0)
2026-09-03 07:35:14,300 - 
2026-09-03 07:35:14,300 - ================================================================================
2026-09-03 07:35:15,301 - DRAM Used + Cache + Buffer + Swap = 60.17 GB
2026-09-03 07:35:15,302 - DRAM Used + Cache + Buffer = 60.17 GB
2026-09-03 07:35:15,302 - DRAM Used = 34.28 GB
2026-09-03 07:35:15,302 - DRAM Swap = 0.0 GB
2026-09-03 07:35:15,302 - 
2026-09-03 07:35:15,509 - VRAM Total = [140.4] GB
2026-09-03 07:35:15,509 - VRAM Used = [9.0] GB
2026-09-03 07:35:15,509 - 
2026-09-03 07:35:15,531 - Get SMARTINFO error, error=Expecting value: line 1 column 1 (char 0)
2026-09-03 07:35:15,531 - 
2026-09-03 07:35:15,531 - ================================================================================
2026-09-03 07:35:16,532 - DRAM Used + Cache + Buffer + Swap = 60.2 GB
2026-09-03 07:35:16,532 - DRAM Used + Cache + Buffer = 60.2 GB
2026-09-03 07:35:16,532 - DRAM Used = 34.31 GB
2026-09-03 07:35:16,532 - DRAM Swap = 0.0 GB
2026-09-03 07:35:16,532 - 
2026-09-03 07:35:16,739 - VRAM Total = [140.4] GB
2026-09-03 07:35:16,739 - VRAM Used = [12.75] GB
2026-09-03 07:35:16,739 - 
2026-09-03 07:35:16,762 - Get SMARTINFO error, error=Expecting value: line 1 column 1 (char 0)
2026-09-03 07:35:16,762 - 
2026-09-03 07:35:16,762 - ================================================================================
2026-09-03 07:35:17,764 - DRAM Used + Cache + Buffer + Swap = 60.19 GB
2026-09-03 07:35:17,764 - DRAM Used + Cache + Buffer = 60.19 GB
2026-09-03 07:35:17,764 - DRAM Used = 34.3 GB
2026-09-03 07:35:17,764 - DRAM Swap = 0.0 GB
2026-09-03 07:35:17,764 - 
2026-09-03 07:35:17,971 - VRAM Total = [140.4] GB
2026-09-03 07:35:17,971 - VRAM Used = [12.75] GB
2026-09-03 07:35:17,971 - 
2026-09-03 07:35:17,997 - Get SMARTINFO error, error=Expecting value: line 1 column 1 (char 0)
2026-09-03 07:35:17,998 - 
2026-09-03 07:35:17,998 - ================================================================================
2026-09-03 07:35:19,000 - DRAM Used + Cache + Buffer + Swap = 60.18 GB
2026-09-03 07:35:19,001 - DRAM Used + Cache + Buffer = 60.18 GB
2026-09-03 07:35:19,001 - DRAM Used = 34.29 GB
2026-09-03 07:35:19,001 - DRAM Swap = 0.0 GB
2026-09-03 07:35:19,001 - 
2026-09-03 07:35:19,206 - VRAM Total = [140.4] GB
2026-09-03 07:35:19,207 - VRAM Used = [12.75] GB
2026-09-03 07:35:19,207 - 
2026-09-03 07:35:19,234 - Get SMARTINFO error, error=Expecting value: line 1 column 1 (char 0)
2026-09-03 07:35:19,234 - 
2026-09-03 07:35:19,234 - ================================================================================
2026-09-03 07:35:20,234 - DRAM Used + Cache + Buffer + Swap = 60.17 GB
2026-09-03 07:35:20,235 - DRAM Used + Cache + Buffer = 60.17 GB
2026-09-03 07:35:20,235 - DRAM Used = 34.28 GB
2026-09-03 07:35:20,235 - DRAM Swap = 0.0 GB
2026-09-03 07:35:20,235 - 
2026-09-03 07:35:20,440 - VRAM Total = [140.4] GB
2026-09-03 07:35:20,440 - VRAM Used = [12.75] GB
2026-09-03 07:35:20,440 - 
2026-09-03 07:35:20,464 - Get SMARTINFO error, error=Expecting value: line 1 column 1 (char 0)
2026-09-03 07:35:20,464 - 
2026-09-03 07:35:20,465 - ================================================================================
2026-09-03 07:35:21,465 - DRAM Used + Cache + Buffer + Swap = 60.16 GB
2026-09-03 07:35:21,466 - DRAM Used + Cache + Buffer = 60.16 GB
2026-09-03 07:35:21,466 - DRAM Used = 34.27 GB
2026-09-03 07:35:21,466 - DRAM Swap = 0.0 GB
2026-09-03 07:35:21,466 - 
2026-09-03 07:35:21,673 - VRAM Total = [140.4] GB
2026-09-03 07:35:21,673 - VRAM Used = [12.75] GB
2026-09-03 07:35:21,673 - 
2026-09-03 07:35:21,696 - Get SMARTINFO error, error=Expecting value: line 1 column 1 (char 0)
2026-09-03 07:35:21,696 - 
2026-09-03 07:35:21,696 - ================================================================================
2026-09-03 07:35:22,697 - DRAM Used + Cache + Buffer + Swap = 60.15 GB
2026-09-03 07:35:22,697 - DRAM Used + Cache + Buffer = 60.15 GB
2026-09-03 07:35:22,697 - DRAM Used = 34.26 GB
2026-09-03 07:35:22,697 - DRAM Swap = 0.0 GB
2026-09-03 07:35:22,697 - 
2026-09-03 07:35:22,903 - VRAM Total = [140.4] GB
2026-09-03 07:35:22,904 - VRAM Used = [12.75] GB
2026-09-03 07:35:22,904 - 
2026-09-03 07:35:22,933 - Get SMARTINFO error, error=Expecting value: line 1 column 1 (char 0)
2026-09-03 07:35:22,934 - 
2026-09-03 07:35:22,934 - ================================================================================
2026-09-03 07:35:23,935 - DRAM Used + Cache + Buffer + Swap = 60.13 GB
2026-09-03 07:35:23,936 - DRAM Used + Cache + Buffer = 60.13 GB
2026-09-03 07:35:23,936 - DRAM Used = 34.24 GB
2026-09-03 07:35:23,936 - DRAM Swap = 0.0 GB
2026-09-03 07:35:23,936 - 
2026-09-03 07:35:24,153 - VRAM Total = [140.4] GB
2026-09-03 07:35:24,153 - VRAM Used = [12.75] GB
2026-09-03 07:35:24,153 - 
2026-09-03 07:35:24,179 - Get SMARTINFO error, error=Expecting value: line 1 column 1 (char 0)
2026-09-03 07:35:24,180 - 
2026-09-03 07:35:24,180 - ================================================================================
2026-09-03 07:35:25,181 - DRAM Used + Cache + Buffer + Swap = 60.12 GB
2026-09-03 07:35:25,181 - DRAM Used + Cache + Buffer = 60.12 GB
2026-09-03 07:35:25,181 - DRAM Used = 34.23 GB
2026-09-03 07:35:25,181 - DRAM Swap = 0.0 GB
2026-09-03 07:35:25,181 - 
2026-09-03 07:35:25,389 - VRAM Total = [140.4] GB
2026-09-03 07:35:25,389 - VRAM Used = [12.75] GB
2026-09-03 07:35:25,389 - 
2026-09-03 07:35:25,415 - Get SMARTINFO error, error=Expecting value: line 1 column 1 (char 0)
2026-09-03 07:35:25,415 - 
2026-09-03 07:35:25,415 - ================================================================================
2026-09-03 07:35:26,418 - DRAM Used + Cache + Buffer + Swap = 60.11 GB
2026-09-03 07:35:26,418 - DRAM Used + Cache + Buffer = 60.11 GB
2026-09-03 07:35:26,419 - DRAM Used = 34.22 GB
2026-09-03 07:35:26,419 - DRAM Swap = 0.0 GB
2026-09-03 07:35:26,419 - 
2026-09-03 07:35:26,629 - VRAM Total = [140.4] GB
2026-09-03 07:35:26,629 - VRAM Used = [12.75] GB
2026-09-03 07:35:26,629 - 
2026-09-03 07:35:26,654 - Get SMARTINFO error, error=Expecting value: line 1 column 1 (char 0)
2026-09-03 07:35:26,654 - 
2026-09-03 07:35:26,655 - ================================================================================
2026-09-03 07:35:27,658 - DRAM Used + Cache + Buffer + Swap = 60.1 GB
2026-09-03 07:35:27,658 - DRAM Used + Cache + Buffer = 60.1 GB
2026-09-03 07:35:27,659 - DRAM Used = 34.21 GB
2026-09-03 07:35:27,659 - DRAM Swap = 0.0 GB
2026-09-03 07:35:27,659 - 
2026-09-03 07:35:27,867 - VRAM Total = [140.4] GB
2026-09-03 07:35:27,867 - VRAM Used = [12.75] GB
2026-09-03 07:35:27,867 - 
2026-09-03 07:35:27,891 - Get SMARTINFO error, error=Expecting value: line 1 column 1 (char 0)
2026-09-03 07:35:27,891 - 
2026-09-03 07:35:27,891 - ================================================================================
2026-09-03 07:35:28,892 - DRAM Used + Cache + Buffer + Swap = 60.07 GB
2026-09-03 07:35:28,893 - DRAM Used + Cache + Buffer = 60.07 GB
2026-09-03 07:35:28,893 - DRAM Used = 34.18 GB
2026-09-03 07:35:28,893 - DRAM Swap = 0.0 GB
2026-09-03 07:35:28,893 - 
2026-09-03 07:35:29,101 - VRAM Total = [140.4] GB
2026-09-03 07:35:29,101 - VRAM Used = [12.75] GB
2026-09-03 07:35:29,101 - 
2026-09-03 07:35:29,125 - Get SMARTINFO error, error=Expecting value: line 1 column 1 (char 0)
2026-09-03 07:35:29,125 - 
2026-09-03 07:35:29,125 - ================================================================================
2026-09-03 07:35:30,126 - DRAM Used + Cache + Buffer + Swap = 60.06 GB
2026-09-03 07:35:30,126 - DRAM Used + Cache + Buffer = 60.06 GB
2026-09-03 07:35:30,126 - DRAM Used = 34.17 GB
2026-09-03 07:35:30,126 - DRAM Swap = 0.0 GB
2026-09-03 07:35:30,126 - 
2026-09-03 07:35:30,332 - VRAM Total = [140.4] GB
2026-09-03 07:35:30,332 - VRAM Used = [12.75] GB
2026-09-03 07:35:30,332 - 
2026-09-03 07:35:30,357 - Get SMARTINFO error, error=Expecting value: line 1 column 1 (char 0)
2026-09-03 07:35:30,358 - 
2026-09-03 07:35:30,358 - ================================================================================
2026-09-03 07:35:31,361 - DRAM Used + Cache + Buffer + Swap = 60.05 GB
2026-09-03 07:35:31,361 - DRAM Used + Cache + Buffer = 60.05 GB
2026-09-03 07:35:31,361 - DRAM Used = 34.16 GB
2026-09-03 07:35:31,361 - DRAM Swap = 0.0 GB
2026-09-03 07:35:31,361 - 
2026-09-03 07:35:31,569 - VRAM Total = [140.4] GB
2026-09-03 07:35:31,569 - VRAM Used = [12.75] GB
2026-09-03 07:35:31,569 - 
2026-09-03 07:35:31,594 - Get SMARTINFO error, error=Expecting value: line 1 column 1 (char 0)
2026-09-03 07:35:31,594 - 
2026-09-03 07:35:31,594 - ================================================================================
2026-09-03 07:35:32,599 - DRAM Used + Cache + Buffer + Swap = 60.04 GB
2026-09-03 07:35:32,600 - DRAM Used + Cache + Buffer = 60.04 GB
2026-09-03 07:35:32,600 - DRAM Used = 34.15 GB
2026-09-03 07:35:32,600 - DRAM Swap = 0.0 GB
2026-09-03 07:35:32,600 - 
2026-09-03 07:35:32,807 - VRAM Total = [140.4] GB
2026-09-03 07:35:32,807 - VRAM Used = [12.75] GB
2026-09-03 07:35:32,807 - 
2026-09-03 07:35:32,832 - Get SMARTINFO error, error=Expecting value: line 1 column 1 (char 0)
2026-09-03 07:35:32,833 - 
2026-09-03 07:35:32,833 - ================================================================================
2026-09-03 07:35:33,835 - DRAM Used + Cache + Buffer + Swap = 60.03 GB
2026-09-03 07:35:33,836 - DRAM Used + Cache + Buffer = 60.03 GB
2026-09-03 07:35:33,836 - DRAM Used = 34.14 GB
2026-09-03 07:35:33,836 - DRAM Swap = 0.0 GB
2026-09-03 07:35:33,836 - 
2026-09-03 07:35:34,044 - VRAM Total = [140.4] GB
2026-09-03 07:35:34,044 - VRAM Used = [12.75] GB
2026-09-03 07:35:34,044 - 
2026-09-03 07:35:34,071 - Get SMARTINFO error, error=Expecting value: line 1 column 1 (char 0)
2026-09-03 07:35:34,071 - 
2026-09-03 07:35:34,071 - ================================================================================
2026-09-03 07:35:35,072 - DRAM Used + Cache + Buffer + Swap = 60.02 GB
2026-09-03 07:35:35,072 - DRAM Used + Cache + Buffer = 60.02 GB
2026-09-03 07:35:35,072 - DRAM Used = 34.13 GB
2026-09-03 07:35:35,072 - DRAM Swap = 0.0 GB
2026-09-03 07:35:35,072 - 
2026-09-03 07:35:35,279 - VRAM Total = [140.4] GB
2026-09-03 07:35:35,279 - VRAM Used = [12.75] GB
2026-09-03 07:35:35,279 - 
2026-09-03 07:35:35,308 - Get SMARTINFO error, error=Expecting value: line 1 column 1 (char 0)
2026-09-03 07:35:35,308 - 
2026-09-03 07:35:35,308 - ================================================================================
2026-09-03 07:35:36,309 - DRAM Used + Cache + Buffer + Swap = 60.01 GB
2026-09-03 07:35:36,309 - DRAM Used + Cache + Buffer = 60.01 GB
2026-09-03 07:35:36,309 - DRAM Used = 34.12 GB
2026-09-03 07:35:36,309 - DRAM Swap = 0.0 GB
2026-09-03 07:35:36,309 - 
2026-09-03 07:35:36,515 - VRAM Total = [140.4] GB
2026-09-03 07:35:36,515 - VRAM Used = [12.75] GB
2026-09-03 07:35:36,515 - 
2026-09-03 07:35:36,541 - Get SMARTINFO error, error=Expecting value: line 1 column 1 (char 0)
2026-09-03 07:35:36,541 - 
2026-09-03 07:35:36,541 - ================================================================================
2026-09-03 07:35:37,542 - DRAM Used + Cache + Buffer + Swap = 60.01 GB
2026-09-03 07:35:37,542 - DRAM Used + Cache + Buffer = 60.01 GB
2026-09-03 07:35:37,542 - DRAM Used = 34.12 GB
2026-09-03 07:35:37,542 - DRAM Swap = 0.0 GB
2026-09-03 07:35:37,542 - 
2026-09-03 07:35:37,748 - VRAM Total = [140.4] GB
2026-09-03 07:35:37,748 - VRAM Used = [12.75] GB
2026-09-03 07:35:37,748 - 
2026-09-03 07:35:37,776 - Get SMARTINFO error, error=Expecting value: line 1 column 1 (char 0)
2026-09-03 07:35:37,776 - 
2026-09-03 07:35:37,776 - ================================================================================
2026-09-03 07:35:38,777 - DRAM Used + Cache + Buffer + Swap = 60.0 GB
2026-09-03 07:35:38,778 - DRAM Used + Cache + Buffer = 60.0 GB
2026-09-03 07:35:38,778 - DRAM Used = 34.11 GB
2026-09-03 07:35:38,778 - DRAM Swap = 0.0 GB
2026-09-03 07:35:38,778 - 
2026-09-03 07:35:38,985 - VRAM Total = [140.4] GB
2026-09-03 07:35:38,985 - VRAM Used = [12.75] GB
2026-09-03 07:35:38,985 - 
2026-09-03 07:35:39,009 - Get SMARTINFO error, error=Expecting value: line 1 column 1 (char 0)
2026-09-03 07:35:39,009 - 
2026-09-03 07:35:39,009 - ================================================================================
2026-09-03 07:35:40,010 - DRAM Used + Cache + Buffer + Swap = 59.99 GB
2026-09-03 07:35:40,011 - DRAM Used + Cache + Buffer = 59.99 GB
2026-09-03 07:35:40,011 - DRAM Used = 34.1 GB
2026-09-03 07:35:40,011 - DRAM Swap = 0.0 GB
2026-09-03 07:35:40,011 - 
2026-09-03 07:35:40,217 - VRAM Total = [140.4] GB
2026-09-03 07:35:40,217 - VRAM Used = [12.75] GB
2026-09-03 07:35:40,217 - 
2026-09-03 07:35:40,247 - Get SMARTINFO error, error=Expecting value: line 1 column 1 (char 0)
2026-09-03 07:35:40,247 - 
2026-09-03 07:35:40,247 - ================================================================================
2026-09-03 07:35:41,248 - DRAM Used + Cache + Buffer + Swap = 59.67 GB
2026-09-03 07:35:41,248 - DRAM Used + Cache + Buffer = 59.67 GB
2026-09-03 07:35:41,248 - DRAM Used = 33.78 GB
2026-09-03 07:35:41,248 - DRAM Swap = 0.0 GB
2026-09-03 07:35:41,248 - 
2026-09-03 07:35:41,455 - VRAM Total = [140.4] GB
2026-09-03 07:35:41,455 - VRAM Used = [12.75] GB
2026-09-03 07:35:41,455 - 
2026-09-03 07:35:41,477 - Get SMARTINFO error, error=Expecting value: line 1 column 1 (char 0)
2026-09-03 07:35:41,477 - 
2026-09-03 07:35:41,477 - ================================================================================
2026-09-03 07:35:42,478 - DRAM Used + Cache + Buffer + Swap = 59.67 GB
2026-09-03 07:35:42,479 - DRAM Used + Cache + Buffer = 59.67 GB
2026-09-03 07:35:42,479 - DRAM Used = 33.78 GB
2026-09-03 07:35:42,479 - DRAM Swap = 0.0 GB
2026-09-03 07:35:42,479 - 
2026-09-03 07:35:42,687 - VRAM Total = [140.4] GB
2026-09-03 07:35:42,687 - VRAM Used = [12.75] GB
2026-09-03 07:35:42,687 - 
2026-09-03 07:35:42,717 - Get SMARTINFO error, error=Expecting value: line 1 column 1 (char 0)
2026-09-03 07:35:42,717 - 
2026-09-03 07:35:42,717 - ================================================================================
2026-09-03 07:35:43,718 - DRAM Used + Cache + Buffer + Swap = 59.67 GB
2026-09-03 07:35:43,718 - DRAM Used + Cache + Buffer = 59.67 GB
2026-09-03 07:35:43,718 - DRAM Used = 33.78 GB
2026-09-03 07:35:43,718 - DRAM Swap = 0.0 GB
2026-09-03 07:35:43,718 - 
2026-09-03 07:35:43,925 - VRAM Total = [140.4] GB
2026-09-03 07:35:43,925 - VRAM Used = [12.75] GB
2026-09-03 07:35:43,925 - 
2026-09-03 07:35:43,947 - Get SMARTINFO error, error=Expecting value: line 1 column 1 (char 0)
2026-09-03 07:35:43,947 - 
2026-09-03 07:35:43,947 - ================================================================================
2026-09-03 07:35:44,948 - DRAM Used + Cache + Buffer + Swap = 59.66 GB
2026-09-03 07:35:44,949 - DRAM Used + Cache + Buffer = 59.66 GB
2026-09-03 07:35:44,949 - DRAM Used = 33.77 GB
2026-09-03 07:35:44,949 - DRAM Swap = 0.0 GB
2026-09-03 07:35:44,949 - 
2026-09-03 07:35:45,156 - VRAM Total = [140.4] GB
2026-09-03 07:35:45,156 - VRAM Used = [7.12] GB
2026-09-03 07:35:45,156 - 
2026-09-03 07:35:45,179 - Get SMARTINFO error, error=Expecting value: line 1 column 1 (char 0)
2026-09-03 07:35:45,179 - 
2026-09-03 07:35:45,179 - ================================================================================
2026-09-03 07:35:46,180 - DRAM Used + Cache + Buffer + Swap = 59.66 GB
2026-09-03 07:35:46,181 - DRAM Used + Cache + Buffer = 59.66 GB
2026-09-03 07:35:46,181 - DRAM Used = 33.76 GB
2026-09-03 07:35:46,181 - DRAM Swap = 0.0 GB
2026-09-03 07:35:46,181 - 
2026-09-03 07:35:46,387 - VRAM Total = [140.4] GB
2026-09-03 07:35:46,387 - VRAM Used = [7.12] GB
2026-09-03 07:35:46,388 - 
2026-09-03 07:35:46,409 - Get SMARTINFO error, error=Expecting value: line 1 column 1 (char 0)
2026-09-03 07:35:46,409 - 
2026-09-03 07:35:46,409 - ================================================================================
2026-09-03 07:35:47,410 - DRAM Used + Cache + Buffer + Swap = 59.66 GB
2026-09-03 07:35:47,411 - DRAM Used + Cache + Buffer = 59.66 GB
2026-09-03 07:35:47,411 - DRAM Used = 33.76 GB
2026-09-03 07:35:47,411 - DRAM Swap = 0.0 GB
2026-09-03 07:35:47,411 - 
2026-09-03 07:35:47,619 - VRAM Total = [140.4] GB
2026-09-03 07:35:47,619 - VRAM Used = [8.99] GB
2026-09-03 07:35:47,619 - 
2026-09-03 07:35:47,647 - Get SMARTINFO error, error=Expecting value: line 1 column 1 (char 0)
2026-09-03 07:35:47,648 - 
2026-09-03 07:35:47,648 - ================================================================================
2026-09-03 07:35:48,649 - DRAM Used + Cache + Buffer + Swap = 59.66 GB
2026-09-03 07:35:48,649 - DRAM Used + Cache + Buffer = 59.66 GB
2026-09-03 07:35:48,649 - DRAM Used = 33.76 GB
2026-09-03 07:35:48,649 - DRAM Swap = 0.0 GB
2026-09-03 07:35:48,649 - 
2026-09-03 07:35:48,856 - VRAM Total = [140.4] GB
2026-09-03 07:35:48,856 - VRAM Used = [9.0] GB
2026-09-03 07:35:48,856 - 
2026-09-03 07:35:48,881 - Get SMARTINFO error, error=Expecting value: line 1 column 1 (char 0)
2026-09-03 07:35:48,881 - 
2026-09-03 07:35:48,881 - ================================================================================
2026-09-03 07:35:49,882 - DRAM Used + Cache + Buffer + Swap = 59.65 GB
2026-09-03 07:35:49,882 - DRAM Used + Cache + Buffer = 59.65 GB
2026-09-03 07:35:49,882 - DRAM Used = 33.76 GB
2026-09-03 07:35:49,882 - DRAM Swap = 0.0 GB
2026-09-03 07:35:49,882 - 
2026-09-03 07:35:50,088 - VRAM Total = [140.4] GB
2026-09-03 07:35:50,089 - VRAM Used = [9.0] GB
2026-09-03 07:35:50,089 - 
2026-09-03 07:35:50,108 - Get SMARTINFO error, error=Expecting value: line 1 column 1 (char 0)
2026-09-03 07:35:50,108 - 
2026-09-03 07:35:50,108 - ================================================================================
2026-09-03 07:35:51,109 - DRAM Used + Cache + Buffer + Swap = 57.9 GB
2026-09-03 07:35:51,109 - DRAM Used + Cache + Buffer = 57.9 GB
2026-09-03 07:35:51,109 - DRAM Used = 32.01 GB
2026-09-03 07:35:51,109 - DRAM Swap = 0.0 GB
2026-09-03 07:35:51,109 - 
2026-09-03 07:35:51,316 - VRAM Total = [140.4] GB
2026-09-03 07:35:51,316 - VRAM Used = [9.0] GB
2026-09-03 07:35:51,316 - 
2026-09-03 07:35:51,341 - Get SMARTINFO error, error=Expecting value: line 1 column 1 (char 0)
2026-09-03 07:35:51,342 - 
2026-09-03 07:35:51,342 - ================================================================================
2026-09-03 07:35:52,343 - DRAM Used + Cache + Buffer + Swap = 44.8 GB
2026-09-03 07:35:52,343 - DRAM Used + Cache + Buffer = 44.8 GB
2026-09-03 07:35:52,343 - DRAM Used = 18.96 GB
2026-09-03 07:35:52,343 - DRAM Swap = 0.0 GB
2026-09-03 07:35:52,343 - 
2026-09-03 07:35:52,635 - VRAM Total = [140.4] GB
2026-09-03 07:35:52,635 - VRAM Used = [0.1] GB
2026-09-03 07:35:52,635 - 
2026-09-03 07:35:52,660 - Get SMARTINFO error, error=Expecting value: line 1 column 1 (char 0)
2026-09-03 07:35:52,660 - 
2026-09-03 07:35:52,660 - ================================================================================
2026-09-03 07:35:53,662 - DRAM Used + Cache + Buffer + Swap = 43.94 GB
2026-09-03 07:35:53,662 - DRAM Used + Cache + Buffer = 43.94 GB
2026-09-03 07:35:53,662 - DRAM Used = 18.09 GB
2026-09-03 07:35:53,662 - DRAM Swap = 0.0 GB
2026-09-03 07:35:53,662 - 
2026-09-03 07:35:53,867 - VRAM Total = [140.4] GB
2026-09-03 07:35:53,867 - VRAM Used = [0.1] GB
2026-09-03 07:35:53,867 - 
2026-09-03 07:35:53,889 - Get SMARTINFO error, error=Expecting value: line 1 column 1 (char 0)
2026-09-03 07:35:53,890 - 
2026-09-03 07:35:53,890 - ================================================================================
2026-09-03 07:35:54,891 - DRAM Used + Cache + Buffer + Swap = 43.93 GB
2026-09-03 07:35:54,891 - DRAM Used + Cache + Buffer = 43.93 GB
2026-09-03 07:35:54,891 - DRAM Used = 18.09 GB
2026-09-03 07:35:54,891 - DRAM Swap = 0.0 GB
2026-09-03 07:35:54,891 - 
2026-09-03 07:35:55,096 - VRAM Total = [140.4] GB
2026-09-03 07:35:55,096 - VRAM Used = [0.1] GB
2026-09-03 07:35:55,096 - 
2026-09-03 07:35:55,119 - Get SMARTINFO error, error=Expecting value: line 1 column 1 (char 0)
2026-09-03 07:35:55,119 - 
2026-09-03 07:35:55,119 - ================================================================================
2026-09-03 07:35:56,120 - ================================================================================
2026-09-03 07:35:56,121 - dram total = [21.03, 21.09, 21.25, 21.28, 21.78, 22.16, 22.38, 22.5, 22.49, 22.49, 22.49, 22.49, 22.49, 22.49, 22.49, 22.5, 22.5, 22.48, 22.48, 22.47, 22.46, 22.46, 22.45, 22.45, 22.44, 22.44, 22.44, 22.44, 22.44, 22.44, 22.44, 22.44, 22.44, 22.44, 22.44, 22.43, 22.43, 22.43, 22.43, 22.43, 22.43, 22.43, 22.42, 22.42, 22.42, 22.42, 22.42, 22.42, 22.42, 22.42, 22.42, 22.42, 22.42, 22.42, 22.42, 22.44, 22.43, 22.43, 22.42, 22.42, 22.42, 22.42, 22.42, 22.42, 22.42, 22.42, 22.42, 22.42, 22.42, 22.42, 22.42, 22.42, 22.42, 22.42, 26.58, 29.41, 31.34, 33.12, 35.07, 37.06, 38.82, 40.78, 42.02, 42.74, 43.47, 43.58, 43.58, 43.59, 43.59, 43.6, 43.6, 43.6, 43.6, 43.6, 43.6, 43.6, 43.6, 45.46, 45.19, 45.91, 46.31, 48.3, 50.35, 51.69, 58.96, 60.65, 58.53, 58.58, 58.37, 58.47, 58.08, 58.36, 58.37, 57.99, 58.05, 58.06, 57.86, 57.84, 58.14, 58.15, 58.17, 58.02, 57.97, 58.16, 57.97, 58.02, 57.77, 58.13, 58.12, 58.09, 58.09, 58.21, 58.2, 58.17, 58.17, 58.15, 58.13, 58.13, 58.11, 58.1, 58.08, 58.07, 58.06, 58.03, 58.02, 58.01, 57.99, 57.97, 57.97, 57.97, 57.95, 57.95, 57.93, 57.92, 57.92, 57.91, 57.88, 57.88, 57.86, 57.85, 57.85, 57.84, 57.84, 57.81, 59.85, 61.76, 61.74, 61.72, 61.67, 61.66, 61.67, 61.65, 61.61, 61.56, 61.54, 61.51, 61.48, 61.43, 61.41, 61.41, 61.44, 61.41, 61.37, 61.34, 61.3, 61.27, 61.23, 61.2, 61.19, 61.18, 61.16, 61.16, 61.15, 61.14, 61.14, 61.13, 61.12, 61.11, 61.1, 61.09, 61.07, 61.06, 61.05, 61.04, 61.03, 61.02, 61.0, 60.98, 60.96, 60.95, 60.92, 60.9, 60.89, 60.93, 60.92, 60.9, 60.87, 60.86, 60.84, 60.81, 60.79, 60.77, 60.91, 60.91, 60.87, 60.86, 60.84, 60.82, 60.79, 60.76, 60.82, 60.8, 60.77, 60.74, 60.72, 60.71, 60.69, 60.65, 60.63, 60.61, 60.59, 60.55, 60.53, 60.51, 60.51, 60.48, 60.47, 60.45, 60.44, 60.43, 60.41, 60.4, 60.38, 60.37, 60.35, 60.35, 60.34, 60.33, 60.31, 60.3, 60.3, 60.29, 60.28, 60.27, 60.26, 60.24, 60.24, 60.23, 60.23, 60.24, 60.23, 60.22, 60.21, 60.2, 60.19, 60.19, 60.18, 60.17, 60.2, 60.19, 60.18, 60.17, 60.16, 60.15, 60.13, 60.12, 60.11, 60.1, 60.07, 60.06, 60.05, 60.04, 60.03, 60.02, 60.01, 60.01, 60.0, 59.99, 59.67, 59.67, 59.67, 59.66, 59.66, 59.66, 59.66, 59.65, 57.9, 44.8, 43.94, 43.93]
2026-09-03 07:35:56,121 - dram high = [21.03, 21.09, 21.25, 21.28, 21.78, 22.16, 22.38, 22.5, 22.49, 22.49, 22.49, 22.49, 22.49, 22.49, 22.49, 22.5, 22.5, 22.48, 22.48, 22.47, 22.46, 22.46, 22.45, 22.45, 22.44, 22.44, 22.44, 22.44, 22.44, 22.44, 22.44, 22.44, 22.44, 22.44, 22.44, 22.43, 22.43, 22.43, 22.43, 22.43, 22.43, 22.43, 22.42, 22.42, 22.42, 22.42, 22.42, 22.42, 22.42, 22.42, 22.42, 22.42, 22.42, 22.42, 22.42, 22.44, 22.43, 22.43, 22.42, 22.42, 22.42, 22.42, 22.42, 22.42, 22.42, 22.42, 22.42, 22.42, 22.42, 22.42, 22.42, 22.42, 22.42, 22.42, 26.58, 29.41, 31.34, 33.12, 35.07, 37.06, 38.82, 40.78, 42.02, 42.74, 43.47, 43.58, 43.58, 43.59, 43.59, 43.6, 43.6, 43.6, 43.6, 43.6, 43.6, 43.6, 43.6, 45.46, 45.19, 45.91, 46.31, 48.3, 50.35, 51.69, 58.96, 60.65, 58.53, 58.58, 58.37, 58.47, 58.08, 58.36, 58.37, 57.99, 58.05, 58.06, 57.86, 57.84, 58.14, 58.15, 58.17, 58.02, 57.97, 58.16, 57.97, 58.02, 57.77, 58.13, 58.12, 58.09, 58.09, 58.21, 58.2, 58.17, 58.17, 58.15, 58.13, 58.13, 58.11, 58.1, 58.08, 58.07, 58.06, 58.03, 58.02, 58.01, 57.99, 57.97, 57.97, 57.97, 57.95, 57.95, 57.93, 57.92, 57.92, 57.91, 57.88, 57.88, 57.86, 57.85, 57.85, 57.84, 57.84, 57.81, 59.85, 61.76, 61.74, 61.72, 61.67, 61.66, 61.67, 61.65, 61.61, 61.56, 61.54, 61.51, 61.48, 61.43, 61.41, 61.41, 61.44, 61.41, 61.37, 61.34, 61.3, 61.27, 61.23, 61.2, 61.19, 61.18, 61.16, 61.16, 61.15, 61.14, 61.14, 61.13, 61.12, 61.11, 61.1, 61.09, 61.07, 61.06, 61.05, 61.04, 61.03, 61.02, 61.0, 60.98, 60.96, 60.95, 60.92, 60.9, 60.89, 60.93, 60.92, 60.9, 60.87, 60.86, 60.84, 60.81, 60.79, 60.77, 60.91, 60.91, 60.87, 60.86, 60.84, 60.82, 60.79, 60.76, 60.82, 60.8, 60.77, 60.74, 60.72, 60.71, 60.69, 60.65, 60.63, 60.61, 60.59, 60.55, 60.53, 60.51, 60.51, 60.48, 60.47, 60.45, 60.44, 60.43, 60.41, 60.4, 60.38, 60.37, 60.35, 60.35, 60.34, 60.33, 60.31, 60.3, 60.3, 60.29, 60.28, 60.27, 60.26, 60.24, 60.24, 60.23, 60.23, 60.24, 60.23, 60.22, 60.21, 60.2, 60.19, 60.19, 60.18, 60.17, 60.2, 60.19, 60.18, 60.17, 60.16, 60.15, 60.13, 60.12, 60.11, 60.1, 60.07, 60.06, 60.05, 60.04, 60.03, 60.02, 60.01, 60.01, 60.0, 59.99, 59.67, 59.67, 59.67, 59.66, 59.66, 59.66, 59.66, 59.65, 57.9, 44.8, 43.94, 43.93]
2026-09-03 07:35:56,121 - dram low = [18.54, 18.57, 18.69, 18.7, 19.15, 19.48, 19.66, 19.66, 19.66, 19.66, 19.66, 19.66, 19.66, 19.66, 19.66, 19.66, 19.66, 19.65, 19.64, 19.63, 19.62, 19.62, 19.61, 19.61, 19.6, 19.6, 19.6, 19.6, 19.6, 19.6, 19.6, 19.6, 19.6, 19.6, 19.6, 19.59, 19.59, 19.59, 19.59, 19.59, 19.59, 19.59, 19.58, 19.58, 19.58, 19.58, 19.58, 19.58, 19.58, 19.58, 19.58, 19.58, 19.58, 19.58, 19.58, 19.59, 19.58, 19.58, 19.58, 19.57, 19.57, 19.57, 19.57, 19.57, 19.57, 19.57, 19.57, 19.57, 19.57, 19.57, 19.57, 19.57, 19.57, 19.57, 23.73, 25.53, 25.49, 25.47, 25.46, 25.44, 25.44, 25.43, 25.75, 26.48, 27.2, 27.32, 27.32, 27.32, 27.32, 27.33, 27.33, 27.33, 27.33, 27.33, 27.33, 27.33, 27.33, 27.31, 25.47, 25.45, 25.44, 25.43, 25.43, 26.23, 33.5, 35.19, 33.07, 33.12, 32.91, 33.0, 32.62, 32.9, 32.91, 32.53, 32.59, 32.59, 32.39, 32.37, 32.67, 32.68, 32.71, 32.56, 32.5, 32.69, 32.5, 32.55, 32.3, 32.31, 32.28, 32.25, 32.24, 32.35, 32.34, 32.31, 32.3, 32.29, 32.27, 32.27, 32.25, 32.23, 32.22, 32.21, 32.19, 32.17, 32.16, 32.15, 32.13, 32.11, 32.11, 32.11, 32.09, 32.09, 32.07, 32.05, 32.04, 32.03, 32.01, 32.0, 31.98, 31.97, 31.97, 31.97, 31.96, 31.94, 33.97, 35.88, 35.86, 35.85, 35.79, 35.78, 35.8, 35.77, 35.73, 35.68, 35.66, 35.63, 35.61, 35.56, 35.53, 35.53, 35.56, 35.53, 35.49, 35.46, 35.43, 35.39, 35.35, 35.32, 35.31, 35.3, 35.28, 35.28, 35.27, 35.27, 35.26, 35.25, 35.24, 35.23, 35.22, 35.21, 35.2, 35.19, 35.18, 35.16, 35.16, 35.15, 35.12, 35.1, 35.09, 35.07, 35.05, 35.02, 35.01, 35.05, 35.03, 35.02, 34.99, 34.97, 34.96, 34.93, 34.91, 34.89, 35.03, 35.03, 34.99, 34.97, 34.96, 34.93, 34.91, 34.88, 34.93, 34.92, 34.88, 34.86, 34.83, 34.82, 34.81, 34.76, 34.75, 34.72, 34.71, 34.66, 34.65, 34.63, 34.62, 34.6, 34.59, 34.57, 34.56, 34.55, 34.52, 34.51, 34.5, 34.49, 34.47, 34.46, 34.45, 34.44, 34.42, 34.41, 34.41, 34.41, 34.4, 34.38, 34.37, 34.36, 34.36, 34.35, 34.35, 34.35, 34.34, 34.33, 34.32, 34.31, 34.3, 34.3, 34.29, 34.28, 34.31, 34.3, 34.29, 34.28, 34.27, 34.26, 34.24, 34.23, 34.22, 34.21, 34.18, 34.17, 34.16, 34.15, 34.14, 34.13, 34.12, 34.12, 34.11, 34.1, 33.78, 33.78, 33.78, 33.77, 33.76, 33.76, 33.76, 33.76, 32.01, 18.96, 18.09, 18.09]
2026-09-03 07:35:56,122 - dram swap = [0.0, 0.0, 0.0, 0.0, 0.0, 0.0, 0.0, 0.0, 0.0, 0.0, 0.0, 0.0, 0.0, 0.0, 0.0, 0.0, 0.0, 0.0, 0.0, 0.0, 0.0, 0.0, 0.0, 0.0, 0.0, 0.0, 0.0, 0.0, 0.0, 0.0, 0.0, 0.0, 0.0, 0.0, 0.0, 0.0, 0.0, 0.0, 0.0, 0.0, 0.0, 0.0, 0.0, 0.0, 0.0, 0.0, 0.0, 0.0, 0.0, 0.0, 0.0, 0.0, 0.0, 0.0, 0.0, 0.0, 0.0, 0.0, 0.0, 0.0, 0.0, 0.0, 0.0, 0.0, 0.0, 0.0, 0.0, 0.0, 0.0, 0.0, 0.0, 0.0, 0.0, 0.0, 0.0, 0.0, 0.0, 0.0, 0.0, 0.0, 0.0, 0.0, 0.0, 0.0, 0.0, 0.0, 0.0, 0.0, 0.0, 0.0, 0.0, 0.0, 0.0, 0.0, 0.0, 0.0, 0.0, 0.0, 0.0, 0.0, 0.0, 0.0, 0.0, 0.0, 0.0, 0.0, 0.0, 0.0, 0.0, 0.0, 0.0, 0.0, 0.0, 0.0, 0.0, 0.0, 0.0, 0.0, 0.0, 0.0, 0.0, 0.0, 0.0, 0.0, 0.0, 0.0, 0.0, 0.0, 0.0, 0.0, 0.0, 0.0, 0.0, 0.0, 0.0, 0.0, 0.0, 0.0, 0.0, 0.0, 0.0, 0.0, 0.0, 0.0, 0.0, 0.0, 0.0, 0.0, 0.0, 0.0, 0.0, 0.0, 0.0, 0.0, 0.0, 0.0, 0.0, 0.0, 0.0, 0.0, 0.0, 0.0, 0.0, 0.0, 0.0, 0.0, 0.0, 0.0, 0.0, 0.0, 0.0, 0.0, 0.0, 0.0, 0.0, 0.0, 0.0, 0.0, 0.0, 0.0, 0.0, 0.0, 0.0, 0.0, 0.0, 0.0, 0.0, 0.0, 0.0, 0.0, 0.0, 0.0, 0.0, 0.0, 0.0, 0.0, 0.0, 0.0, 0.0, 0.0, 0.0, 0.0, 0.0, 0.0, 0.0, 0.0, 0.0, 0.0, 0.0, 0.0, 0.0, 0.0, 0.0, 0.0, 0.0, 0.0, 0.0, 0.0, 0.0, 0.0, 0.0, 0.0, 0.0, 0.0, 0.0, 0.0, 0.0, 0.0, 0.0, 0.0, 0.0, 0.0, 0.0, 0.0, 0.0, 0.0, 0.0, 0.0, 0.0, 0.0, 0.0, 0.0, 0.0, 0.0, 0.0, 0.0, 0.0, 0.0, 0.0, 0.0, 0.0, 0.0, 0.0, 0.0, 0.0, 0.0, 0.0, 0.0, 0.0, 0.0, 0.0, 0.0, 0.0, 0.0, 0.0, 0.0, 0.0, 0.0, 0.0, 0.0, 0.0, 0.0, 0.0, 0.0, 0.0, 0.0, 0.0, 0.0, 0.0, 0.0, 0.0, 0.0, 0.0, 0.0, 0.0, 0.0, 0.0, 0.0, 0.0, 0.0, 0.0, 0.0, 0.0, 0.0, 0.0, 0.0, 0.0, 0.0, 0.0, 0.0, 0.0, 0.0, 0.0, 0.0, 0.0, 0.0, 0.0, 0.0, 0.0, 0.0]
2026-09-03 07:35:56,133 - Dram analysis 
     Dram Used+Cache+Buffer+Swap (GB)  Dram Used+Cache+Buffer (GB)  Dram Used (GB)  Dram Swap (GB)
max                             40.73                        40.73           17.34             0.0
min                              0.00                         0.00            0.00             0.0
avg                             28.01                        28.01           11.16             0.0
2026-09-03 07:35:56,164 - 
2026-09-03 07:35:56,164 - ================================================================================
2026-09-03 07:35:56,164 - GPU0 used = [0.1, 0.1, 0.1, 0.1, 0.35, 0.49, 0.94, 2.0, 2.0, 2.0, 2.0, 2.0, 2.0, 2.0, 2.0, 2.0, 2.0, 2.0, 2.0, 2.0, 2.0, 2.0, 2.0, 2.0, 2.0, 2.0, 2.0, 2.0, 2.0, 2.0, 2.0, 2.0, 2.0, 2.0, 2.0, 2.0, 2.0, 2.0, 2.0, 2.0, 2.0, 2.0, 2.0, 2.0, 2.0, 2.0, 2.0, 2.0, 2.0, 2.0, 2.0, 2.0, 2.0, 2.0, 2.0, 2.0, 2.0, 2.0, 2.0, 2.0, 2.0, 2.0, 2.0, 2.0, 2.0, 2.0, 2.0, 2.0, 2.0, 2.0, 2.0, 2.0, 2.0, 2.0, 2.0, 2.01, 2.01, 2.01, 2.01, 2.01, 2.01, 2.01, 2.01, 2.01, 2.01, 2.01, 2.01, 2.01, 2.01, 2.01, 2.01, 2.01, 2.01, 2.01, 2.01, 2.01, 2.01, 2.01, 2.01, 2.01, 2.01, 2.01, 2.01, 2.01, 2.01, 2.02, 2.02, 2.02, 2.02, 2.02, 2.02, 2.02, 2.02, 2.02, 2.02, 2.02, 2.02, 2.02, 2.02, 2.02, 2.02, 2.02, 2.02, 2.02, 2.02, 2.02, 2.02, 4.21, 5.39, 5.39, 7.08, 7.18, 7.18, 7.18, 7.18, 12.81, 7.12, 7.12, 9.0, 9.0, 9.0, 9.0, 9.0, 9.0, 9.0, 7.12, 7.12, 8.99, 9.0, 9.0, 9.0, 9.0, 9.0, 9.0, 7.12, 7.12, 8.99, 9.0, 9.0, 9.0, 9.0, 9.0, 9.0, 12.75, 12.75, 12.75, 12.75, 12.75, 12.75, 12.75, 12.75, 12.75, 12.75, 12.75, 12.75, 12.75, 12.75, 12.75, 12.75, 12.75, 12.75, 12.75, 12.75, 12.75, 12.75, 12.75, 12.75, 12.75, 7.12, 7.12, 9.0, 9.0, 9.0, 9.0, 7.12, 7.12, 8.99, 9.0, 9.0, 9.0, 9.0, 9.0, 9.0, 12.75, 7.12, 9.0, 9.0, 9.0, 9.0, 9.0, 9.0, 9.0, 12.75, 7.12, 9.0, 9.0, 9.0, 9.0, 9.0, 9.0, 9.0, 12.75, 12.75, 12.75, 12.75, 12.75, 12.75, 12.75, 12.75, 12.75, 12.75, 12.75, 12.75, 12.75, 12.75, 12.75, 12.75, 12.75, 12.75, 12.75, 12.75, 12.75, 12.75, 12.75, 12.75, 7.12, 9.0, 9.0, 9.0, 9.0, 9.0, 7.12, 7.12, 8.99, 9.0, 9.0, 9.0, 9.0, 9.0, 9.0, 7.12, 7.12, 8.99, 9.0, 9.0, 9.0, 9.0, 9.0, 9.0, 7.12, 7.12, 8.99, 9.0, 9.0, 9.0, 9.0, 9.0, 9.0, 12.75, 12.75, 12.75, 12.75, 12.75, 12.75, 12.75, 12.75, 12.75, 12.75, 12.75, 12.75, 12.75, 12.75, 12.75, 12.75, 12.75, 12.75, 12.75, 12.75, 12.75, 12.75, 12.75, 7.12, 7.12, 8.99, 9.0, 9.0, 9.0, 0.1, 0.1, 0.1]
2026-09-03 07:35:56,166 - Vram analysis
      GPU0
max  12.81
min   0.10
avg   6.72
2026-09-03 07:35:56,213 - 
2026-09-03 07:35:56,213 - ================================================================================
2026-09-03 07:35:56,235 - Analyze smart info error, error='/dev/nvme1n1'
2026-09-03 07:35:56,235 - 
2026-09-03 07:35:56,235 - ================================================================================
2026-09-03 07:35:56,235 - found mw log = Phison_2026-09-03_0729.log
2026-09-03 07:35:56,237 - The training didn't converge (loss shold less than 1).
2026-09-03 07:35:56,237 - Coverage Time = 0:03:35
2026-09-03 07:35:56,237 - ================================================================================
2026-09-03 07:35:56,237 - Lost List
2026-09-03 07:35:56,237 - [18.37, 14.22, 12.83, 13.53, 4.56, 4.56, 4.56, 9.13, 3.16, 6.17, 4.38, 2.13, 3.03]
2026-09-03 07:35:56,237 - Forward Time List
2026-09-03 07:35:56,237 - [4.07, 1.94, 1.95, 1.95, 1.92, 1.93, 1.95, 1.92, 1.94, 1.93, 1.93, 1.93, 1.93]
2026-09-03 07:35:56,237 - Backward Time List
2026-09-03 07:35:56,237 - [6.19, 8.46, 8.4, 8.75, 4.84, 8.71, 8.12, 8.14, 4.83, 8.19, 8.16, 8.18]
2026-09-03 07:35:56,237 - Backward Update Time List
2026-09-03 07:35:56,237 - [8.75, 8.14, 8.18]
2026-09-03 07:35:56,237 - Update Time List
2026-09-03 07:35:56,237 - [30.18, 29.14, 29.49]
2026-09-03 07:35:56,237 - Training Efficiency List
2026-09-03 07:35:56,237 - [108.62, 116.96, 117.16]
2026-09-03 07:35:56,237 - ================================================================================
2026-09-03 07:35:56,237 - Analysis Section (unit is second)
2026-09-03 07:35:56,241 - Training info 
     Forward  Backward  Backward_Update  Update  Efficiency
max     4.07      8.75             8.75   30.18      117.16
min     1.92      4.83             8.14   29.14      108.62
avg     2.10      7.58             8.36   29.60      117.06
2026-09-03 07:35:56,292 - 
2026-09-03 07:35:56,292 - ================================================================================
2026-09-03 07:35:56,310 - 
