2026-09-09 02:38:21,248 - Platform info 
                                                                       0
IP                                                            172.19.0.2
CPU                                               Intel(R) Xeon(R) 6515P
System Memory                                                 1007.52 GB
Motherboard                                 Giga Computing MSB4-G40-000 
GPU 0                                     NVIDIA H200 NVL, size=140.4 GB
GPU 1                                     NVIDIA H200 NVL, size=140.4 GB
OS Version                                            Ubuntu 24.04.3 LTS
Kernel Version              Linux-7.0.0-28-generic-x86_64-with-glibc2.39
aiDAPTIV+ Version                                            vNXUN205.A1
aiDAPTIV+ Soulution 0      PASCARI A1808K032T00E008T1900             ...
aiDAPTIV+ Soulution 1      PASCARI A1808K032T00E008T1900             ...
2026-09-09 02:38:21,249 - GPU info 
                              0                1
Driver version       580.173.02              NaN
Cuda Version              13000              NaN
Device                    GPU 0            GPU 1
Device Name     NVIDIA H200 NVL  NVIDIA H200 NVL
Total Memory              140.4            140.4
2026-09-09 02:38:21,249 - Training ACC = 4
2026-09-09 02:38:25,600 - DRAM Used + Cache + Buffer + Swap = 21.02 GB
2026-09-09 02:38:25,600 - DRAM Used + Cache + Buffer = 21.02 GB
2026-09-09 02:38:25,600 - DRAM Used = 18.47 GB
2026-09-09 02:38:25,601 - DRAM Swap = 0.0 GB
2026-09-09 02:38:25,601 - 
2026-09-09 02:38:26,266 - VRAM Total = [140.4] GB
2026-09-09 02:38:26,266 - VRAM Used = [0.1] GB
2026-09-09 02:38:26,266 - 
2026-09-09 02:38:26,296 - Get SMARTINFO error, error=Expecting value: line 1 column 1 (char 0)
2026-09-09 02:38:26,296 - 
2026-09-09 02:38:26,296 - ================================================================================
2026-09-09 02:38:27,297 - DRAM Used + Cache + Buffer + Swap = 21.3 GB
2026-09-09 02:38:27,297 - DRAM Used + Cache + Buffer = 21.3 GB
2026-09-09 02:38:27,298 - DRAM Used = 18.76 GB
2026-09-09 02:38:27,298 - DRAM Swap = 0.0 GB
2026-09-09 02:38:27,298 - 
2026-09-09 02:38:27,503 - VRAM Total = [140.4] GB
2026-09-09 02:38:27,503 - VRAM Used = [0.1] GB
2026-09-09 02:38:27,503 - 
2026-09-09 02:38:27,533 - Get SMARTINFO error, error=Expecting value: line 1 column 1 (char 0)
2026-09-09 02:38:27,533 - 
2026-09-09 02:38:27,533 - ================================================================================
2026-09-09 02:38:28,534 - DRAM Used + Cache + Buffer + Swap = 21.38 GB
2026-09-09 02:38:28,535 - DRAM Used + Cache + Buffer = 21.38 GB
2026-09-09 02:38:28,535 - DRAM Used = 18.8 GB
2026-09-09 02:38:28,535 - DRAM Swap = 0.0 GB
2026-09-09 02:38:28,535 - 
2026-09-09 02:38:28,740 - VRAM Total = [140.4] GB
2026-09-09 02:38:28,740 - VRAM Used = [0.1] GB
2026-09-09 02:38:28,741 - 
2026-09-09 02:38:28,757 - Get SMARTINFO error, error=Expecting value: line 1 column 1 (char 0)
2026-09-09 02:38:28,757 - 
2026-09-09 02:38:28,757 - ================================================================================
2026-09-09 02:38:29,758 - DRAM Used + Cache + Buffer + Swap = 21.48 GB
2026-09-09 02:38:29,759 - DRAM Used + Cache + Buffer = 21.48 GB
2026-09-09 02:38:29,759 - DRAM Used = 18.86 GB
2026-09-09 02:38:29,759 - DRAM Swap = 0.0 GB
2026-09-09 02:38:29,759 - 
2026-09-09 02:38:29,964 - VRAM Total = [140.4] GB
2026-09-09 02:38:29,965 - VRAM Used = [0.1] GB
2026-09-09 02:38:29,965 - 
2026-09-09 02:38:29,991 - Get SMARTINFO error, error=Expecting value: line 1 column 1 (char 0)
2026-09-09 02:38:29,991 - 
2026-09-09 02:38:29,991 - ================================================================================
2026-09-09 02:38:30,992 - DRAM Used + Cache + Buffer + Swap = 21.49 GB
2026-09-09 02:38:30,992 - DRAM Used + Cache + Buffer = 21.49 GB
2026-09-09 02:38:30,992 - DRAM Used = 18.87 GB
2026-09-09 02:38:30,992 - DRAM Swap = 0.0 GB
2026-09-09 02:38:30,992 - 
2026-09-09 02:38:31,279 - VRAM Total = [140.4] GB
2026-09-09 02:38:31,279 - VRAM Used = [0.1] GB
2026-09-09 02:38:31,279 - 
2026-09-09 02:38:31,303 - Get SMARTINFO error, error=Expecting value: line 1 column 1 (char 0)
2026-09-09 02:38:31,303 - 
2026-09-09 02:38:31,303 - ================================================================================
2026-09-09 02:38:32,304 - DRAM Used + Cache + Buffer + Swap = 21.54 GB
2026-09-09 02:38:32,305 - DRAM Used + Cache + Buffer = 21.54 GB
2026-09-09 02:38:32,305 - DRAM Used = 18.91 GB
2026-09-09 02:38:32,305 - DRAM Swap = 0.0 GB
2026-09-09 02:38:32,305 - 
2026-09-09 02:38:32,509 - VRAM Total = [140.4] GB
2026-09-09 02:38:32,510 - VRAM Used = [0.1] GB
2026-09-09 02:38:32,510 - 
2026-09-09 02:38:32,533 - Get SMARTINFO error, error=Expecting value: line 1 column 1 (char 0)
2026-09-09 02:38:32,533 - 
2026-09-09 02:38:32,533 - ================================================================================
2026-09-09 02:38:33,534 - DRAM Used + Cache + Buffer + Swap = 21.55 GB
2026-09-09 02:38:33,534 - DRAM Used + Cache + Buffer = 21.55 GB
2026-09-09 02:38:33,535 - DRAM Used = 18.92 GB
2026-09-09 02:38:33,535 - DRAM Swap = 0.0 GB
2026-09-09 02:38:33,535 - 
2026-09-09 02:38:33,739 - VRAM Total = [140.4] GB
2026-09-09 02:38:33,739 - VRAM Used = [0.1] GB
2026-09-09 02:38:33,739 - 
2026-09-09 02:38:33,764 - Get SMARTINFO error, error=Expecting value: line 1 column 1 (char 0)
2026-09-09 02:38:33,764 - 
2026-09-09 02:38:33,764 - ================================================================================
2026-09-09 02:38:34,765 - DRAM Used + Cache + Buffer + Swap = 21.55 GB
2026-09-09 02:38:34,765 - DRAM Used + Cache + Buffer = 21.55 GB
2026-09-09 02:38:34,765 - DRAM Used = 18.92 GB
2026-09-09 02:38:34,765 - DRAM Swap = 0.0 GB
2026-09-09 02:38:34,765 - 
2026-09-09 02:38:34,970 - VRAM Total = [140.4] GB
2026-09-09 02:38:34,970 - VRAM Used = [0.1] GB
2026-09-09 02:38:34,970 - 
2026-09-09 02:38:34,996 - Get SMARTINFO error, error=Expecting value: line 1 column 1 (char 0)
2026-09-09 02:38:34,996 - 
2026-09-09 02:38:34,996 - ================================================================================
2026-09-09 02:38:35,997 - DRAM Used + Cache + Buffer + Swap = 21.54 GB
2026-09-09 02:38:35,997 - DRAM Used + Cache + Buffer = 21.54 GB
2026-09-09 02:38:35,997 - DRAM Used = 18.9 GB
2026-09-09 02:38:35,997 - DRAM Swap = 0.0 GB
2026-09-09 02:38:35,997 - 
2026-09-09 02:38:36,203 - VRAM Total = [140.4] GB
2026-09-09 02:38:36,203 - VRAM Used = [0.1] GB
2026-09-09 02:38:36,203 - 
2026-09-09 02:38:36,227 - Get SMARTINFO error, error=Expecting value: line 1 column 1 (char 0)
2026-09-09 02:38:36,227 - 
2026-09-09 02:38:36,227 - ================================================================================
2026-09-09 02:38:37,229 - DRAM Used + Cache + Buffer + Swap = 21.54 GB
2026-09-09 02:38:37,229 - DRAM Used + Cache + Buffer = 21.54 GB
2026-09-09 02:38:37,229 - DRAM Used = 18.91 GB
2026-09-09 02:38:37,229 - DRAM Swap = 0.0 GB
2026-09-09 02:38:37,229 - 
2026-09-09 02:38:37,434 - VRAM Total = [140.4] GB
2026-09-09 02:38:37,434 - VRAM Used = [0.1] GB
2026-09-09 02:38:37,434 - 
2026-09-09 02:38:37,455 - Get SMARTINFO error, error=Expecting value: line 1 column 1 (char 0)
2026-09-09 02:38:37,455 - 
2026-09-09 02:38:37,455 - ================================================================================
2026-09-09 02:38:38,456 - DRAM Used + Cache + Buffer + Swap = 21.7 GB
2026-09-09 02:38:38,456 - DRAM Used + Cache + Buffer = 21.7 GB
2026-09-09 02:38:38,456 - DRAM Used = 19.02 GB
2026-09-09 02:38:38,456 - DRAM Swap = 0.0 GB
2026-09-09 02:38:38,456 - 
2026-09-09 02:38:38,666 - VRAM Total = [140.4] GB
2026-09-09 02:38:38,666 - VRAM Used = [0.35] GB
2026-09-09 02:38:38,666 - 
2026-09-09 02:38:38,690 - Get SMARTINFO error, error=Expecting value: line 1 column 1 (char 0)
2026-09-09 02:38:38,690 - 
2026-09-09 02:38:38,691 - ================================================================================
2026-09-09 02:38:39,692 - DRAM Used + Cache + Buffer + Swap = 22.04 GB
2026-09-09 02:38:39,692 - DRAM Used + Cache + Buffer = 22.04 GB
2026-09-09 02:38:39,692 - DRAM Used = 19.36 GB
2026-09-09 02:38:39,692 - DRAM Swap = 0.0 GB
2026-09-09 02:38:39,692 - 
2026-09-09 02:38:39,899 - VRAM Total = [140.4] GB
2026-09-09 02:38:39,899 - VRAM Used = [0.35] GB
2026-09-09 02:38:39,899 - 
2026-09-09 02:38:39,922 - Get SMARTINFO error, error=Expecting value: line 1 column 1 (char 0)
2026-09-09 02:38:39,922 - 
2026-09-09 02:38:39,922 - ================================================================================
2026-09-09 02:38:40,923 - DRAM Used + Cache + Buffer + Swap = 22.55 GB
2026-09-09 02:38:40,923 - DRAM Used + Cache + Buffer = 22.55 GB
2026-09-09 02:38:40,923 - DRAM Used = 19.8 GB
2026-09-09 02:38:40,924 - DRAM Swap = 0.0 GB
2026-09-09 02:38:40,924 - 
2026-09-09 02:38:41,130 - VRAM Total = [140.4] GB
2026-09-09 02:38:41,130 - VRAM Used = [0.94] GB
2026-09-09 02:38:41,130 - 
2026-09-09 02:38:41,153 - Get SMARTINFO error, error=Expecting value: line 1 column 1 (char 0)
2026-09-09 02:38:41,153 - 
2026-09-09 02:38:41,153 - ================================================================================
2026-09-09 02:38:42,154 - DRAM Used + Cache + Buffer + Swap = 22.69 GB
2026-09-09 02:38:42,154 - DRAM Used + Cache + Buffer = 22.69 GB
2026-09-09 02:38:42,154 - DRAM Used = 19.8 GB
2026-09-09 02:38:42,155 - DRAM Swap = 0.0 GB
2026-09-09 02:38:42,155 - 
2026-09-09 02:38:42,361 - VRAM Total = [140.4] GB
2026-09-09 02:38:42,361 - VRAM Used = [2.0] GB
2026-09-09 02:38:42,361 - 
2026-09-09 02:38:42,387 - Get SMARTINFO error, error=Expecting value: line 1 column 1 (char 0)
2026-09-09 02:38:42,387 - 
2026-09-09 02:38:42,387 - ================================================================================
2026-09-09 02:38:43,389 - DRAM Used + Cache + Buffer + Swap = 22.69 GB
2026-09-09 02:38:43,389 - DRAM Used + Cache + Buffer = 22.69 GB
2026-09-09 02:38:43,389 - DRAM Used = 19.79 GB
2026-09-09 02:38:43,389 - DRAM Swap = 0.0 GB
2026-09-09 02:38:43,389 - 
2026-09-09 02:38:43,596 - VRAM Total = [140.4] GB
2026-09-09 02:38:43,596 - VRAM Used = [2.0] GB
2026-09-09 02:38:43,596 - 
2026-09-09 02:38:43,620 - Get SMARTINFO error, error=Expecting value: line 1 column 1 (char 0)
2026-09-09 02:38:43,620 - 
2026-09-09 02:38:43,620 - ================================================================================
2026-09-09 02:38:44,621 - DRAM Used + Cache + Buffer + Swap = 22.68 GB
2026-09-09 02:38:44,621 - DRAM Used + Cache + Buffer = 22.68 GB
2026-09-09 02:38:44,621 - DRAM Used = 19.79 GB
2026-09-09 02:38:44,622 - DRAM Swap = 0.0 GB
2026-09-09 02:38:44,622 - 
2026-09-09 02:38:44,828 - VRAM Total = [140.4] GB
2026-09-09 02:38:44,828 - VRAM Used = [2.0] GB
2026-09-09 02:38:44,828 - 
2026-09-09 02:38:44,854 - Get SMARTINFO error, error=Expecting value: line 1 column 1 (char 0)
2026-09-09 02:38:44,854 - 
2026-09-09 02:38:44,854 - ================================================================================
2026-09-09 02:38:45,855 - DRAM Used + Cache + Buffer + Swap = 22.68 GB
2026-09-09 02:38:45,856 - DRAM Used + Cache + Buffer = 22.68 GB
2026-09-09 02:38:45,856 - DRAM Used = 19.78 GB
2026-09-09 02:38:45,856 - DRAM Swap = 0.0 GB
2026-09-09 02:38:45,856 - 
2026-09-09 02:38:46,063 - VRAM Total = [140.4] GB
2026-09-09 02:38:46,063 - VRAM Used = [2.0] GB
2026-09-09 02:38:46,063 - 
2026-09-09 02:38:46,085 - Get SMARTINFO error, error=Expecting value: line 1 column 1 (char 0)
2026-09-09 02:38:46,086 - 
2026-09-09 02:38:46,086 - ================================================================================
2026-09-09 02:38:47,087 - DRAM Used + Cache + Buffer + Swap = 22.68 GB
2026-09-09 02:38:47,087 - DRAM Used + Cache + Buffer = 22.68 GB
2026-09-09 02:38:47,087 - DRAM Used = 19.78 GB
2026-09-09 02:38:47,087 - DRAM Swap = 0.0 GB
2026-09-09 02:38:47,087 - 
2026-09-09 02:38:47,293 - VRAM Total = [140.4] GB
2026-09-09 02:38:47,293 - VRAM Used = [2.0] GB
2026-09-09 02:38:47,293 - 
2026-09-09 02:38:47,319 - Get SMARTINFO error, error=Expecting value: line 1 column 1 (char 0)
2026-09-09 02:38:47,319 - 
2026-09-09 02:38:47,319 - ================================================================================
2026-09-09 02:38:48,320 - DRAM Used + Cache + Buffer + Swap = 22.67 GB
2026-09-09 02:38:48,320 - DRAM Used + Cache + Buffer = 22.67 GB
2026-09-09 02:38:48,320 - DRAM Used = 19.78 GB
2026-09-09 02:38:48,320 - DRAM Swap = 0.0 GB
2026-09-09 02:38:48,320 - 
2026-09-09 02:38:48,528 - VRAM Total = [140.4] GB
2026-09-09 02:38:48,529 - VRAM Used = [2.0] GB
2026-09-09 02:38:48,529 - 
2026-09-09 02:38:48,553 - Get SMARTINFO error, error=Expecting value: line 1 column 1 (char 0)
2026-09-09 02:38:48,553 - 
2026-09-09 02:38:48,553 - ================================================================================
2026-09-09 02:38:49,554 - DRAM Used + Cache + Buffer + Swap = 22.67 GB
2026-09-09 02:38:49,554 - DRAM Used + Cache + Buffer = 22.67 GB
2026-09-09 02:38:49,554 - DRAM Used = 19.78 GB
2026-09-09 02:38:49,554 - DRAM Swap = 0.0 GB
2026-09-09 02:38:49,554 - 
2026-09-09 02:38:49,761 - VRAM Total = [140.4] GB
2026-09-09 02:38:49,761 - VRAM Used = [2.0] GB
2026-09-09 02:38:49,761 - 
2026-09-09 02:38:49,785 - Get SMARTINFO error, error=Expecting value: line 1 column 1 (char 0)
2026-09-09 02:38:49,785 - 
2026-09-09 02:38:49,785 - ================================================================================
2026-09-09 02:38:50,786 - DRAM Used + Cache + Buffer + Swap = 22.67 GB
2026-09-09 02:38:50,786 - DRAM Used + Cache + Buffer = 22.67 GB
2026-09-09 02:38:50,787 - DRAM Used = 19.78 GB
2026-09-09 02:38:50,787 - DRAM Swap = 0.0 GB
2026-09-09 02:38:50,787 - 
2026-09-09 02:38:50,993 - VRAM Total = [140.4] GB
2026-09-09 02:38:50,993 - VRAM Used = [2.0] GB
2026-09-09 02:38:50,993 - 
2026-09-09 02:38:51,017 - Get SMARTINFO error, error=Expecting value: line 1 column 1 (char 0)
2026-09-09 02:38:51,017 - 
2026-09-09 02:38:51,017 - ================================================================================
2026-09-09 02:38:52,018 - DRAM Used + Cache + Buffer + Swap = 22.67 GB
2026-09-09 02:38:52,018 - DRAM Used + Cache + Buffer = 22.67 GB
2026-09-09 02:38:52,018 - DRAM Used = 19.78 GB
2026-09-09 02:38:52,018 - DRAM Swap = 0.0 GB
2026-09-09 02:38:52,018 - 
2026-09-09 02:38:52,224 - VRAM Total = [140.4] GB
2026-09-09 02:38:52,224 - VRAM Used = [2.0] GB
2026-09-09 02:38:52,224 - 
2026-09-09 02:38:52,251 - Get SMARTINFO error, error=Expecting value: line 1 column 1 (char 0)
2026-09-09 02:38:52,251 - 
2026-09-09 02:38:52,251 - ================================================================================
2026-09-09 02:38:53,252 - DRAM Used + Cache + Buffer + Swap = 22.67 GB
2026-09-09 02:38:53,252 - DRAM Used + Cache + Buffer = 22.67 GB
2026-09-09 02:38:53,252 - DRAM Used = 19.78 GB
2026-09-09 02:38:53,252 - DRAM Swap = 0.0 GB
2026-09-09 02:38:53,252 - 
2026-09-09 02:38:53,458 - VRAM Total = [140.4] GB
2026-09-09 02:38:53,458 - VRAM Used = [2.0] GB
2026-09-09 02:38:53,458 - 
2026-09-09 02:38:53,483 - Get SMARTINFO error, error=Expecting value: line 1 column 1 (char 0)
2026-09-09 02:38:53,483 - 
2026-09-09 02:38:53,483 - ================================================================================
2026-09-09 02:38:54,484 - DRAM Used + Cache + Buffer + Swap = 22.67 GB
2026-09-09 02:38:54,484 - DRAM Used + Cache + Buffer = 22.67 GB
2026-09-09 02:38:54,485 - DRAM Used = 19.77 GB
2026-09-09 02:38:54,485 - DRAM Swap = 0.0 GB
2026-09-09 02:38:54,485 - 
2026-09-09 02:38:54,691 - VRAM Total = [140.4] GB
2026-09-09 02:38:54,691 - VRAM Used = [2.0] GB
2026-09-09 02:38:54,691 - 
2026-09-09 02:38:54,715 - Get SMARTINFO error, error=Expecting value: line 1 column 1 (char 0)
2026-09-09 02:38:54,716 - 
2026-09-09 02:38:54,716 - ================================================================================
2026-09-09 02:38:55,717 - DRAM Used + Cache + Buffer + Swap = 22.67 GB
2026-09-09 02:38:55,717 - DRAM Used + Cache + Buffer = 22.67 GB
2026-09-09 02:38:55,717 - DRAM Used = 19.77 GB
2026-09-09 02:38:55,717 - DRAM Swap = 0.0 GB
2026-09-09 02:38:55,717 - 
2026-09-09 02:38:55,923 - VRAM Total = [140.4] GB
2026-09-09 02:38:55,923 - VRAM Used = [2.0] GB
2026-09-09 02:38:55,923 - 
2026-09-09 02:38:55,946 - Get SMARTINFO error, error=Expecting value: line 1 column 1 (char 0)
2026-09-09 02:38:55,946 - 
2026-09-09 02:38:55,946 - ================================================================================
2026-09-09 02:38:56,947 - DRAM Used + Cache + Buffer + Swap = 22.67 GB
2026-09-09 02:38:56,947 - DRAM Used + Cache + Buffer = 22.67 GB
2026-09-09 02:38:56,947 - DRAM Used = 19.77 GB
2026-09-09 02:38:56,947 - DRAM Swap = 0.0 GB
2026-09-09 02:38:56,947 - 
2026-09-09 02:38:57,153 - VRAM Total = [140.4] GB
2026-09-09 02:38:57,153 - VRAM Used = [2.0] GB
2026-09-09 02:38:57,153 - 
2026-09-09 02:38:57,174 - Get SMARTINFO error, error=Expecting value: line 1 column 1 (char 0)
2026-09-09 02:38:57,174 - 
2026-09-09 02:38:57,174 - ================================================================================
2026-09-09 02:38:58,175 - DRAM Used + Cache + Buffer + Swap = 22.66 GB
2026-09-09 02:38:58,175 - DRAM Used + Cache + Buffer = 22.66 GB
2026-09-09 02:38:58,175 - DRAM Used = 19.77 GB
2026-09-09 02:38:58,175 - DRAM Swap = 0.0 GB
2026-09-09 02:38:58,175 - 
2026-09-09 02:38:58,382 - VRAM Total = [140.4] GB
2026-09-09 02:38:58,382 - VRAM Used = [2.0] GB
2026-09-09 02:38:58,382 - 
2026-09-09 02:38:58,403 - Get SMARTINFO error, error=Expecting value: line 1 column 1 (char 0)
2026-09-09 02:38:58,404 - 
2026-09-09 02:38:58,404 - ================================================================================
2026-09-09 02:38:59,405 - DRAM Used + Cache + Buffer + Swap = 22.66 GB
2026-09-09 02:38:59,405 - DRAM Used + Cache + Buffer = 22.66 GB
2026-09-09 02:38:59,405 - DRAM Used = 19.77 GB
2026-09-09 02:38:59,405 - DRAM Swap = 0.0 GB
2026-09-09 02:38:59,405 - 
2026-09-09 02:38:59,610 - VRAM Total = [140.4] GB
2026-09-09 02:38:59,611 - VRAM Used = [2.0] GB
2026-09-09 02:38:59,611 - 
2026-09-09 02:38:59,635 - Get SMARTINFO error, error=Expecting value: line 1 column 1 (char 0)
2026-09-09 02:38:59,635 - 
2026-09-09 02:38:59,635 - ================================================================================
2026-09-09 02:39:00,636 - DRAM Used + Cache + Buffer + Swap = 22.66 GB
2026-09-09 02:39:00,637 - DRAM Used + Cache + Buffer = 22.66 GB
2026-09-09 02:39:00,637 - DRAM Used = 19.77 GB
2026-09-09 02:39:00,637 - DRAM Swap = 0.0 GB
2026-09-09 02:39:00,637 - 
2026-09-09 02:39:00,842 - VRAM Total = [140.4] GB
2026-09-09 02:39:00,843 - VRAM Used = [2.0] GB
2026-09-09 02:39:00,843 - 
2026-09-09 02:39:00,868 - Get SMARTINFO error, error=Expecting value: line 1 column 1 (char 0)
2026-09-09 02:39:00,868 - 
2026-09-09 02:39:00,868 - ================================================================================
2026-09-09 02:39:01,869 - DRAM Used + Cache + Buffer + Swap = 22.66 GB
2026-09-09 02:39:01,870 - DRAM Used + Cache + Buffer = 22.66 GB
2026-09-09 02:39:01,870 - DRAM Used = 19.76 GB
2026-09-09 02:39:01,870 - DRAM Swap = 0.0 GB
2026-09-09 02:39:01,870 - 
2026-09-09 02:39:02,076 - VRAM Total = [140.4] GB
2026-09-09 02:39:02,076 - VRAM Used = [2.0] GB
2026-09-09 02:39:02,076 - 
2026-09-09 02:39:02,100 - Get SMARTINFO error, error=Expecting value: line 1 column 1 (char 0)
2026-09-09 02:39:02,100 - 
2026-09-09 02:39:02,100 - ================================================================================
2026-09-09 02:39:03,101 - DRAM Used + Cache + Buffer + Swap = 22.66 GB
2026-09-09 02:39:03,101 - DRAM Used + Cache + Buffer = 22.66 GB
2026-09-09 02:39:03,101 - DRAM Used = 19.76 GB
2026-09-09 02:39:03,101 - DRAM Swap = 0.0 GB
2026-09-09 02:39:03,101 - 
2026-09-09 02:39:03,307 - VRAM Total = [140.4] GB
2026-09-09 02:39:03,307 - VRAM Used = [2.0] GB
2026-09-09 02:39:03,307 - 
2026-09-09 02:39:03,330 - Get SMARTINFO error, error=Expecting value: line 1 column 1 (char 0)
2026-09-09 02:39:03,331 - 
2026-09-09 02:39:03,331 - ================================================================================
2026-09-09 02:39:04,332 - DRAM Used + Cache + Buffer + Swap = 22.66 GB
2026-09-09 02:39:04,332 - DRAM Used + Cache + Buffer = 22.66 GB
2026-09-09 02:39:04,332 - DRAM Used = 19.76 GB
2026-09-09 02:39:04,332 - DRAM Swap = 0.0 GB
2026-09-09 02:39:04,332 - 
2026-09-09 02:39:04,538 - VRAM Total = [140.4] GB
2026-09-09 02:39:04,538 - VRAM Used = [2.0] GB
2026-09-09 02:39:04,538 - 
2026-09-09 02:39:04,563 - Get SMARTINFO error, error=Expecting value: line 1 column 1 (char 0)
2026-09-09 02:39:04,563 - 
2026-09-09 02:39:04,564 - ================================================================================
2026-09-09 02:39:05,565 - DRAM Used + Cache + Buffer + Swap = 22.66 GB
2026-09-09 02:39:05,565 - DRAM Used + Cache + Buffer = 22.66 GB
2026-09-09 02:39:05,565 - DRAM Used = 19.76 GB
2026-09-09 02:39:05,565 - DRAM Swap = 0.0 GB
2026-09-09 02:39:05,565 - 
2026-09-09 02:39:05,772 - VRAM Total = [140.4] GB
2026-09-09 02:39:05,772 - VRAM Used = [2.0] GB
2026-09-09 02:39:05,772 - 
2026-09-09 02:39:05,795 - Get SMARTINFO error, error=Expecting value: line 1 column 1 (char 0)
2026-09-09 02:39:05,795 - 
2026-09-09 02:39:05,796 - ================================================================================
2026-09-09 02:39:06,797 - DRAM Used + Cache + Buffer + Swap = 22.66 GB
2026-09-09 02:39:06,797 - DRAM Used + Cache + Buffer = 22.66 GB
2026-09-09 02:39:06,797 - DRAM Used = 19.76 GB
2026-09-09 02:39:06,797 - DRAM Swap = 0.0 GB
2026-09-09 02:39:06,797 - 
2026-09-09 02:39:07,003 - VRAM Total = [140.4] GB
2026-09-09 02:39:07,003 - VRAM Used = [2.0] GB
2026-09-09 02:39:07,003 - 
2026-09-09 02:39:07,028 - Get SMARTINFO error, error=Expecting value: line 1 column 1 (char 0)
2026-09-09 02:39:07,029 - 
2026-09-09 02:39:07,029 - ================================================================================
2026-09-09 02:39:08,030 - DRAM Used + Cache + Buffer + Swap = 22.66 GB
2026-09-09 02:39:08,030 - DRAM Used + Cache + Buffer = 22.66 GB
2026-09-09 02:39:08,030 - DRAM Used = 19.76 GB
2026-09-09 02:39:08,030 - DRAM Swap = 0.0 GB
2026-09-09 02:39:08,030 - 
2026-09-09 02:39:08,236 - VRAM Total = [140.4] GB
2026-09-09 02:39:08,236 - VRAM Used = [2.0] GB
2026-09-09 02:39:08,236 - 
2026-09-09 02:39:08,261 - Get SMARTINFO error, error=Expecting value: line 1 column 1 (char 0)
2026-09-09 02:39:08,261 - 
2026-09-09 02:39:08,261 - ================================================================================
2026-09-09 02:39:09,262 - DRAM Used + Cache + Buffer + Swap = 22.65 GB
2026-09-09 02:39:09,262 - DRAM Used + Cache + Buffer = 22.65 GB
2026-09-09 02:39:09,262 - DRAM Used = 19.76 GB
2026-09-09 02:39:09,262 - DRAM Swap = 0.0 GB
2026-09-09 02:39:09,262 - 
2026-09-09 02:39:09,469 - VRAM Total = [140.4] GB
2026-09-09 02:39:09,469 - VRAM Used = [2.0] GB
2026-09-09 02:39:09,469 - 
2026-09-09 02:39:09,489 - Get SMARTINFO error, error=Expecting value: line 1 column 1 (char 0)
2026-09-09 02:39:09,489 - 
2026-09-09 02:39:09,489 - ================================================================================
2026-09-09 02:39:10,490 - DRAM Used + Cache + Buffer + Swap = 22.65 GB
2026-09-09 02:39:10,491 - DRAM Used + Cache + Buffer = 22.65 GB
2026-09-09 02:39:10,491 - DRAM Used = 19.76 GB
2026-09-09 02:39:10,491 - DRAM Swap = 0.0 GB
2026-09-09 02:39:10,491 - 
2026-09-09 02:39:10,696 - VRAM Total = [140.4] GB
2026-09-09 02:39:10,696 - VRAM Used = [2.0] GB
2026-09-09 02:39:10,696 - 
2026-09-09 02:39:10,718 - Get SMARTINFO error, error=Expecting value: line 1 column 1 (char 0)
2026-09-09 02:39:10,718 - 
2026-09-09 02:39:10,718 - ================================================================================
2026-09-09 02:39:11,719 - DRAM Used + Cache + Buffer + Swap = 22.66 GB
2026-09-09 02:39:11,720 - DRAM Used + Cache + Buffer = 22.66 GB
2026-09-09 02:39:11,720 - DRAM Used = 19.76 GB
2026-09-09 02:39:11,720 - DRAM Swap = 0.0 GB
2026-09-09 02:39:11,720 - 
2026-09-09 02:39:11,927 - VRAM Total = [140.4] GB
2026-09-09 02:39:11,927 - VRAM Used = [2.0] GB
2026-09-09 02:39:11,927 - 
2026-09-09 02:39:11,948 - Get SMARTINFO error, error=Expecting value: line 1 column 1 (char 0)
2026-09-09 02:39:11,949 - 
2026-09-09 02:39:11,949 - ================================================================================
2026-09-09 02:39:12,950 - DRAM Used + Cache + Buffer + Swap = 22.66 GB
2026-09-09 02:39:12,950 - DRAM Used + Cache + Buffer = 22.66 GB
2026-09-09 02:39:12,950 - DRAM Used = 19.76 GB
2026-09-09 02:39:12,950 - DRAM Swap = 0.0 GB
2026-09-09 02:39:12,950 - 
2026-09-09 02:39:13,156 - VRAM Total = [140.4] GB
2026-09-09 02:39:13,157 - VRAM Used = [2.0] GB
2026-09-09 02:39:13,157 - 
2026-09-09 02:39:13,184 - Get SMARTINFO error, error=Expecting value: line 1 column 1 (char 0)
2026-09-09 02:39:13,184 - 
2026-09-09 02:39:13,184 - ================================================================================
2026-09-09 02:39:14,185 - DRAM Used + Cache + Buffer + Swap = 22.66 GB
2026-09-09 02:39:14,185 - DRAM Used + Cache + Buffer = 22.66 GB
2026-09-09 02:39:14,185 - DRAM Used = 19.76 GB
2026-09-09 02:39:14,185 - DRAM Swap = 0.0 GB
2026-09-09 02:39:14,185 - 
2026-09-09 02:39:14,391 - VRAM Total = [140.4] GB
2026-09-09 02:39:14,391 - VRAM Used = [2.0] GB
2026-09-09 02:39:14,392 - 
2026-09-09 02:39:14,414 - Get SMARTINFO error, error=Expecting value: line 1 column 1 (char 0)
2026-09-09 02:39:14,414 - 
2026-09-09 02:39:14,414 - ================================================================================
2026-09-09 02:39:15,415 - DRAM Used + Cache + Buffer + Swap = 22.65 GB
2026-09-09 02:39:15,415 - DRAM Used + Cache + Buffer = 22.65 GB
2026-09-09 02:39:15,416 - DRAM Used = 19.76 GB
2026-09-09 02:39:15,416 - DRAM Swap = 0.0 GB
2026-09-09 02:39:15,416 - 
2026-09-09 02:39:15,621 - VRAM Total = [140.4] GB
2026-09-09 02:39:15,622 - VRAM Used = [2.0] GB
2026-09-09 02:39:15,622 - 
2026-09-09 02:39:15,644 - Get SMARTINFO error, error=Expecting value: line 1 column 1 (char 0)
2026-09-09 02:39:15,644 - 
2026-09-09 02:39:15,644 - ================================================================================
2026-09-09 02:39:16,645 - DRAM Used + Cache + Buffer + Swap = 22.65 GB
2026-09-09 02:39:16,645 - DRAM Used + Cache + Buffer = 22.65 GB
2026-09-09 02:39:16,645 - DRAM Used = 19.76 GB
2026-09-09 02:39:16,646 - DRAM Swap = 0.0 GB
2026-09-09 02:39:16,646 - 
2026-09-09 02:39:16,853 - VRAM Total = [140.4] GB
2026-09-09 02:39:16,853 - VRAM Used = [2.0] GB
2026-09-09 02:39:16,853 - 
2026-09-09 02:39:16,878 - Get SMARTINFO error, error=Expecting value: line 1 column 1 (char 0)
2026-09-09 02:39:16,878 - 
2026-09-09 02:39:16,878 - ================================================================================
2026-09-09 02:39:17,879 - DRAM Used + Cache + Buffer + Swap = 22.65 GB
2026-09-09 02:39:17,879 - DRAM Used + Cache + Buffer = 22.65 GB
2026-09-09 02:39:17,879 - DRAM Used = 19.75 GB
2026-09-09 02:39:17,879 - DRAM Swap = 0.0 GB
2026-09-09 02:39:17,879 - 
2026-09-09 02:39:18,086 - VRAM Total = [140.4] GB
2026-09-09 02:39:18,086 - VRAM Used = [2.0] GB
2026-09-09 02:39:18,086 - 
2026-09-09 02:39:18,110 - Get SMARTINFO error, error=Expecting value: line 1 column 1 (char 0)
2026-09-09 02:39:18,110 - 
2026-09-09 02:39:18,110 - ================================================================================
2026-09-09 02:39:19,111 - DRAM Used + Cache + Buffer + Swap = 22.65 GB
2026-09-09 02:39:19,111 - DRAM Used + Cache + Buffer = 22.65 GB
2026-09-09 02:39:19,111 - DRAM Used = 19.75 GB
2026-09-09 02:39:19,111 - DRAM Swap = 0.0 GB
2026-09-09 02:39:19,112 - 
2026-09-09 02:39:19,317 - VRAM Total = [140.4] GB
2026-09-09 02:39:19,318 - VRAM Used = [2.0] GB
2026-09-09 02:39:19,318 - 
2026-09-09 02:39:19,342 - Get SMARTINFO error, error=Expecting value: line 1 column 1 (char 0)
2026-09-09 02:39:19,342 - 
2026-09-09 02:39:19,342 - ================================================================================
2026-09-09 02:39:20,343 - DRAM Used + Cache + Buffer + Swap = 22.65 GB
2026-09-09 02:39:20,343 - DRAM Used + Cache + Buffer = 22.65 GB
2026-09-09 02:39:20,343 - DRAM Used = 19.75 GB
2026-09-09 02:39:20,343 - DRAM Swap = 0.0 GB
2026-09-09 02:39:20,343 - 
2026-09-09 02:39:20,549 - VRAM Total = [140.4] GB
2026-09-09 02:39:20,550 - VRAM Used = [2.0] GB
2026-09-09 02:39:20,550 - 
2026-09-09 02:39:20,571 - Get SMARTINFO error, error=Expecting value: line 1 column 1 (char 0)
2026-09-09 02:39:20,571 - 
2026-09-09 02:39:20,571 - ================================================================================
2026-09-09 02:39:21,572 - DRAM Used + Cache + Buffer + Swap = 22.65 GB
2026-09-09 02:39:21,573 - DRAM Used + Cache + Buffer = 22.65 GB
2026-09-09 02:39:21,573 - DRAM Used = 19.75 GB
2026-09-09 02:39:21,573 - DRAM Swap = 0.0 GB
2026-09-09 02:39:21,573 - 
2026-09-09 02:39:21,778 - VRAM Total = [140.4] GB
2026-09-09 02:39:21,779 - VRAM Used = [2.0] GB
2026-09-09 02:39:21,779 - 
2026-09-09 02:39:21,802 - Get SMARTINFO error, error=Expecting value: line 1 column 1 (char 0)
2026-09-09 02:39:21,802 - 
2026-09-09 02:39:21,802 - ================================================================================
2026-09-09 02:39:22,803 - DRAM Used + Cache + Buffer + Swap = 22.64 GB
2026-09-09 02:39:22,803 - DRAM Used + Cache + Buffer = 22.64 GB
2026-09-09 02:39:22,803 - DRAM Used = 19.75 GB
2026-09-09 02:39:22,803 - DRAM Swap = 0.0 GB
2026-09-09 02:39:22,803 - 
2026-09-09 02:39:23,009 - VRAM Total = [140.4] GB
2026-09-09 02:39:23,009 - VRAM Used = [2.0] GB
2026-09-09 02:39:23,009 - 
2026-09-09 02:39:23,035 - Get SMARTINFO error, error=Expecting value: line 1 column 1 (char 0)
2026-09-09 02:39:23,035 - 
2026-09-09 02:39:23,035 - ================================================================================
2026-09-09 02:39:24,036 - DRAM Used + Cache + Buffer + Swap = 22.64 GB
2026-09-09 02:39:24,036 - DRAM Used + Cache + Buffer = 22.64 GB
2026-09-09 02:39:24,036 - DRAM Used = 19.75 GB
2026-09-09 02:39:24,036 - DRAM Swap = 0.0 GB
2026-09-09 02:39:24,036 - 
2026-09-09 02:39:24,242 - VRAM Total = [140.4] GB
2026-09-09 02:39:24,243 - VRAM Used = [2.0] GB
2026-09-09 02:39:24,243 - 
2026-09-09 02:39:24,267 - Get SMARTINFO error, error=Expecting value: line 1 column 1 (char 0)
2026-09-09 02:39:24,267 - 
2026-09-09 02:39:24,267 - ================================================================================
2026-09-09 02:39:25,268 - DRAM Used + Cache + Buffer + Swap = 22.64 GB
2026-09-09 02:39:25,269 - DRAM Used + Cache + Buffer = 22.64 GB
2026-09-09 02:39:25,269 - DRAM Used = 19.75 GB
2026-09-09 02:39:25,269 - DRAM Swap = 0.0 GB
2026-09-09 02:39:25,269 - 
2026-09-09 02:39:25,475 - VRAM Total = [140.4] GB
2026-09-09 02:39:25,475 - VRAM Used = [2.0] GB
2026-09-09 02:39:25,475 - 
2026-09-09 02:39:25,496 - Get SMARTINFO error, error=Expecting value: line 1 column 1 (char 0)
2026-09-09 02:39:25,496 - 
2026-09-09 02:39:25,496 - ================================================================================
2026-09-09 02:39:26,497 - DRAM Used + Cache + Buffer + Swap = 22.64 GB
2026-09-09 02:39:26,497 - DRAM Used + Cache + Buffer = 22.64 GB
2026-09-09 02:39:26,497 - DRAM Used = 19.74 GB
2026-09-09 02:39:26,497 - DRAM Swap = 0.0 GB
2026-09-09 02:39:26,497 - 
2026-09-09 02:39:26,704 - VRAM Total = [140.4] GB
2026-09-09 02:39:26,704 - VRAM Used = [2.0] GB
2026-09-09 02:39:26,704 - 
2026-09-09 02:39:26,727 - Get SMARTINFO error, error=Expecting value: line 1 column 1 (char 0)
2026-09-09 02:39:26,728 - 
2026-09-09 02:39:26,728 - ================================================================================
2026-09-09 02:39:27,729 - DRAM Used + Cache + Buffer + Swap = 22.64 GB
2026-09-09 02:39:27,729 - DRAM Used + Cache + Buffer = 22.64 GB
2026-09-09 02:39:27,729 - DRAM Used = 19.74 GB
2026-09-09 02:39:27,729 - DRAM Swap = 0.0 GB
2026-09-09 02:39:27,729 - 
2026-09-09 02:39:27,936 - VRAM Total = [140.4] GB
2026-09-09 02:39:27,936 - VRAM Used = [2.0] GB
2026-09-09 02:39:27,936 - 
2026-09-09 02:39:27,961 - Get SMARTINFO error, error=Expecting value: line 1 column 1 (char 0)
2026-09-09 02:39:27,961 - 
2026-09-09 02:39:27,961 - ================================================================================
2026-09-09 02:39:28,962 - DRAM Used + Cache + Buffer + Swap = 22.64 GB
2026-09-09 02:39:28,963 - DRAM Used + Cache + Buffer = 22.64 GB
2026-09-09 02:39:28,963 - DRAM Used = 19.74 GB
2026-09-09 02:39:28,963 - DRAM Swap = 0.0 GB
2026-09-09 02:39:28,963 - 
2026-09-09 02:39:29,168 - VRAM Total = [140.4] GB
2026-09-09 02:39:29,169 - VRAM Used = [2.0] GB
2026-09-09 02:39:29,169 - 
2026-09-09 02:39:29,195 - Get SMARTINFO error, error=Expecting value: line 1 column 1 (char 0)
2026-09-09 02:39:29,196 - 
2026-09-09 02:39:29,196 - ================================================================================
2026-09-09 02:39:30,197 - DRAM Used + Cache + Buffer + Swap = 22.64 GB
2026-09-09 02:39:30,197 - DRAM Used + Cache + Buffer = 22.64 GB
2026-09-09 02:39:30,197 - DRAM Used = 19.74 GB
2026-09-09 02:39:30,197 - DRAM Swap = 0.0 GB
2026-09-09 02:39:30,197 - 
2026-09-09 02:39:30,403 - VRAM Total = [140.4] GB
2026-09-09 02:39:30,404 - VRAM Used = [2.0] GB
2026-09-09 02:39:30,404 - 
2026-09-09 02:39:30,428 - Get SMARTINFO error, error=Expecting value: line 1 column 1 (char 0)
2026-09-09 02:39:30,429 - 
2026-09-09 02:39:30,429 - ================================================================================
2026-09-09 02:39:31,430 - DRAM Used + Cache + Buffer + Swap = 22.64 GB
2026-09-09 02:39:31,430 - DRAM Used + Cache + Buffer = 22.64 GB
2026-09-09 02:39:31,430 - DRAM Used = 19.74 GB
2026-09-09 02:39:31,430 - DRAM Swap = 0.0 GB
2026-09-09 02:39:31,430 - 
2026-09-09 02:39:31,636 - VRAM Total = [140.4] GB
2026-09-09 02:39:31,636 - VRAM Used = [2.0] GB
2026-09-09 02:39:31,636 - 
2026-09-09 02:39:31,660 - Get SMARTINFO error, error=Expecting value: line 1 column 1 (char 0)
2026-09-09 02:39:31,661 - 
2026-09-09 02:39:31,661 - ================================================================================
2026-09-09 02:39:32,662 - DRAM Used + Cache + Buffer + Swap = 22.63 GB
2026-09-09 02:39:32,662 - DRAM Used + Cache + Buffer = 22.63 GB
2026-09-09 02:39:32,662 - DRAM Used = 19.74 GB
2026-09-09 02:39:32,662 - DRAM Swap = 0.0 GB
2026-09-09 02:39:32,662 - 
2026-09-09 02:39:32,868 - VRAM Total = [140.4] GB
2026-09-09 02:39:32,868 - VRAM Used = [2.0] GB
2026-09-09 02:39:32,868 - 
2026-09-09 02:39:32,892 - Get SMARTINFO error, error=Expecting value: line 1 column 1 (char 0)
2026-09-09 02:39:32,892 - 
2026-09-09 02:39:32,892 - ================================================================================
2026-09-09 02:39:33,893 - DRAM Used + Cache + Buffer + Swap = 22.63 GB
2026-09-09 02:39:33,894 - DRAM Used + Cache + Buffer = 22.63 GB
2026-09-09 02:39:33,894 - DRAM Used = 19.74 GB
2026-09-09 02:39:33,894 - DRAM Swap = 0.0 GB
2026-09-09 02:39:33,894 - 
2026-09-09 02:39:34,100 - VRAM Total = [140.4] GB
2026-09-09 02:39:34,100 - VRAM Used = [2.0] GB
2026-09-09 02:39:34,100 - 
2026-09-09 02:39:34,124 - Get SMARTINFO error, error=Expecting value: line 1 column 1 (char 0)
2026-09-09 02:39:34,124 - 
2026-09-09 02:39:34,124 - ================================================================================
2026-09-09 02:39:35,125 - DRAM Used + Cache + Buffer + Swap = 22.63 GB
2026-09-09 02:39:35,125 - DRAM Used + Cache + Buffer = 22.63 GB
2026-09-09 02:39:35,125 - DRAM Used = 19.74 GB
2026-09-09 02:39:35,125 - DRAM Swap = 0.0 GB
2026-09-09 02:39:35,125 - 
2026-09-09 02:39:35,331 - VRAM Total = [140.4] GB
2026-09-09 02:39:35,331 - VRAM Used = [2.0] GB
2026-09-09 02:39:35,332 - 
2026-09-09 02:39:35,356 - Get SMARTINFO error, error=Expecting value: line 1 column 1 (char 0)
2026-09-09 02:39:35,356 - 
2026-09-09 02:39:35,356 - ================================================================================
2026-09-09 02:39:36,357 - DRAM Used + Cache + Buffer + Swap = 22.63 GB
2026-09-09 02:39:36,357 - DRAM Used + Cache + Buffer = 22.63 GB
2026-09-09 02:39:36,357 - DRAM Used = 19.73 GB
2026-09-09 02:39:36,357 - DRAM Swap = 0.0 GB
2026-09-09 02:39:36,357 - 
2026-09-09 02:39:36,564 - VRAM Total = [140.4] GB
2026-09-09 02:39:36,564 - VRAM Used = [2.0] GB
2026-09-09 02:39:36,564 - 
2026-09-09 02:39:36,589 - Get SMARTINFO error, error=Expecting value: line 1 column 1 (char 0)
2026-09-09 02:39:36,590 - 
2026-09-09 02:39:36,590 - ================================================================================
2026-09-09 02:39:37,591 - DRAM Used + Cache + Buffer + Swap = 22.63 GB
2026-09-09 02:39:37,591 - DRAM Used + Cache + Buffer = 22.63 GB
2026-09-09 02:39:37,591 - DRAM Used = 19.73 GB
2026-09-09 02:39:37,591 - DRAM Swap = 0.0 GB
2026-09-09 02:39:37,591 - 
2026-09-09 02:39:37,797 - VRAM Total = [140.4] GB
2026-09-09 02:39:37,797 - VRAM Used = [2.0] GB
2026-09-09 02:39:37,797 - 
2026-09-09 02:39:37,821 - Get SMARTINFO error, error=Expecting value: line 1 column 1 (char 0)
2026-09-09 02:39:37,821 - 
2026-09-09 02:39:37,821 - ================================================================================
2026-09-09 02:39:38,822 - DRAM Used + Cache + Buffer + Swap = 22.63 GB
2026-09-09 02:39:38,823 - DRAM Used + Cache + Buffer = 22.63 GB
2026-09-09 02:39:38,823 - DRAM Used = 19.73 GB
2026-09-09 02:39:38,823 - DRAM Swap = 0.0 GB
2026-09-09 02:39:38,823 - 
2026-09-09 02:39:39,028 - VRAM Total = [140.4] GB
2026-09-09 02:39:39,029 - VRAM Used = [2.0] GB
2026-09-09 02:39:39,029 - 
2026-09-09 02:39:39,051 - Get SMARTINFO error, error=Expecting value: line 1 column 1 (char 0)
2026-09-09 02:39:39,051 - 
2026-09-09 02:39:39,052 - ================================================================================
2026-09-09 02:39:40,053 - DRAM Used + Cache + Buffer + Swap = 22.66 GB
2026-09-09 02:39:40,053 - DRAM Used + Cache + Buffer = 22.66 GB
2026-09-09 02:39:40,053 - DRAM Used = 19.76 GB
2026-09-09 02:39:40,053 - DRAM Swap = 0.0 GB
2026-09-09 02:39:40,053 - 
2026-09-09 02:39:40,259 - VRAM Total = [140.4] GB
2026-09-09 02:39:40,259 - VRAM Used = [2.0] GB
2026-09-09 02:39:40,259 - 
2026-09-09 02:39:40,285 - Get SMARTINFO error, error=Expecting value: line 1 column 1 (char 0)
2026-09-09 02:39:40,286 - 
2026-09-09 02:39:40,286 - ================================================================================
2026-09-09 02:39:41,287 - DRAM Used + Cache + Buffer + Swap = 22.66 GB
2026-09-09 02:39:41,287 - DRAM Used + Cache + Buffer = 22.66 GB
2026-09-09 02:39:41,287 - DRAM Used = 19.76 GB
2026-09-09 02:39:41,287 - DRAM Swap = 0.0 GB
2026-09-09 02:39:41,288 - 
2026-09-09 02:39:41,494 - VRAM Total = [140.4] GB
2026-09-09 02:39:41,495 - VRAM Used = [2.0] GB
2026-09-09 02:39:41,495 - 
2026-09-09 02:39:41,518 - Get SMARTINFO error, error=Expecting value: line 1 column 1 (char 0)
2026-09-09 02:39:41,518 - 
2026-09-09 02:39:41,518 - ================================================================================
2026-09-09 02:39:42,519 - DRAM Used + Cache + Buffer + Swap = 22.66 GB
2026-09-09 02:39:42,520 - DRAM Used + Cache + Buffer = 22.66 GB
2026-09-09 02:39:42,520 - DRAM Used = 19.76 GB
2026-09-09 02:39:42,520 - DRAM Swap = 0.0 GB
2026-09-09 02:39:42,520 - 
2026-09-09 02:39:42,726 - VRAM Total = [140.4] GB
2026-09-09 02:39:42,726 - VRAM Used = [2.0] GB
2026-09-09 02:39:42,726 - 
2026-09-09 02:39:42,749 - Get SMARTINFO error, error=Expecting value: line 1 column 1 (char 0)
2026-09-09 02:39:42,750 - 
2026-09-09 02:39:42,750 - ================================================================================
2026-09-09 02:39:43,751 - DRAM Used + Cache + Buffer + Swap = 22.66 GB
2026-09-09 02:39:43,751 - DRAM Used + Cache + Buffer = 22.66 GB
2026-09-09 02:39:43,751 - DRAM Used = 19.76 GB
2026-09-09 02:39:43,751 - DRAM Swap = 0.0 GB
2026-09-09 02:39:43,751 - 
2026-09-09 02:39:43,957 - VRAM Total = [140.4] GB
2026-09-09 02:39:43,957 - VRAM Used = [2.0] GB
2026-09-09 02:39:43,957 - 
2026-09-09 02:39:43,981 - Get SMARTINFO error, error=Expecting value: line 1 column 1 (char 0)
2026-09-09 02:39:43,981 - 
2026-09-09 02:39:43,981 - ================================================================================
2026-09-09 02:39:44,982 - DRAM Used + Cache + Buffer + Swap = 22.66 GB
2026-09-09 02:39:44,982 - DRAM Used + Cache + Buffer = 22.66 GB
2026-09-09 02:39:44,982 - DRAM Used = 19.75 GB
2026-09-09 02:39:44,983 - DRAM Swap = 0.0 GB
2026-09-09 02:39:44,983 - 
2026-09-09 02:39:45,188 - VRAM Total = [140.4] GB
2026-09-09 02:39:45,188 - VRAM Used = [2.0] GB
2026-09-09 02:39:45,188 - 
2026-09-09 02:39:45,216 - Get SMARTINFO error, error=Expecting value: line 1 column 1 (char 0)
2026-09-09 02:39:45,216 - 
2026-09-09 02:39:45,216 - ================================================================================
2026-09-09 02:39:46,218 - DRAM Used + Cache + Buffer + Swap = 22.65 GB
2026-09-09 02:39:46,218 - DRAM Used + Cache + Buffer = 22.65 GB
2026-09-09 02:39:46,218 - DRAM Used = 19.75 GB
2026-09-09 02:39:46,219 - DRAM Swap = 0.0 GB
2026-09-09 02:39:46,219 - 
2026-09-09 02:39:46,425 - VRAM Total = [140.4] GB
2026-09-09 02:39:46,426 - VRAM Used = [2.0] GB
2026-09-09 02:39:46,426 - 
2026-09-09 02:39:46,449 - Get SMARTINFO error, error=Expecting value: line 1 column 1 (char 0)
2026-09-09 02:39:46,449 - 
2026-09-09 02:39:46,449 - ================================================================================
2026-09-09 02:39:47,450 - DRAM Used + Cache + Buffer + Swap = 22.65 GB
2026-09-09 02:39:47,450 - DRAM Used + Cache + Buffer = 22.65 GB
2026-09-09 02:39:47,450 - DRAM Used = 19.75 GB
2026-09-09 02:39:47,450 - DRAM Swap = 0.0 GB
2026-09-09 02:39:47,450 - 
2026-09-09 02:39:47,656 - VRAM Total = [140.4] GB
2026-09-09 02:39:47,656 - VRAM Used = [2.0] GB
2026-09-09 02:39:47,656 - 
2026-09-09 02:39:47,681 - Get SMARTINFO error, error=Expecting value: line 1 column 1 (char 0)
2026-09-09 02:39:47,682 - 
2026-09-09 02:39:47,682 - ================================================================================
2026-09-09 02:39:48,683 - DRAM Used + Cache + Buffer + Swap = 22.65 GB
2026-09-09 02:39:48,683 - DRAM Used + Cache + Buffer = 22.65 GB
2026-09-09 02:39:48,683 - DRAM Used = 19.75 GB
2026-09-09 02:39:48,683 - DRAM Swap = 0.0 GB
2026-09-09 02:39:48,683 - 
2026-09-09 02:39:48,889 - VRAM Total = [140.4] GB
2026-09-09 02:39:48,889 - VRAM Used = [2.0] GB
2026-09-09 02:39:48,889 - 
2026-09-09 02:39:48,912 - Get SMARTINFO error, error=Expecting value: line 1 column 1 (char 0)
2026-09-09 02:39:48,913 - 
2026-09-09 02:39:48,913 - ================================================================================
2026-09-09 02:39:49,914 - DRAM Used + Cache + Buffer + Swap = 22.65 GB
2026-09-09 02:39:49,914 - DRAM Used + Cache + Buffer = 22.65 GB
2026-09-09 02:39:49,914 - DRAM Used = 19.74 GB
2026-09-09 02:39:49,914 - DRAM Swap = 0.0 GB
2026-09-09 02:39:49,914 - 
2026-09-09 02:39:50,120 - VRAM Total = [140.4] GB
2026-09-09 02:39:50,120 - VRAM Used = [2.0] GB
2026-09-09 02:39:50,120 - 
2026-09-09 02:39:50,145 - Get SMARTINFO error, error=Expecting value: line 1 column 1 (char 0)
2026-09-09 02:39:50,146 - 
2026-09-09 02:39:50,146 - ================================================================================
2026-09-09 02:39:51,147 - DRAM Used + Cache + Buffer + Swap = 22.65 GB
2026-09-09 02:39:51,147 - DRAM Used + Cache + Buffer = 22.65 GB
2026-09-09 02:39:51,147 - DRAM Used = 19.74 GB
2026-09-09 02:39:51,147 - DRAM Swap = 0.0 GB
2026-09-09 02:39:51,147 - 
2026-09-09 02:39:51,354 - VRAM Total = [140.4] GB
2026-09-09 02:39:51,354 - VRAM Used = [2.0] GB
2026-09-09 02:39:51,354 - 
2026-09-09 02:39:51,376 - Get SMARTINFO error, error=Expecting value: line 1 column 1 (char 0)
2026-09-09 02:39:51,376 - 
2026-09-09 02:39:51,376 - ================================================================================
2026-09-09 02:39:52,377 - DRAM Used + Cache + Buffer + Swap = 22.65 GB
2026-09-09 02:39:52,377 - DRAM Used + Cache + Buffer = 22.65 GB
2026-09-09 02:39:52,377 - DRAM Used = 19.74 GB
2026-09-09 02:39:52,377 - DRAM Swap = 0.0 GB
2026-09-09 02:39:52,378 - 
2026-09-09 02:39:52,583 - VRAM Total = [140.4] GB
2026-09-09 02:39:52,584 - VRAM Used = [2.0] GB
2026-09-09 02:39:52,584 - 
2026-09-09 02:39:52,607 - Get SMARTINFO error, error=Expecting value: line 1 column 1 (char 0)
2026-09-09 02:39:52,608 - 
2026-09-09 02:39:52,608 - ================================================================================
2026-09-09 02:39:53,609 - DRAM Used + Cache + Buffer + Swap = 22.64 GB
2026-09-09 02:39:53,609 - DRAM Used + Cache + Buffer = 22.64 GB
2026-09-09 02:39:53,609 - DRAM Used = 19.74 GB
2026-09-09 02:39:53,609 - DRAM Swap = 0.0 GB
2026-09-09 02:39:53,609 - 
2026-09-09 02:39:53,815 - VRAM Total = [140.4] GB
2026-09-09 02:39:53,815 - VRAM Used = [2.0] GB
2026-09-09 02:39:53,816 - 
2026-09-09 02:39:53,839 - Get SMARTINFO error, error=Expecting value: line 1 column 1 (char 0)
2026-09-09 02:39:53,839 - 
2026-09-09 02:39:53,839 - ================================================================================
2026-09-09 02:39:54,841 - DRAM Used + Cache + Buffer + Swap = 22.64 GB
2026-09-09 02:39:54,841 - DRAM Used + Cache + Buffer = 22.64 GB
2026-09-09 02:39:54,841 - DRAM Used = 19.74 GB
2026-09-09 02:39:54,841 - DRAM Swap = 0.0 GB
2026-09-09 02:39:54,841 - 
2026-09-09 02:39:55,048 - VRAM Total = [140.4] GB
2026-09-09 02:39:55,048 - VRAM Used = [2.0] GB
2026-09-09 02:39:55,048 - 
2026-09-09 02:39:55,074 - Get SMARTINFO error, error=Expecting value: line 1 column 1 (char 0)
2026-09-09 02:39:55,074 - 
2026-09-09 02:39:55,074 - ================================================================================
2026-09-09 02:39:56,075 - DRAM Used + Cache + Buffer + Swap = 22.64 GB
2026-09-09 02:39:56,075 - DRAM Used + Cache + Buffer = 22.64 GB
2026-09-09 02:39:56,075 - DRAM Used = 19.74 GB
2026-09-09 02:39:56,075 - DRAM Swap = 0.0 GB
2026-09-09 02:39:56,075 - 
2026-09-09 02:39:56,281 - VRAM Total = [140.4] GB
2026-09-09 02:39:56,281 - VRAM Used = [2.0] GB
2026-09-09 02:39:56,281 - 
2026-09-09 02:39:56,306 - Get SMARTINFO error, error=Expecting value: line 1 column 1 (char 0)
2026-09-09 02:39:56,306 - 
2026-09-09 02:39:56,306 - ================================================================================
2026-09-09 02:39:57,307 - DRAM Used + Cache + Buffer + Swap = 22.64 GB
2026-09-09 02:39:57,307 - DRAM Used + Cache + Buffer = 22.64 GB
2026-09-09 02:39:57,307 - DRAM Used = 19.74 GB
2026-09-09 02:39:57,307 - DRAM Swap = 0.0 GB
2026-09-09 02:39:57,307 - 
2026-09-09 02:39:57,513 - VRAM Total = [140.4] GB
2026-09-09 02:39:57,513 - VRAM Used = [2.0] GB
2026-09-09 02:39:57,513 - 
2026-09-09 02:39:57,537 - Get SMARTINFO error, error=Expecting value: line 1 column 1 (char 0)
2026-09-09 02:39:57,537 - 
2026-09-09 02:39:57,537 - ================================================================================
2026-09-09 02:39:58,538 - DRAM Used + Cache + Buffer + Swap = 22.64 GB
2026-09-09 02:39:58,538 - DRAM Used + Cache + Buffer = 22.64 GB
2026-09-09 02:39:58,538 - DRAM Used = 19.74 GB
2026-09-09 02:39:58,538 - DRAM Swap = 0.0 GB
2026-09-09 02:39:58,538 - 
2026-09-09 02:39:58,744 - VRAM Total = [140.4] GB
2026-09-09 02:39:58,744 - VRAM Used = [2.0] GB
2026-09-09 02:39:58,744 - 
2026-09-09 02:39:58,768 - Get SMARTINFO error, error=Expecting value: line 1 column 1 (char 0)
2026-09-09 02:39:58,768 - 
2026-09-09 02:39:58,768 - ================================================================================
2026-09-09 02:39:59,769 - DRAM Used + Cache + Buffer + Swap = 22.66 GB
2026-09-09 02:39:59,769 - DRAM Used + Cache + Buffer = 22.66 GB
2026-09-09 02:39:59,770 - DRAM Used = 19.75 GB
2026-09-09 02:39:59,770 - DRAM Swap = 0.0 GB
2026-09-09 02:39:59,770 - 
2026-09-09 02:39:59,977 - VRAM Total = [140.4] GB
2026-09-09 02:39:59,977 - VRAM Used = [2.0] GB
2026-09-09 02:39:59,977 - 
2026-09-09 02:40:00,001 - Get SMARTINFO error, error=Expecting value: line 1 column 1 (char 0)
2026-09-09 02:40:00,002 - 
2026-09-09 02:40:00,002 - ================================================================================
2026-09-09 02:40:01,003 - DRAM Used + Cache + Buffer + Swap = 22.67 GB
2026-09-09 02:40:01,003 - DRAM Used + Cache + Buffer = 22.67 GB
2026-09-09 02:40:01,003 - DRAM Used = 19.76 GB
2026-09-09 02:40:01,004 - DRAM Swap = 0.0 GB
2026-09-09 02:40:01,004 - 
2026-09-09 02:40:01,212 - VRAM Total = [140.4] GB
2026-09-09 02:40:01,212 - VRAM Used = [2.0] GB
2026-09-09 02:40:01,213 - 
2026-09-09 02:40:01,239 - Get SMARTINFO error, error=Expecting value: line 1 column 1 (char 0)
2026-09-09 02:40:01,239 - 
2026-09-09 02:40:01,239 - ================================================================================
2026-09-09 02:40:02,240 - DRAM Used + Cache + Buffer + Swap = 22.67 GB
2026-09-09 02:40:02,240 - DRAM Used + Cache + Buffer = 22.67 GB
2026-09-09 02:40:02,240 - DRAM Used = 19.76 GB
2026-09-09 02:40:02,241 - DRAM Swap = 0.0 GB
2026-09-09 02:40:02,241 - 
2026-09-09 02:40:02,447 - VRAM Total = [140.4] GB
2026-09-09 02:40:02,447 - VRAM Used = [2.0] GB
2026-09-09 02:40:02,447 - 
2026-09-09 02:40:02,473 - Get SMARTINFO error, error=Expecting value: line 1 column 1 (char 0)
2026-09-09 02:40:02,473 - 
2026-09-09 02:40:02,473 - ================================================================================
2026-09-09 02:40:03,474 - DRAM Used + Cache + Buffer + Swap = 22.91 GB
2026-09-09 02:40:03,474 - DRAM Used + Cache + Buffer = 22.91 GB
2026-09-09 02:40:03,474 - DRAM Used = 20.0 GB
2026-09-09 02:40:03,474 - DRAM Swap = 0.0 GB
2026-09-09 02:40:03,474 - 
2026-09-09 02:40:03,681 - VRAM Total = [140.4] GB
2026-09-09 02:40:03,681 - VRAM Used = [2.0] GB
2026-09-09 02:40:03,681 - 
2026-09-09 02:40:03,709 - Get SMARTINFO error, error=Expecting value: line 1 column 1 (char 0)
2026-09-09 02:40:03,709 - 
2026-09-09 02:40:03,709 - ================================================================================
2026-09-09 02:40:04,710 - DRAM Used + Cache + Buffer + Swap = 27.05 GB
2026-09-09 02:40:04,710 - DRAM Used + Cache + Buffer = 27.05 GB
2026-09-09 02:40:04,710 - DRAM Used = 24.14 GB
2026-09-09 02:40:04,710 - DRAM Swap = 0.0 GB
2026-09-09 02:40:04,710 - 
2026-09-09 02:40:04,917 - VRAM Total = [140.4] GB
2026-09-09 02:40:04,917 - VRAM Used = [2.0] GB
2026-09-09 02:40:04,917 - 
2026-09-09 02:40:04,943 - Get SMARTINFO error, error=Expecting value: line 1 column 1 (char 0)
2026-09-09 02:40:04,943 - 
2026-09-09 02:40:04,943 - ================================================================================
2026-09-09 02:40:05,944 - DRAM Used + Cache + Buffer + Swap = 29.71 GB
2026-09-09 02:40:05,945 - DRAM Used + Cache + Buffer = 29.71 GB
2026-09-09 02:40:05,945 - DRAM Used = 25.75 GB
2026-09-09 02:40:05,945 - DRAM Swap = 0.0 GB
2026-09-09 02:40:05,945 - 
2026-09-09 02:40:06,149 - VRAM Total = [140.4] GB
2026-09-09 02:40:06,149 - VRAM Used = [2.01] GB
2026-09-09 02:40:06,149 - 
2026-09-09 02:40:06,169 - Get SMARTINFO error, error=Expecting value: line 1 column 1 (char 0)
2026-09-09 02:40:06,169 - 
2026-09-09 02:40:06,169 - ================================================================================
2026-09-09 02:40:07,171 - DRAM Used + Cache + Buffer + Swap = 31.88 GB
2026-09-09 02:40:07,171 - DRAM Used + Cache + Buffer = 31.88 GB
2026-09-09 02:40:07,171 - DRAM Used = 25.72 GB
2026-09-09 02:40:07,171 - DRAM Swap = 0.0 GB
2026-09-09 02:40:07,171 - 
2026-09-09 02:40:07,379 - VRAM Total = [140.4] GB
2026-09-09 02:40:07,379 - VRAM Used = [2.01] GB
2026-09-09 02:40:07,379 - 
2026-09-09 02:40:07,407 - Get SMARTINFO error, error=Expecting value: line 1 column 1 (char 0)
2026-09-09 02:40:07,407 - 
2026-09-09 02:40:07,407 - ================================================================================
2026-09-09 02:40:08,409 - DRAM Used + Cache + Buffer + Swap = 33.84 GB
2026-09-09 02:40:08,409 - DRAM Used + Cache + Buffer = 33.84 GB
2026-09-09 02:40:08,409 - DRAM Used = 25.72 GB
2026-09-09 02:40:08,409 - DRAM Swap = 0.0 GB
2026-09-09 02:40:08,409 - 
2026-09-09 02:40:08,616 - VRAM Total = [140.4] GB
2026-09-09 02:40:08,617 - VRAM Used = [2.01] GB
2026-09-09 02:40:08,617 - 
2026-09-09 02:40:08,642 - Get SMARTINFO error, error=Expecting value: line 1 column 1 (char 0)
2026-09-09 02:40:08,642 - 
2026-09-09 02:40:08,642 - ================================================================================
2026-09-09 02:40:09,644 - DRAM Used + Cache + Buffer + Swap = 36.03 GB
2026-09-09 02:40:09,644 - DRAM Used + Cache + Buffer = 36.03 GB
2026-09-09 02:40:09,644 - DRAM Used = 25.72 GB
2026-09-09 02:40:09,644 - DRAM Swap = 0.0 GB
2026-09-09 02:40:09,644 - 
2026-09-09 02:40:09,852 - VRAM Total = [140.4] GB
2026-09-09 02:40:09,852 - VRAM Used = [2.01] GB
2026-09-09 02:40:09,852 - 
2026-09-09 02:40:09,874 - Get SMARTINFO error, error=Expecting value: line 1 column 1 (char 0)
2026-09-09 02:40:09,874 - 
2026-09-09 02:40:09,874 - ================================================================================
2026-09-09 02:40:10,875 - DRAM Used + Cache + Buffer + Swap = 37.99 GB
2026-09-09 02:40:10,876 - DRAM Used + Cache + Buffer = 37.99 GB
2026-09-09 02:40:10,876 - DRAM Used = 25.72 GB
2026-09-09 02:40:10,876 - DRAM Swap = 0.0 GB
2026-09-09 02:40:10,876 - 
2026-09-09 02:40:11,084 - VRAM Total = [140.4] GB
2026-09-09 02:40:11,084 - VRAM Used = [2.01] GB
2026-09-09 02:40:11,084 - 
2026-09-09 02:40:11,103 - Get SMARTINFO error, error=Expecting value: line 1 column 1 (char 0)
2026-09-09 02:40:11,103 - 
2026-09-09 02:40:11,103 - ================================================================================
2026-09-09 02:40:12,105 - DRAM Used + Cache + Buffer + Swap = 40.21 GB
2026-09-09 02:40:12,105 - DRAM Used + Cache + Buffer = 40.21 GB
2026-09-09 02:40:12,105 - DRAM Used = 25.71 GB
2026-09-09 02:40:12,105 - DRAM Swap = 0.0 GB
2026-09-09 02:40:12,105 - 
2026-09-09 02:40:12,312 - VRAM Total = [140.4] GB
2026-09-09 02:40:12,312 - VRAM Used = [2.01] GB
2026-09-09 02:40:12,312 - 
2026-09-09 02:40:12,334 - Get SMARTINFO error, error=Expecting value: line 1 column 1 (char 0)
2026-09-09 02:40:12,334 - 
2026-09-09 02:40:12,334 - ================================================================================
2026-09-09 02:40:13,335 - DRAM Used + Cache + Buffer + Swap = 42.09 GB
2026-09-09 02:40:13,336 - DRAM Used + Cache + Buffer = 42.09 GB
2026-09-09 02:40:13,336 - DRAM Used = 25.76 GB
2026-09-09 02:40:13,336 - DRAM Swap = 0.0 GB
2026-09-09 02:40:13,336 - 
2026-09-09 02:40:13,543 - VRAM Total = [140.4] GB
2026-09-09 02:40:13,544 - VRAM Used = [2.01] GB
2026-09-09 02:40:13,544 - 
2026-09-09 02:40:13,569 - Get SMARTINFO error, error=Expecting value: line 1 column 1 (char 0)
2026-09-09 02:40:13,569 - 
2026-09-09 02:40:13,570 - ================================================================================
2026-09-09 02:40:14,571 - DRAM Used + Cache + Buffer + Swap = 42.82 GB
2026-09-09 02:40:14,571 - DRAM Used + Cache + Buffer = 42.82 GB
2026-09-09 02:40:14,571 - DRAM Used = 26.48 GB
2026-09-09 02:40:14,571 - DRAM Swap = 0.0 GB
2026-09-09 02:40:14,571 - 
2026-09-09 02:40:14,778 - VRAM Total = [140.4] GB
2026-09-09 02:40:14,778 - VRAM Used = [2.01] GB
2026-09-09 02:40:14,778 - 
2026-09-09 02:40:14,803 - Get SMARTINFO error, error=Expecting value: line 1 column 1 (char 0)
2026-09-09 02:40:14,803 - 
2026-09-09 02:40:14,803 - ================================================================================
2026-09-09 02:40:15,804 - DRAM Used + Cache + Buffer + Swap = 43.53 GB
2026-09-09 02:40:15,804 - DRAM Used + Cache + Buffer = 43.53 GB
2026-09-09 02:40:15,804 - DRAM Used = 27.2 GB
2026-09-09 02:40:15,804 - DRAM Swap = 0.0 GB
2026-09-09 02:40:15,804 - 
2026-09-09 02:40:16,010 - VRAM Total = [140.4] GB
2026-09-09 02:40:16,010 - VRAM Used = [2.01] GB
2026-09-09 02:40:16,010 - 
2026-09-09 02:40:16,034 - Get SMARTINFO error, error=Expecting value: line 1 column 1 (char 0)
2026-09-09 02:40:16,034 - 
2026-09-09 02:40:16,034 - ================================================================================
2026-09-09 02:40:17,035 - DRAM Used + Cache + Buffer + Swap = 43.92 GB
2026-09-09 02:40:17,035 - DRAM Used + Cache + Buffer = 43.92 GB
2026-09-09 02:40:17,035 - DRAM Used = 27.59 GB
2026-09-09 02:40:17,035 - DRAM Swap = 0.0 GB
2026-09-09 02:40:17,035 - 
2026-09-09 02:40:17,241 - VRAM Total = [140.4] GB
2026-09-09 02:40:17,241 - VRAM Used = [2.01] GB
2026-09-09 02:40:17,242 - 
2026-09-09 02:40:17,266 - Get SMARTINFO error, error=Expecting value: line 1 column 1 (char 0)
2026-09-09 02:40:17,266 - 
2026-09-09 02:40:17,266 - ================================================================================
2026-09-09 02:40:18,267 - DRAM Used + Cache + Buffer + Swap = 43.92 GB
2026-09-09 02:40:18,267 - DRAM Used + Cache + Buffer = 43.92 GB
2026-09-09 02:40:18,267 - DRAM Used = 27.59 GB
2026-09-09 02:40:18,267 - DRAM Swap = 0.0 GB
2026-09-09 02:40:18,267 - 
2026-09-09 02:40:18,473 - VRAM Total = [140.4] GB
2026-09-09 02:40:18,473 - VRAM Used = [2.01] GB
2026-09-09 02:40:18,473 - 
2026-09-09 02:40:18,495 - Get SMARTINFO error, error=Expecting value: line 1 column 1 (char 0)
2026-09-09 02:40:18,495 - 
2026-09-09 02:40:18,495 - ================================================================================
2026-09-09 02:40:19,496 - DRAM Used + Cache + Buffer + Swap = 43.92 GB
2026-09-09 02:40:19,497 - DRAM Used + Cache + Buffer = 43.92 GB
2026-09-09 02:40:19,497 - DRAM Used = 27.59 GB
2026-09-09 02:40:19,497 - DRAM Swap = 0.0 GB
2026-09-09 02:40:19,497 - 
2026-09-09 02:40:19,702 - VRAM Total = [140.4] GB
2026-09-09 02:40:19,703 - VRAM Used = [2.01] GB
2026-09-09 02:40:19,703 - 
2026-09-09 02:40:19,726 - Get SMARTINFO error, error=Expecting value: line 1 column 1 (char 0)
2026-09-09 02:40:19,726 - 
2026-09-09 02:40:19,726 - ================================================================================
2026-09-09 02:40:20,727 - DRAM Used + Cache + Buffer + Swap = 43.92 GB
2026-09-09 02:40:20,727 - DRAM Used + Cache + Buffer = 43.92 GB
2026-09-09 02:40:20,727 - DRAM Used = 27.59 GB
2026-09-09 02:40:20,727 - DRAM Swap = 0.0 GB
2026-09-09 02:40:20,728 - 
2026-09-09 02:40:20,933 - VRAM Total = [140.4] GB
2026-09-09 02:40:20,933 - VRAM Used = [2.01] GB
2026-09-09 02:40:20,933 - 
2026-09-09 02:40:20,958 - Get SMARTINFO error, error=Expecting value: line 1 column 1 (char 0)
2026-09-09 02:40:20,958 - 
2026-09-09 02:40:20,958 - ================================================================================
2026-09-09 02:40:21,959 - DRAM Used + Cache + Buffer + Swap = 43.92 GB
2026-09-09 02:40:21,960 - DRAM Used + Cache + Buffer = 43.92 GB
2026-09-09 02:40:21,960 - DRAM Used = 27.59 GB
2026-09-09 02:40:21,960 - DRAM Swap = 0.0 GB
2026-09-09 02:40:21,960 - 
2026-09-09 02:40:22,166 - VRAM Total = [140.4] GB
2026-09-09 02:40:22,166 - VRAM Used = [2.01] GB
2026-09-09 02:40:22,166 - 
2026-09-09 02:40:22,193 - Get SMARTINFO error, error=Expecting value: line 1 column 1 (char 0)
2026-09-09 02:40:22,193 - 
2026-09-09 02:40:22,193 - ================================================================================
2026-09-09 02:40:23,194 - DRAM Used + Cache + Buffer + Swap = 43.92 GB
2026-09-09 02:40:23,195 - DRAM Used + Cache + Buffer = 43.92 GB
2026-09-09 02:40:23,195 - DRAM Used = 27.59 GB
2026-09-09 02:40:23,195 - DRAM Swap = 0.0 GB
2026-09-09 02:40:23,195 - 
2026-09-09 02:40:23,401 - VRAM Total = [140.4] GB
2026-09-09 02:40:23,401 - VRAM Used = [2.01] GB
2026-09-09 02:40:23,401 - 
2026-09-09 02:40:23,428 - Get SMARTINFO error, error=Expecting value: line 1 column 1 (char 0)
2026-09-09 02:40:23,428 - 
2026-09-09 02:40:23,428 - ================================================================================
2026-09-09 02:40:24,429 - DRAM Used + Cache + Buffer + Swap = 43.92 GB
2026-09-09 02:40:24,429 - DRAM Used + Cache + Buffer = 43.92 GB
2026-09-09 02:40:24,430 - DRAM Used = 27.59 GB
2026-09-09 02:40:24,430 - DRAM Swap = 0.0 GB
2026-09-09 02:40:24,430 - 
2026-09-09 02:40:24,636 - VRAM Total = [140.4] GB
2026-09-09 02:40:24,636 - VRAM Used = [2.01] GB
2026-09-09 02:40:24,636 - 
2026-09-09 02:40:24,661 - Get SMARTINFO error, error=Expecting value: line 1 column 1 (char 0)
2026-09-09 02:40:24,661 - 
2026-09-09 02:40:24,661 - ================================================================================
2026-09-09 02:40:25,662 - DRAM Used + Cache + Buffer + Swap = 43.92 GB
2026-09-09 02:40:25,662 - DRAM Used + Cache + Buffer = 43.92 GB
2026-09-09 02:40:25,662 - DRAM Used = 27.59 GB
2026-09-09 02:40:25,662 - DRAM Swap = 0.0 GB
2026-09-09 02:40:25,662 - 
2026-09-09 02:40:25,868 - VRAM Total = [140.4] GB
2026-09-09 02:40:25,868 - VRAM Used = [2.01] GB
2026-09-09 02:40:25,868 - 
2026-09-09 02:40:25,892 - Get SMARTINFO error, error=Expecting value: line 1 column 1 (char 0)
2026-09-09 02:40:25,892 - 
2026-09-09 02:40:25,892 - ================================================================================
2026-09-09 02:40:26,893 - DRAM Used + Cache + Buffer + Swap = 43.92 GB
2026-09-09 02:40:26,893 - DRAM Used + Cache + Buffer = 43.92 GB
2026-09-09 02:40:26,893 - DRAM Used = 27.59 GB
2026-09-09 02:40:26,893 - DRAM Swap = 0.0 GB
2026-09-09 02:40:26,893 - 
2026-09-09 02:40:27,099 - VRAM Total = [140.4] GB
2026-09-09 02:40:27,099 - VRAM Used = [2.01] GB
2026-09-09 02:40:27,099 - 
2026-09-09 02:40:27,125 - Get SMARTINFO error, error=Expecting value: line 1 column 1 (char 0)
2026-09-09 02:40:27,125 - 
2026-09-09 02:40:27,125 - ================================================================================
2026-09-09 02:40:28,126 - DRAM Used + Cache + Buffer + Swap = 43.92 GB
2026-09-09 02:40:28,126 - DRAM Used + Cache + Buffer = 43.92 GB
2026-09-09 02:40:28,126 - DRAM Used = 27.59 GB
2026-09-09 02:40:28,126 - DRAM Swap = 0.0 GB
2026-09-09 02:40:28,126 - 
2026-09-09 02:40:28,332 - VRAM Total = [140.4] GB
2026-09-09 02:40:28,332 - VRAM Used = [2.01] GB
2026-09-09 02:40:28,332 - 
2026-09-09 02:40:28,360 - Get SMARTINFO error, error=Expecting value: line 1 column 1 (char 0)
2026-09-09 02:40:28,360 - 
2026-09-09 02:40:28,360 - ================================================================================
2026-09-09 02:40:29,361 - DRAM Used + Cache + Buffer + Swap = 43.92 GB
2026-09-09 02:40:29,361 - DRAM Used + Cache + Buffer = 43.92 GB
2026-09-09 02:40:29,361 - DRAM Used = 27.59 GB
2026-09-09 02:40:29,361 - DRAM Swap = 0.0 GB
2026-09-09 02:40:29,361 - 
2026-09-09 02:40:29,566 - VRAM Total = [140.4] GB
2026-09-09 02:40:29,567 - VRAM Used = [2.01] GB
2026-09-09 02:40:29,567 - 
2026-09-09 02:40:29,589 - Get SMARTINFO error, error=Expecting value: line 1 column 1 (char 0)
2026-09-09 02:40:29,590 - 
2026-09-09 02:40:29,590 - ================================================================================
2026-09-09 02:40:30,591 - DRAM Used + Cache + Buffer + Swap = 43.92 GB
2026-09-09 02:40:30,591 - DRAM Used + Cache + Buffer = 43.92 GB
2026-09-09 02:40:30,591 - DRAM Used = 27.59 GB
2026-09-09 02:40:30,591 - DRAM Swap = 0.0 GB
2026-09-09 02:40:30,591 - 
2026-09-09 02:40:30,796 - VRAM Total = [140.4] GB
2026-09-09 02:40:30,797 - VRAM Used = [2.01] GB
2026-09-09 02:40:30,797 - 
2026-09-09 02:40:30,821 - Get SMARTINFO error, error=Expecting value: line 1 column 1 (char 0)
2026-09-09 02:40:30,821 - 
2026-09-09 02:40:30,821 - ================================================================================
2026-09-09 02:40:31,822 - DRAM Used + Cache + Buffer + Swap = 45.79 GB
2026-09-09 02:40:31,823 - DRAM Used + Cache + Buffer = 45.79 GB
2026-09-09 02:40:31,823 - DRAM Used = 27.58 GB
2026-09-09 02:40:31,823 - DRAM Swap = 0.0 GB
2026-09-09 02:40:31,823 - 
2026-09-09 02:40:32,030 - VRAM Total = [140.4] GB
2026-09-09 02:40:32,031 - VRAM Used = [2.01] GB
2026-09-09 02:40:32,031 - 
2026-09-09 02:40:32,057 - Get SMARTINFO error, error=Expecting value: line 1 column 1 (char 0)
2026-09-09 02:40:32,057 - 
2026-09-09 02:40:32,057 - ================================================================================
2026-09-09 02:40:33,059 - DRAM Used + Cache + Buffer + Swap = 45.18 GB
2026-09-09 02:40:33,059 - DRAM Used + Cache + Buffer = 45.18 GB
2026-09-09 02:40:33,059 - DRAM Used = 25.8 GB
2026-09-09 02:40:33,059 - DRAM Swap = 0.0 GB
2026-09-09 02:40:33,059 - 
2026-09-09 02:40:33,267 - VRAM Total = [140.4] GB
2026-09-09 02:40:33,267 - VRAM Used = [2.01] GB
2026-09-09 02:40:33,268 - 
2026-09-09 02:40:33,292 - Get SMARTINFO error, error=Expecting value: line 1 column 1 (char 0)
2026-09-09 02:40:33,292 - 
2026-09-09 02:40:33,292 - ================================================================================
2026-09-09 02:40:34,293 - DRAM Used + Cache + Buffer + Swap = 46.22 GB
2026-09-09 02:40:34,294 - DRAM Used + Cache + Buffer = 46.22 GB
2026-09-09 02:40:34,294 - DRAM Used = 25.77 GB
2026-09-09 02:40:34,294 - DRAM Swap = 0.0 GB
2026-09-09 02:40:34,294 - 
2026-09-09 02:40:34,501 - VRAM Total = [140.4] GB
2026-09-09 02:40:34,501 - VRAM Used = [2.01] GB
2026-09-09 02:40:34,501 - 
2026-09-09 02:40:34,526 - Get SMARTINFO error, error=Expecting value: line 1 column 1 (char 0)
2026-09-09 02:40:34,526 - 
2026-09-09 02:40:34,527 - ================================================================================
2026-09-09 02:40:35,527 - DRAM Used + Cache + Buffer + Swap = 46.61 GB
2026-09-09 02:40:35,527 - DRAM Used + Cache + Buffer = 46.61 GB
2026-09-09 02:40:35,527 - DRAM Used = 25.74 GB
2026-09-09 02:40:35,527 - DRAM Swap = 0.0 GB
2026-09-09 02:40:35,527 - 
2026-09-09 02:40:35,731 - VRAM Total = [140.4] GB
2026-09-09 02:40:35,731 - VRAM Used = [2.01] GB
2026-09-09 02:40:35,731 - 
2026-09-09 02:40:35,752 - Get SMARTINFO error, error=Expecting value: line 1 column 1 (char 0)
2026-09-09 02:40:35,752 - 
2026-09-09 02:40:35,752 - ================================================================================
2026-09-09 02:40:36,753 - DRAM Used + Cache + Buffer + Swap = 48.24 GB
2026-09-09 02:40:36,753 - DRAM Used + Cache + Buffer = 48.24 GB
2026-09-09 02:40:36,753 - DRAM Used = 25.73 GB
2026-09-09 02:40:36,753 - DRAM Swap = 0.0 GB
2026-09-09 02:40:36,753 - 
2026-09-09 02:40:36,961 - VRAM Total = [140.4] GB
2026-09-09 02:40:36,961 - VRAM Used = [2.01] GB
2026-09-09 02:40:36,961 - 
2026-09-09 02:40:36,984 - Get SMARTINFO error, error=Expecting value: line 1 column 1 (char 0)
2026-09-09 02:40:36,984 - 
2026-09-09 02:40:36,984 - ================================================================================
2026-09-09 02:40:37,985 - DRAM Used + Cache + Buffer + Swap = 50.32 GB
2026-09-09 02:40:37,986 - DRAM Used + Cache + Buffer = 50.32 GB
2026-09-09 02:40:37,986 - DRAM Used = 25.73 GB
2026-09-09 02:40:37,986 - DRAM Swap = 0.0 GB
2026-09-09 02:40:37,986 - 
2026-09-09 02:40:38,195 - VRAM Total = [140.4] GB
2026-09-09 02:40:38,195 - VRAM Used = [2.01] GB
2026-09-09 02:40:38,195 - 
2026-09-09 02:40:38,218 - Get SMARTINFO error, error=Expecting value: line 1 column 1 (char 0)
2026-09-09 02:40:38,219 - 
2026-09-09 02:40:38,219 - ================================================================================
2026-09-09 02:40:39,220 - DRAM Used + Cache + Buffer + Swap = 51.25 GB
2026-09-09 02:40:39,220 - DRAM Used + Cache + Buffer = 51.25 GB
2026-09-09 02:40:39,220 - DRAM Used = 25.74 GB
2026-09-09 02:40:39,220 - DRAM Swap = 0.0 GB
2026-09-09 02:40:39,220 - 
2026-09-09 02:40:39,426 - VRAM Total = [140.4] GB
2026-09-09 02:40:39,426 - VRAM Used = [2.01] GB
2026-09-09 02:40:39,427 - 
2026-09-09 02:40:39,455 - Get SMARTINFO error, error=Expecting value: line 1 column 1 (char 0)
2026-09-09 02:40:39,455 - 
2026-09-09 02:40:39,455 - ================================================================================
2026-09-09 02:40:40,457 - DRAM Used + Cache + Buffer + Swap = 59.87 GB
2026-09-09 02:40:40,457 - DRAM Used + Cache + Buffer = 59.87 GB
2026-09-09 02:40:40,457 - DRAM Used = 34.35 GB
2026-09-09 02:40:40,457 - DRAM Swap = 0.0 GB
2026-09-09 02:40:40,457 - 
2026-09-09 02:40:40,664 - VRAM Total = [140.4] GB
2026-09-09 02:40:40,664 - VRAM Used = [2.01] GB
2026-09-09 02:40:40,665 - 
2026-09-09 02:40:40,690 - Get SMARTINFO error, error=Expecting value: line 1 column 1 (char 0)
2026-09-09 02:40:40,690 - 
2026-09-09 02:40:40,690 - ================================================================================
2026-09-09 02:40:41,691 - DRAM Used + Cache + Buffer + Swap = 61.63 GB
2026-09-09 02:40:41,691 - DRAM Used + Cache + Buffer = 61.63 GB
2026-09-09 02:40:41,691 - DRAM Used = 36.12 GB
2026-09-09 02:40:41,692 - DRAM Swap = 0.0 GB
2026-09-09 02:40:41,692 - 
2026-09-09 02:40:41,898 - VRAM Total = [140.4] GB
2026-09-09 02:40:41,899 - VRAM Used = [2.02] GB
2026-09-09 02:40:41,899 - 
2026-09-09 02:40:41,917 - Get SMARTINFO error, error=Expecting value: line 1 column 1 (char 0)
2026-09-09 02:40:41,917 - 
2026-09-09 02:40:41,917 - ================================================================================
2026-09-09 02:40:42,919 - DRAM Used + Cache + Buffer + Swap = 58.98 GB
2026-09-09 02:40:42,919 - DRAM Used + Cache + Buffer = 58.98 GB
2026-09-09 02:40:42,919 - DRAM Used = 33.46 GB
2026-09-09 02:40:42,919 - DRAM Swap = 0.0 GB
2026-09-09 02:40:42,919 - 
2026-09-09 02:40:43,127 - VRAM Total = [140.4] GB
2026-09-09 02:40:43,128 - VRAM Used = [2.02] GB
2026-09-09 02:40:43,128 - 
2026-09-09 02:40:43,153 - Get SMARTINFO error, error=Expecting value: line 1 column 1 (char 0)
2026-09-09 02:40:43,153 - 
2026-09-09 02:40:43,153 - ================================================================================
2026-09-09 02:40:44,154 - DRAM Used + Cache + Buffer + Swap = 58.5 GB
2026-09-09 02:40:44,154 - DRAM Used + Cache + Buffer = 58.5 GB
2026-09-09 02:40:44,154 - DRAM Used = 32.99 GB
2026-09-09 02:40:44,154 - DRAM Swap = 0.0 GB
2026-09-09 02:40:44,154 - 
2026-09-09 02:40:44,361 - VRAM Total = [140.4] GB
2026-09-09 02:40:44,362 - VRAM Used = [2.02] GB
2026-09-09 02:40:44,362 - 
2026-09-09 02:40:44,388 - Get SMARTINFO error, error=Expecting value: line 1 column 1 (char 0)
2026-09-09 02:40:44,388 - 
2026-09-09 02:40:44,388 - ================================================================================
2026-09-09 02:40:45,390 - DRAM Used + Cache + Buffer + Swap = 58.56 GB
2026-09-09 02:40:45,390 - DRAM Used + Cache + Buffer = 58.56 GB
2026-09-09 02:40:45,390 - DRAM Used = 33.05 GB
2026-09-09 02:40:45,390 - DRAM Swap = 0.0 GB
2026-09-09 02:40:45,391 - 
2026-09-09 02:40:45,598 - VRAM Total = [140.4] GB
2026-09-09 02:40:45,599 - VRAM Used = [2.02] GB
2026-09-09 02:40:45,599 - 
2026-09-09 02:40:45,628 - Get SMARTINFO error, error=Expecting value: line 1 column 1 (char 0)
2026-09-09 02:40:45,629 - 
2026-09-09 02:40:45,629 - ================================================================================
2026-09-09 02:40:46,630 - DRAM Used + Cache + Buffer + Swap = 58.79 GB
2026-09-09 02:40:46,631 - DRAM Used + Cache + Buffer = 58.79 GB
2026-09-09 02:40:46,631 - DRAM Used = 33.27 GB
2026-09-09 02:40:46,631 - DRAM Swap = 0.0 GB
2026-09-09 02:40:46,631 - 
2026-09-09 02:40:46,839 - VRAM Total = [140.4] GB
2026-09-09 02:40:46,839 - VRAM Used = [2.02] GB
2026-09-09 02:40:46,839 - 
2026-09-09 02:40:46,864 - Get SMARTINFO error, error=Expecting value: line 1 column 1 (char 0)
2026-09-09 02:40:46,864 - 
2026-09-09 02:40:46,865 - ================================================================================
2026-09-09 02:40:47,866 - DRAM Used + Cache + Buffer + Swap = 58.7 GB
2026-09-09 02:40:47,866 - DRAM Used + Cache + Buffer = 58.7 GB
2026-09-09 02:40:47,866 - DRAM Used = 33.18 GB
2026-09-09 02:40:47,866 - DRAM Swap = 0.0 GB
2026-09-09 02:40:47,866 - 
2026-09-09 02:40:48,073 - VRAM Total = [140.4] GB
2026-09-09 02:40:48,074 - VRAM Used = [2.02] GB
2026-09-09 02:40:48,074 - 
2026-09-09 02:40:48,099 - Get SMARTINFO error, error=Expecting value: line 1 column 1 (char 0)
2026-09-09 02:40:48,099 - 
2026-09-09 02:40:48,099 - ================================================================================
2026-09-09 02:40:49,100 - DRAM Used + Cache + Buffer + Swap = 58.71 GB
2026-09-09 02:40:49,100 - DRAM Used + Cache + Buffer = 58.71 GB
2026-09-09 02:40:49,100 - DRAM Used = 33.19 GB
2026-09-09 02:40:49,100 - DRAM Swap = 0.0 GB
2026-09-09 02:40:49,100 - 
2026-09-09 02:40:49,306 - VRAM Total = [140.4] GB
2026-09-09 02:40:49,307 - VRAM Used = [2.02] GB
2026-09-09 02:40:49,307 - 
2026-09-09 02:40:49,334 - Get SMARTINFO error, error=Expecting value: line 1 column 1 (char 0)
2026-09-09 02:40:49,334 - 
2026-09-09 02:40:49,334 - ================================================================================
2026-09-09 02:40:50,336 - DRAM Used + Cache + Buffer + Swap = 58.44 GB
2026-09-09 02:40:50,336 - DRAM Used + Cache + Buffer = 58.44 GB
2026-09-09 02:40:50,336 - DRAM Used = 32.92 GB
2026-09-09 02:40:50,336 - DRAM Swap = 0.0 GB
2026-09-09 02:40:50,336 - 
2026-09-09 02:40:50,545 - VRAM Total = [140.4] GB
2026-09-09 02:40:50,546 - VRAM Used = [2.02] GB
2026-09-09 02:40:50,546 - 
2026-09-09 02:40:50,573 - Get SMARTINFO error, error=Expecting value: line 1 column 1 (char 0)
2026-09-09 02:40:50,573 - 
2026-09-09 02:40:50,573 - ================================================================================
2026-09-09 02:40:51,574 - DRAM Used + Cache + Buffer + Swap = 58.32 GB
2026-09-09 02:40:51,575 - DRAM Used + Cache + Buffer = 58.32 GB
2026-09-09 02:40:51,575 - DRAM Used = 32.8 GB
2026-09-09 02:40:51,575 - DRAM Swap = 0.0 GB
2026-09-09 02:40:51,575 - 
2026-09-09 02:40:51,782 - VRAM Total = [140.4] GB
2026-09-09 02:40:51,782 - VRAM Used = [2.02] GB
2026-09-09 02:40:51,782 - 
2026-09-09 02:40:51,803 - Get SMARTINFO error, error=Expecting value: line 1 column 1 (char 0)
2026-09-09 02:40:51,803 - 
2026-09-09 02:40:51,803 - ================================================================================
2026-09-09 02:40:52,804 - DRAM Used + Cache + Buffer + Swap = 58.71 GB
2026-09-09 02:40:52,804 - DRAM Used + Cache + Buffer = 58.71 GB
2026-09-09 02:40:52,804 - DRAM Used = 33.19 GB
2026-09-09 02:40:52,804 - DRAM Swap = 0.0 GB
2026-09-09 02:40:52,804 - 
2026-09-09 02:40:53,010 - VRAM Total = [140.4] GB
2026-09-09 02:40:53,010 - VRAM Used = [2.02] GB
2026-09-09 02:40:53,010 - 
2026-09-09 02:40:53,026 - Get SMARTINFO error, error=Expecting value: line 1 column 1 (char 0)
2026-09-09 02:40:53,027 - 
2026-09-09 02:40:53,027 - ================================================================================
2026-09-09 02:40:54,028 - DRAM Used + Cache + Buffer + Swap = 58.43 GB
2026-09-09 02:40:54,029 - DRAM Used + Cache + Buffer = 58.43 GB
2026-09-09 02:40:54,029 - DRAM Used = 32.91 GB
2026-09-09 02:40:54,029 - DRAM Swap = 0.0 GB
2026-09-09 02:40:54,029 - 
2026-09-09 02:40:54,240 - VRAM Total = [140.4] GB
2026-09-09 02:40:54,240 - VRAM Used = [2.02] GB
2026-09-09 02:40:54,240 - 
2026-09-09 02:40:54,269 - Get SMARTINFO error, error=Expecting value: line 1 column 1 (char 0)
2026-09-09 02:40:54,269 - 
2026-09-09 02:40:54,269 - ================================================================================
2026-09-09 02:40:55,270 - DRAM Used + Cache + Buffer + Swap = 58.99 GB
2026-09-09 02:40:55,271 - DRAM Used + Cache + Buffer = 58.99 GB
2026-09-09 02:40:55,271 - DRAM Used = 33.47 GB
2026-09-09 02:40:55,271 - DRAM Swap = 0.0 GB
2026-09-09 02:40:55,271 - 
2026-09-09 02:40:55,480 - VRAM Total = [140.4] GB
2026-09-09 02:40:55,480 - VRAM Used = [2.02] GB
2026-09-09 02:40:55,480 - 
2026-09-09 02:40:55,509 - Get SMARTINFO error, error=Expecting value: line 1 column 1 (char 0)
2026-09-09 02:40:55,509 - 
2026-09-09 02:40:55,509 - ================================================================================
2026-09-09 02:40:56,511 - DRAM Used + Cache + Buffer + Swap = 58.81 GB
2026-09-09 02:40:56,511 - DRAM Used + Cache + Buffer = 58.81 GB
2026-09-09 02:40:56,511 - DRAM Used = 33.29 GB
2026-09-09 02:40:56,511 - DRAM Swap = 0.0 GB
2026-09-09 02:40:56,511 - 
2026-09-09 02:40:56,720 - VRAM Total = [140.4] GB
2026-09-09 02:40:56,720 - VRAM Used = [2.02] GB
2026-09-09 02:40:56,721 - 
2026-09-09 02:40:56,746 - Get SMARTINFO error, error=Expecting value: line 1 column 1 (char 0)
2026-09-09 02:40:56,746 - 
2026-09-09 02:40:56,746 - ================================================================================
2026-09-09 02:40:57,747 - DRAM Used + Cache + Buffer + Swap = 58.85 GB
2026-09-09 02:40:57,748 - DRAM Used + Cache + Buffer = 58.85 GB
2026-09-09 02:40:57,748 - DRAM Used = 33.32 GB
2026-09-09 02:40:57,748 - DRAM Swap = 0.0 GB
2026-09-09 02:40:57,748 - 
2026-09-09 02:40:57,957 - VRAM Total = [140.4] GB
2026-09-09 02:40:57,957 - VRAM Used = [2.02] GB
2026-09-09 02:40:57,957 - 
2026-09-09 02:40:57,980 - Get SMARTINFO error, error=Expecting value: line 1 column 1 (char 0)
2026-09-09 02:40:57,981 - 
2026-09-09 02:40:57,981 - ================================================================================
2026-09-09 02:40:58,981 - DRAM Used + Cache + Buffer + Swap = 58.32 GB
2026-09-09 02:40:58,982 - DRAM Used + Cache + Buffer = 58.32 GB
2026-09-09 02:40:58,982 - DRAM Used = 32.8 GB
2026-09-09 02:40:58,982 - DRAM Swap = 0.0 GB
2026-09-09 02:40:58,982 - 
2026-09-09 02:40:59,187 - VRAM Total = [140.4] GB
2026-09-09 02:40:59,187 - VRAM Used = [2.02] GB
2026-09-09 02:40:59,187 - 
2026-09-09 02:40:59,213 - Get SMARTINFO error, error=Expecting value: line 1 column 1 (char 0)
2026-09-09 02:40:59,213 - 
2026-09-09 02:40:59,213 - ================================================================================
2026-09-09 02:41:00,215 - DRAM Used + Cache + Buffer + Swap = 58.54 GB
2026-09-09 02:41:00,215 - DRAM Used + Cache + Buffer = 58.54 GB
2026-09-09 02:41:00,215 - DRAM Used = 33.02 GB
2026-09-09 02:41:00,215 - DRAM Swap = 0.0 GB
2026-09-09 02:41:00,215 - 
2026-09-09 02:41:00,425 - VRAM Total = [140.4] GB
2026-09-09 02:41:00,425 - VRAM Used = [2.02] GB
2026-09-09 02:41:00,425 - 
2026-09-09 02:41:00,447 - Get SMARTINFO error, error=Expecting value: line 1 column 1 (char 0)
2026-09-09 02:41:00,447 - 
2026-09-09 02:41:00,447 - ================================================================================
2026-09-09 02:41:01,449 - DRAM Used + Cache + Buffer + Swap = 58.22 GB
2026-09-09 02:41:01,449 - DRAM Used + Cache + Buffer = 58.22 GB
2026-09-09 02:41:01,449 - DRAM Used = 32.7 GB
2026-09-09 02:41:01,449 - DRAM Swap = 0.0 GB
2026-09-09 02:41:01,449 - 
2026-09-09 02:41:01,658 - VRAM Total = [140.4] GB
2026-09-09 02:41:01,659 - VRAM Used = [2.02] GB
2026-09-09 02:41:01,659 - 
2026-09-09 02:41:01,688 - Get SMARTINFO error, error=Expecting value: line 1 column 1 (char 0)
2026-09-09 02:41:01,689 - 
2026-09-09 02:41:01,689 - ================================================================================
2026-09-09 02:41:02,690 - DRAM Used + Cache + Buffer + Swap = 58.66 GB
2026-09-09 02:41:02,690 - DRAM Used + Cache + Buffer = 58.66 GB
2026-09-09 02:41:02,690 - DRAM Used = 33.13 GB
2026-09-09 02:41:02,690 - DRAM Swap = 0.0 GB
2026-09-09 02:41:02,690 - 
2026-09-09 02:41:02,899 - VRAM Total = [140.4] GB
2026-09-09 02:41:02,899 - VRAM Used = [2.02] GB
2026-09-09 02:41:02,899 - 
2026-09-09 02:41:02,927 - Get SMARTINFO error, error=Expecting value: line 1 column 1 (char 0)
2026-09-09 02:41:02,927 - 
2026-09-09 02:41:02,927 - ================================================================================
2026-09-09 02:41:03,929 - DRAM Used + Cache + Buffer + Swap = 58.37 GB
2026-09-09 02:41:03,929 - DRAM Used + Cache + Buffer = 58.37 GB
2026-09-09 02:41:03,930 - DRAM Used = 32.85 GB
2026-09-09 02:41:03,930 - DRAM Swap = 0.0 GB
2026-09-09 02:41:03,930 - 
2026-09-09 02:41:04,141 - VRAM Total = [140.4] GB
2026-09-09 02:41:04,141 - VRAM Used = [2.02] GB
2026-09-09 02:41:04,141 - 
2026-09-09 02:41:04,168 - Get SMARTINFO error, error=Expecting value: line 1 column 1 (char 0)
2026-09-09 02:41:04,168 - 
2026-09-09 02:41:04,168 - ================================================================================
2026-09-09 02:41:05,169 - DRAM Used + Cache + Buffer + Swap = 58.05 GB
2026-09-09 02:41:05,170 - DRAM Used + Cache + Buffer = 58.05 GB
2026-09-09 02:41:05,170 - DRAM Used = 32.52 GB
2026-09-09 02:41:05,170 - DRAM Swap = 0.0 GB
2026-09-09 02:41:05,170 - 
2026-09-09 02:41:05,380 - VRAM Total = [140.4] GB
2026-09-09 02:41:05,380 - VRAM Used = [2.02] GB
2026-09-09 02:41:05,380 - 
2026-09-09 02:41:05,408 - Get SMARTINFO error, error=Expecting value: line 1 column 1 (char 0)
2026-09-09 02:41:05,408 - 
2026-09-09 02:41:05,408 - ================================================================================
2026-09-09 02:41:06,410 - DRAM Used + Cache + Buffer + Swap = 58.39 GB
2026-09-09 02:41:06,410 - DRAM Used + Cache + Buffer = 58.39 GB
2026-09-09 02:41:06,410 - DRAM Used = 32.86 GB
2026-09-09 02:41:06,410 - DRAM Swap = 0.0 GB
2026-09-09 02:41:06,410 - 
2026-09-09 02:41:06,620 - VRAM Total = [140.4] GB
2026-09-09 02:41:06,620 - VRAM Used = [2.02] GB
2026-09-09 02:41:06,620 - 
2026-09-09 02:41:06,638 - Get SMARTINFO error, error=Expecting value: line 1 column 1 (char 0)
2026-09-09 02:41:06,638 - 
2026-09-09 02:41:06,638 - ================================================================================
2026-09-09 02:41:07,638 - DRAM Used + Cache + Buffer + Swap = 58.19 GB
2026-09-09 02:41:07,639 - DRAM Used + Cache + Buffer = 58.19 GB
2026-09-09 02:41:07,639 - DRAM Used = 32.57 GB
2026-09-09 02:41:07,639 - DRAM Swap = 0.0 GB
2026-09-09 02:41:07,639 - 
2026-09-09 02:41:07,845 - VRAM Total = [140.4] GB
2026-09-09 02:41:07,845 - VRAM Used = [4.03] GB
2026-09-09 02:41:07,845 - 
2026-09-09 02:41:07,868 - Get SMARTINFO error, error=Expecting value: line 1 column 1 (char 0)
2026-09-09 02:41:07,868 - 
2026-09-09 02:41:07,868 - ================================================================================
2026-09-09 02:41:08,869 - DRAM Used + Cache + Buffer + Swap = 58.57 GB
2026-09-09 02:41:08,869 - DRAM Used + Cache + Buffer = 58.57 GB
2026-09-09 02:41:08,869 - DRAM Used = 32.68 GB
2026-09-09 02:41:08,869 - DRAM Swap = 0.0 GB
2026-09-09 02:41:08,869 - 
2026-09-09 02:41:09,074 - VRAM Total = [140.4] GB
2026-09-09 02:41:09,074 - VRAM Used = [5.39] GB
2026-09-09 02:41:09,074 - 
2026-09-09 02:41:09,098 - Get SMARTINFO error, error=Expecting value: line 1 column 1 (char 0)
2026-09-09 02:41:09,099 - 
2026-09-09 02:41:09,099 - ================================================================================
2026-09-09 02:41:10,100 - DRAM Used + Cache + Buffer + Swap = 58.55 GB
2026-09-09 02:41:10,100 - DRAM Used + Cache + Buffer = 58.55 GB
2026-09-09 02:41:10,100 - DRAM Used = 32.66 GB
2026-09-09 02:41:10,100 - DRAM Swap = 0.0 GB
2026-09-09 02:41:10,100 - 
2026-09-09 02:41:10,307 - VRAM Total = [140.4] GB
2026-09-09 02:41:10,307 - VRAM Used = [5.39] GB
2026-09-09 02:41:10,308 - 
2026-09-09 02:41:10,333 - Get SMARTINFO error, error=Expecting value: line 1 column 1 (char 0)
2026-09-09 02:41:10,333 - 
2026-09-09 02:41:10,333 - ================================================================================
2026-09-09 02:41:11,334 - DRAM Used + Cache + Buffer + Swap = 58.53 GB
2026-09-09 02:41:11,334 - DRAM Used + Cache + Buffer = 58.53 GB
2026-09-09 02:41:11,334 - DRAM Used = 32.63 GB
2026-09-09 02:41:11,334 - DRAM Swap = 0.0 GB
2026-09-09 02:41:11,334 - 
2026-09-09 02:41:11,539 - VRAM Total = [140.4] GB
2026-09-09 02:41:11,539 - VRAM Used = [5.39] GB
2026-09-09 02:41:11,539 - 
2026-09-09 02:41:11,563 - Get SMARTINFO error, error=Expecting value: line 1 column 1 (char 0)
2026-09-09 02:41:11,564 - 
2026-09-09 02:41:11,564 - ================================================================================
2026-09-09 02:41:12,565 - DRAM Used + Cache + Buffer + Swap = 58.58 GB
2026-09-09 02:41:12,565 - DRAM Used + Cache + Buffer = 58.58 GB
2026-09-09 02:41:12,565 - DRAM Used = 32.68 GB
2026-09-09 02:41:12,565 - DRAM Swap = 0.0 GB
2026-09-09 02:41:12,565 - 
2026-09-09 02:41:12,772 - VRAM Total = [140.4] GB
2026-09-09 02:41:12,772 - VRAM Used = [7.11] GB
2026-09-09 02:41:12,772 - 
2026-09-09 02:41:12,797 - Get SMARTINFO error, error=Expecting value: line 1 column 1 (char 0)
2026-09-09 02:41:12,798 - 
2026-09-09 02:41:12,798 - ================================================================================
2026-09-09 02:41:13,799 - DRAM Used + Cache + Buffer + Swap = 58.69 GB
2026-09-09 02:41:13,799 - DRAM Used + Cache + Buffer = 58.69 GB
2026-09-09 02:41:13,799 - DRAM Used = 32.77 GB
2026-09-09 02:41:13,799 - DRAM Swap = 0.0 GB
2026-09-09 02:41:13,799 - 
2026-09-09 02:41:14,006 - VRAM Total = [140.4] GB
2026-09-09 02:41:14,006 - VRAM Used = [7.18] GB
2026-09-09 02:41:14,006 - 
2026-09-09 02:41:14,029 - Get SMARTINFO error, error=Expecting value: line 1 column 1 (char 0)
2026-09-09 02:41:14,029 - 
2026-09-09 02:41:14,029 - ================================================================================
2026-09-09 02:41:15,030 - DRAM Used + Cache + Buffer + Swap = 58.62 GB
2026-09-09 02:41:15,031 - DRAM Used + Cache + Buffer = 58.62 GB
2026-09-09 02:41:15,031 - DRAM Used = 32.71 GB
2026-09-09 02:41:15,031 - DRAM Swap = 0.0 GB
2026-09-09 02:41:15,031 - 
2026-09-09 02:41:15,237 - VRAM Total = [140.4] GB
2026-09-09 02:41:15,237 - VRAM Used = [7.18] GB
2026-09-09 02:41:15,237 - 
2026-09-09 02:41:15,262 - Get SMARTINFO error, error=Expecting value: line 1 column 1 (char 0)
2026-09-09 02:41:15,262 - 
2026-09-09 02:41:15,263 - ================================================================================
2026-09-09 02:41:16,264 - DRAM Used + Cache + Buffer + Swap = 58.62 GB
2026-09-09 02:41:16,264 - DRAM Used + Cache + Buffer = 58.62 GB
2026-09-09 02:41:16,264 - DRAM Used = 32.7 GB
2026-09-09 02:41:16,264 - DRAM Swap = 0.0 GB
2026-09-09 02:41:16,264 - 
2026-09-09 02:41:16,471 - VRAM Total = [140.4] GB
2026-09-09 02:41:16,471 - VRAM Used = [7.18] GB
2026-09-09 02:41:16,471 - 
2026-09-09 02:41:16,496 - Get SMARTINFO error, error=Expecting value: line 1 column 1 (char 0)
2026-09-09 02:41:16,496 - 
2026-09-09 02:41:16,496 - ================================================================================
2026-09-09 02:41:17,497 - DRAM Used + Cache + Buffer + Swap = 58.59 GB
2026-09-09 02:41:17,497 - DRAM Used + Cache + Buffer = 58.59 GB
2026-09-09 02:41:17,498 - DRAM Used = 32.68 GB
2026-09-09 02:41:17,498 - DRAM Swap = 0.0 GB
2026-09-09 02:41:17,498 - 
2026-09-09 02:41:17,704 - VRAM Total = [140.4] GB
2026-09-09 02:41:17,704 - VRAM Used = [7.18] GB
2026-09-09 02:41:17,705 - 
2026-09-09 02:41:17,729 - Get SMARTINFO error, error=Expecting value: line 1 column 1 (char 0)
2026-09-09 02:41:17,729 - 
2026-09-09 02:41:17,729 - ================================================================================
2026-09-09 02:41:18,730 - DRAM Used + Cache + Buffer + Swap = 58.57 GB
2026-09-09 02:41:18,730 - DRAM Used + Cache + Buffer = 58.57 GB
2026-09-09 02:41:18,730 - DRAM Used = 32.65 GB
2026-09-09 02:41:18,730 - DRAM Swap = 0.0 GB
2026-09-09 02:41:18,730 - 
2026-09-09 02:41:18,937 - VRAM Total = [140.4] GB
2026-09-09 02:41:18,937 - VRAM Used = [12.81] GB
2026-09-09 02:41:18,937 - 
2026-09-09 02:41:18,961 - Get SMARTINFO error, error=Expecting value: line 1 column 1 (char 0)
2026-09-09 02:41:18,962 - 
2026-09-09 02:41:18,962 - ================================================================================
2026-09-09 02:41:19,963 - DRAM Used + Cache + Buffer + Swap = 58.54 GB
2026-09-09 02:41:19,963 - DRAM Used + Cache + Buffer = 58.54 GB
2026-09-09 02:41:19,963 - DRAM Used = 32.62 GB
2026-09-09 02:41:19,963 - DRAM Swap = 0.0 GB
2026-09-09 02:41:19,963 - 
2026-09-09 02:41:20,169 - VRAM Total = [140.4] GB
2026-09-09 02:41:20,170 - VRAM Used = [7.12] GB
2026-09-09 02:41:20,170 - 
2026-09-09 02:41:20,192 - Get SMARTINFO error, error=Expecting value: line 1 column 1 (char 0)
2026-09-09 02:41:20,192 - 
2026-09-09 02:41:20,192 - ================================================================================
2026-09-09 02:41:21,193 - DRAM Used + Cache + Buffer + Swap = 58.51 GB
2026-09-09 02:41:21,194 - DRAM Used + Cache + Buffer = 58.51 GB
2026-09-09 02:41:21,194 - DRAM Used = 32.59 GB
2026-09-09 02:41:21,194 - DRAM Swap = 0.0 GB
2026-09-09 02:41:21,194 - 
2026-09-09 02:41:21,401 - VRAM Total = [140.4] GB
2026-09-09 02:41:21,401 - VRAM Used = [9.0] GB
2026-09-09 02:41:21,401 - 
2026-09-09 02:41:21,426 - Get SMARTINFO error, error=Expecting value: line 1 column 1 (char 0)
2026-09-09 02:41:21,426 - 
2026-09-09 02:41:21,426 - ================================================================================
2026-09-09 02:41:22,427 - DRAM Used + Cache + Buffer + Swap = 58.49 GB
2026-09-09 02:41:22,428 - DRAM Used + Cache + Buffer = 58.49 GB
2026-09-09 02:41:22,428 - DRAM Used = 32.57 GB
2026-09-09 02:41:22,428 - DRAM Swap = 0.0 GB
2026-09-09 02:41:22,428 - 
2026-09-09 02:41:22,635 - VRAM Total = [140.4] GB
2026-09-09 02:41:22,635 - VRAM Used = [9.0] GB
2026-09-09 02:41:22,635 - 
2026-09-09 02:41:22,661 - Get SMARTINFO error, error=Expecting value: line 1 column 1 (char 0)
2026-09-09 02:41:22,661 - 
2026-09-09 02:41:22,661 - ================================================================================
2026-09-09 02:41:23,662 - DRAM Used + Cache + Buffer + Swap = 58.46 GB
2026-09-09 02:41:23,662 - DRAM Used + Cache + Buffer = 58.46 GB
2026-09-09 02:41:23,663 - DRAM Used = 32.55 GB
2026-09-09 02:41:23,663 - DRAM Swap = 0.0 GB
2026-09-09 02:41:23,663 - 
2026-09-09 02:41:23,869 - VRAM Total = [140.4] GB
2026-09-09 02:41:23,869 - VRAM Used = [9.0] GB
2026-09-09 02:41:23,869 - 
2026-09-09 02:41:23,894 - Get SMARTINFO error, error=Expecting value: line 1 column 1 (char 0)
2026-09-09 02:41:23,894 - 
2026-09-09 02:41:23,894 - ================================================================================
2026-09-09 02:41:24,894 - DRAM Used + Cache + Buffer + Swap = 58.43 GB
2026-09-09 02:41:24,894 - DRAM Used + Cache + Buffer = 58.43 GB
2026-09-09 02:41:24,894 - DRAM Used = 32.51 GB
2026-09-09 02:41:24,894 - DRAM Swap = 0.0 GB
2026-09-09 02:41:24,894 - 
2026-09-09 02:41:25,099 - VRAM Total = [140.4] GB
2026-09-09 02:41:25,099 - VRAM Used = [9.0] GB
2026-09-09 02:41:25,099 - 
2026-09-09 02:41:25,120 - Get SMARTINFO error, error=Expecting value: line 1 column 1 (char 0)
2026-09-09 02:41:25,120 - 
2026-09-09 02:41:25,120 - ================================================================================
2026-09-09 02:41:26,121 - DRAM Used + Cache + Buffer + Swap = 58.4 GB
2026-09-09 02:41:26,121 - DRAM Used + Cache + Buffer = 58.4 GB
2026-09-09 02:41:26,121 - DRAM Used = 32.48 GB
2026-09-09 02:41:26,121 - DRAM Swap = 0.0 GB
2026-09-09 02:41:26,121 - 
2026-09-09 02:41:26,328 - VRAM Total = [140.4] GB
2026-09-09 02:41:26,328 - VRAM Used = [9.0] GB
2026-09-09 02:41:26,328 - 
2026-09-09 02:41:26,351 - Get SMARTINFO error, error=Expecting value: line 1 column 1 (char 0)
2026-09-09 02:41:26,351 - 
2026-09-09 02:41:26,352 - ================================================================================
2026-09-09 02:41:27,352 - DRAM Used + Cache + Buffer + Swap = 58.37 GB
2026-09-09 02:41:27,352 - DRAM Used + Cache + Buffer = 58.37 GB
2026-09-09 02:41:27,352 - DRAM Used = 32.46 GB
2026-09-09 02:41:27,352 - DRAM Swap = 0.0 GB
2026-09-09 02:41:27,352 - 
2026-09-09 02:41:27,558 - VRAM Total = [140.4] GB
2026-09-09 02:41:27,558 - VRAM Used = [9.0] GB
2026-09-09 02:41:27,558 - 
2026-09-09 02:41:27,582 - Get SMARTINFO error, error=Expecting value: line 1 column 1 (char 0)
2026-09-09 02:41:27,582 - 
2026-09-09 02:41:27,583 - ================================================================================
2026-09-09 02:41:28,584 - DRAM Used + Cache + Buffer + Swap = 58.36 GB
2026-09-09 02:41:28,584 - DRAM Used + Cache + Buffer = 58.36 GB
2026-09-09 02:41:28,584 - DRAM Used = 32.44 GB
2026-09-09 02:41:28,584 - DRAM Swap = 0.0 GB
2026-09-09 02:41:28,584 - 
2026-09-09 02:41:28,790 - VRAM Total = [140.4] GB
2026-09-09 02:41:28,790 - VRAM Used = [9.0] GB
2026-09-09 02:41:28,790 - 
2026-09-09 02:41:28,818 - Get SMARTINFO error, error=Expecting value: line 1 column 1 (char 0)
2026-09-09 02:41:28,818 - 
2026-09-09 02:41:28,818 - ================================================================================
2026-09-09 02:41:29,819 - DRAM Used + Cache + Buffer + Swap = 58.32 GB
2026-09-09 02:41:29,819 - DRAM Used + Cache + Buffer = 58.32 GB
2026-09-09 02:41:29,820 - DRAM Used = 32.4 GB
2026-09-09 02:41:29,820 - DRAM Swap = 0.0 GB
2026-09-09 02:41:29,820 - 
2026-09-09 02:41:30,026 - VRAM Total = [140.4] GB
2026-09-09 02:41:30,026 - VRAM Used = [9.0] GB
2026-09-09 02:41:30,026 - 
2026-09-09 02:41:30,051 - Get SMARTINFO error, error=Expecting value: line 1 column 1 (char 0)
2026-09-09 02:41:30,051 - 
2026-09-09 02:41:30,051 - ================================================================================
2026-09-09 02:41:31,052 - DRAM Used + Cache + Buffer + Swap = 58.28 GB
2026-09-09 02:41:31,052 - DRAM Used + Cache + Buffer = 58.28 GB
2026-09-09 02:41:31,053 - DRAM Used = 32.37 GB
2026-09-09 02:41:31,053 - DRAM Swap = 0.0 GB
2026-09-09 02:41:31,053 - 
2026-09-09 02:41:31,259 - VRAM Total = [140.4] GB
2026-09-09 02:41:31,259 - VRAM Used = [7.12] GB
2026-09-09 02:41:31,259 - 
2026-09-09 02:41:31,280 - Get SMARTINFO error, error=Expecting value: line 1 column 1 (char 0)
2026-09-09 02:41:31,280 - 
2026-09-09 02:41:31,280 - ================================================================================
2026-09-09 02:41:32,281 - DRAM Used + Cache + Buffer + Swap = 58.26 GB
2026-09-09 02:41:32,281 - DRAM Used + Cache + Buffer = 58.26 GB
2026-09-09 02:41:32,282 - DRAM Used = 32.34 GB
2026-09-09 02:41:32,282 - DRAM Swap = 0.0 GB
2026-09-09 02:41:32,282 - 
2026-09-09 02:41:32,489 - VRAM Total = [140.4] GB
2026-09-09 02:41:32,489 - VRAM Used = [7.12] GB
2026-09-09 02:41:32,489 - 
2026-09-09 02:41:32,512 - Get SMARTINFO error, error=Expecting value: line 1 column 1 (char 0)
2026-09-09 02:41:32,512 - 
2026-09-09 02:41:32,512 - ================================================================================
2026-09-09 02:41:33,513 - DRAM Used + Cache + Buffer + Swap = 58.24 GB
2026-09-09 02:41:33,513 - DRAM Used + Cache + Buffer = 58.24 GB
2026-09-09 02:41:33,513 - DRAM Used = 32.32 GB
2026-09-09 02:41:33,514 - DRAM Swap = 0.0 GB
2026-09-09 02:41:33,514 - 
2026-09-09 02:41:33,720 - VRAM Total = [140.4] GB
2026-09-09 02:41:33,720 - VRAM Used = [8.99] GB
2026-09-09 02:41:33,720 - 
2026-09-09 02:41:33,748 - Get SMARTINFO error, error=Expecting value: line 1 column 1 (char 0)
2026-09-09 02:41:33,748 - 
2026-09-09 02:41:33,749 - ================================================================================
2026-09-09 02:41:34,750 - DRAM Used + Cache + Buffer + Swap = 58.23 GB
2026-09-09 02:41:34,750 - DRAM Used + Cache + Buffer = 58.23 GB
2026-09-09 02:41:34,750 - DRAM Used = 32.31 GB
2026-09-09 02:41:34,750 - DRAM Swap = 0.0 GB
2026-09-09 02:41:34,750 - 
2026-09-09 02:41:34,957 - VRAM Total = [140.4] GB
2026-09-09 02:41:34,957 - VRAM Used = [9.0] GB
2026-09-09 02:41:34,957 - 
2026-09-09 02:41:34,983 - Get SMARTINFO error, error=Expecting value: line 1 column 1 (char 0)
2026-09-09 02:41:34,983 - 
2026-09-09 02:41:34,983 - ================================================================================
2026-09-09 02:41:35,984 - DRAM Used + Cache + Buffer + Swap = 58.17 GB
2026-09-09 02:41:35,984 - DRAM Used + Cache + Buffer = 58.17 GB
2026-09-09 02:41:35,984 - DRAM Used = 32.26 GB
2026-09-09 02:41:35,984 - DRAM Swap = 0.0 GB
2026-09-09 02:41:35,984 - 
2026-09-09 02:41:36,191 - VRAM Total = [140.4] GB
2026-09-09 02:41:36,191 - VRAM Used = [9.0] GB
2026-09-09 02:41:36,191 - 
2026-09-09 02:41:36,216 - Get SMARTINFO error, error=Expecting value: line 1 column 1 (char 0)
2026-09-09 02:41:36,216 - 
2026-09-09 02:41:36,216 - ================================================================================
2026-09-09 02:41:37,217 - DRAM Used + Cache + Buffer + Swap = 58.15 GB
2026-09-09 02:41:37,217 - DRAM Used + Cache + Buffer = 58.15 GB
2026-09-09 02:41:37,217 - DRAM Used = 32.23 GB
2026-09-09 02:41:37,218 - DRAM Swap = 0.0 GB
2026-09-09 02:41:37,218 - 
2026-09-09 02:41:37,425 - VRAM Total = [140.4] GB
2026-09-09 02:41:37,425 - VRAM Used = [9.0] GB
2026-09-09 02:41:37,425 - 
2026-09-09 02:41:37,448 - Get SMARTINFO error, error=Expecting value: line 1 column 1 (char 0)
2026-09-09 02:41:37,448 - 
2026-09-09 02:41:37,448 - ================================================================================
2026-09-09 02:41:38,449 - DRAM Used + Cache + Buffer + Swap = 58.13 GB
2026-09-09 02:41:38,449 - DRAM Used + Cache + Buffer = 58.13 GB
2026-09-09 02:41:38,449 - DRAM Used = 32.21 GB
2026-09-09 02:41:38,449 - DRAM Swap = 0.0 GB
2026-09-09 02:41:38,450 - 
2026-09-09 02:41:38,656 - VRAM Total = [140.4] GB
2026-09-09 02:41:38,656 - VRAM Used = [9.0] GB
2026-09-09 02:41:38,656 - 
2026-09-09 02:41:38,681 - Get SMARTINFO error, error=Expecting value: line 1 column 1 (char 0)
2026-09-09 02:41:38,681 - 
2026-09-09 02:41:38,681 - ================================================================================
2026-09-09 02:41:39,682 - DRAM Used + Cache + Buffer + Swap = 58.11 GB
2026-09-09 02:41:39,682 - DRAM Used + Cache + Buffer = 58.11 GB
2026-09-09 02:41:39,682 - DRAM Used = 32.19 GB
2026-09-09 02:41:39,682 - DRAM Swap = 0.0 GB
2026-09-09 02:41:39,682 - 
2026-09-09 02:41:39,888 - VRAM Total = [140.4] GB
2026-09-09 02:41:39,888 - VRAM Used = [9.0] GB
2026-09-09 02:41:39,888 - 
2026-09-09 02:41:39,912 - Get SMARTINFO error, error=Expecting value: line 1 column 1 (char 0)
2026-09-09 02:41:39,913 - 
2026-09-09 02:41:39,913 - ================================================================================
2026-09-09 02:41:40,914 - DRAM Used + Cache + Buffer + Swap = 58.07 GB
2026-09-09 02:41:40,914 - DRAM Used + Cache + Buffer = 58.07 GB
2026-09-09 02:41:40,914 - DRAM Used = 32.16 GB
2026-09-09 02:41:40,914 - DRAM Swap = 0.0 GB
2026-09-09 02:41:40,914 - 
2026-09-09 02:41:41,120 - VRAM Total = [140.4] GB
2026-09-09 02:41:41,121 - VRAM Used = [9.0] GB
2026-09-09 02:41:41,121 - 
2026-09-09 02:41:41,143 - Get SMARTINFO error, error=Expecting value: line 1 column 1 (char 0)
2026-09-09 02:41:41,145 - 
2026-09-09 02:41:41,145 - ================================================================================
2026-09-09 02:41:42,146 - DRAM Used + Cache + Buffer + Swap = 58.04 GB
2026-09-09 02:41:42,146 - DRAM Used + Cache + Buffer = 58.04 GB
2026-09-09 02:41:42,147 - DRAM Used = 32.12 GB
2026-09-09 02:41:42,147 - DRAM Swap = 0.0 GB
2026-09-09 02:41:42,147 - 
2026-09-09 02:41:42,354 - VRAM Total = [140.4] GB
2026-09-09 02:41:42,354 - VRAM Used = [7.12] GB
2026-09-09 02:41:42,354 - 
2026-09-09 02:41:42,380 - Get SMARTINFO error, error=Expecting value: line 1 column 1 (char 0)
2026-09-09 02:41:42,380 - 
2026-09-09 02:41:42,380 - ================================================================================
2026-09-09 02:41:43,381 - DRAM Used + Cache + Buffer + Swap = 58.02 GB
2026-09-09 02:41:43,381 - DRAM Used + Cache + Buffer = 58.02 GB
2026-09-09 02:41:43,381 - DRAM Used = 32.11 GB
2026-09-09 02:41:43,381 - DRAM Swap = 0.0 GB
2026-09-09 02:41:43,381 - 
2026-09-09 02:41:43,587 - VRAM Total = [140.4] GB
2026-09-09 02:41:43,587 - VRAM Used = [7.12] GB
2026-09-09 02:41:43,587 - 
2026-09-09 02:41:43,613 - Get SMARTINFO error, error=Expecting value: line 1 column 1 (char 0)
2026-09-09 02:41:43,613 - 
2026-09-09 02:41:43,613 - ================================================================================
2026-09-09 02:41:44,614 - DRAM Used + Cache + Buffer + Swap = 58.0 GB
2026-09-09 02:41:44,614 - DRAM Used + Cache + Buffer = 58.0 GB
2026-09-09 02:41:44,614 - DRAM Used = 32.08 GB
2026-09-09 02:41:44,614 - DRAM Swap = 0.0 GB
2026-09-09 02:41:44,614 - 
2026-09-09 02:41:44,820 - VRAM Total = [140.4] GB
2026-09-09 02:41:44,820 - VRAM Used = [8.99] GB
2026-09-09 02:41:44,820 - 
2026-09-09 02:41:44,846 - Get SMARTINFO error, error=Expecting value: line 1 column 1 (char 0)
2026-09-09 02:41:44,846 - 
2026-09-09 02:41:44,846 - ================================================================================
2026-09-09 02:41:45,847 - DRAM Used + Cache + Buffer + Swap = 57.97 GB
2026-09-09 02:41:45,847 - DRAM Used + Cache + Buffer = 57.97 GB
2026-09-09 02:41:45,847 - DRAM Used = 32.05 GB
2026-09-09 02:41:45,848 - DRAM Swap = 0.0 GB
2026-09-09 02:41:45,848 - 
2026-09-09 02:41:46,054 - VRAM Total = [140.4] GB
2026-09-09 02:41:46,055 - VRAM Used = [9.0] GB
2026-09-09 02:41:46,055 - 
2026-09-09 02:41:46,080 - Get SMARTINFO error, error=Expecting value: line 1 column 1 (char 0)
2026-09-09 02:41:46,080 - 
2026-09-09 02:41:46,080 - ================================================================================
2026-09-09 02:41:47,082 - DRAM Used + Cache + Buffer + Swap = 57.94 GB
2026-09-09 02:41:47,082 - DRAM Used + Cache + Buffer = 57.94 GB
2026-09-09 02:41:47,083 - DRAM Used = 32.02 GB
2026-09-09 02:41:47,083 - DRAM Swap = 0.0 GB
2026-09-09 02:41:47,083 - 
2026-09-09 02:41:47,289 - VRAM Total = [140.4] GB
2026-09-09 02:41:47,290 - VRAM Used = [9.0] GB
2026-09-09 02:41:47,290 - 
2026-09-09 02:41:47,314 - Get SMARTINFO error, error=Expecting value: line 1 column 1 (char 0)
2026-09-09 02:41:47,314 - 
2026-09-09 02:41:47,314 - ================================================================================
2026-09-09 02:41:48,315 - DRAM Used + Cache + Buffer + Swap = 57.91 GB
2026-09-09 02:41:48,316 - DRAM Used + Cache + Buffer = 57.91 GB
2026-09-09 02:41:48,316 - DRAM Used = 32.0 GB
2026-09-09 02:41:48,316 - DRAM Swap = 0.0 GB
2026-09-09 02:41:48,316 - 
2026-09-09 02:41:48,522 - VRAM Total = [140.4] GB
2026-09-09 02:41:48,522 - VRAM Used = [9.0] GB
2026-09-09 02:41:48,522 - 
2026-09-09 02:41:48,546 - Get SMARTINFO error, error=Expecting value: line 1 column 1 (char 0)
2026-09-09 02:41:48,547 - 
2026-09-09 02:41:48,547 - ================================================================================
2026-09-09 02:41:49,548 - DRAM Used + Cache + Buffer + Swap = 57.9 GB
2026-09-09 02:41:49,548 - DRAM Used + Cache + Buffer = 57.9 GB
2026-09-09 02:41:49,548 - DRAM Used = 31.98 GB
2026-09-09 02:41:49,548 - DRAM Swap = 0.0 GB
2026-09-09 02:41:49,548 - 
2026-09-09 02:41:49,754 - VRAM Total = [140.4] GB
2026-09-09 02:41:49,754 - VRAM Used = [9.0] GB
2026-09-09 02:41:49,754 - 
2026-09-09 02:41:49,779 - Get SMARTINFO error, error=Expecting value: line 1 column 1 (char 0)
2026-09-09 02:41:49,779 - 
2026-09-09 02:41:49,779 - ================================================================================
2026-09-09 02:41:50,780 - DRAM Used + Cache + Buffer + Swap = 57.86 GB
2026-09-09 02:41:50,780 - DRAM Used + Cache + Buffer = 57.86 GB
2026-09-09 02:41:50,780 - DRAM Used = 31.94 GB
2026-09-09 02:41:50,780 - DRAM Swap = 0.0 GB
2026-09-09 02:41:50,781 - 
2026-09-09 02:41:50,987 - VRAM Total = [140.4] GB
2026-09-09 02:41:50,988 - VRAM Used = [9.0] GB
2026-09-09 02:41:50,988 - 
2026-09-09 02:41:51,011 - Get SMARTINFO error, error=Expecting value: line 1 column 1 (char 0)
2026-09-09 02:41:51,011 - 
2026-09-09 02:41:51,011 - ================================================================================
2026-09-09 02:41:52,012 - DRAM Used + Cache + Buffer + Swap = 57.82 GB
2026-09-09 02:41:52,013 - DRAM Used + Cache + Buffer = 57.82 GB
2026-09-09 02:41:52,013 - DRAM Used = 31.91 GB
2026-09-09 02:41:52,013 - DRAM Swap = 0.0 GB
2026-09-09 02:41:52,013 - 
2026-09-09 02:41:52,219 - VRAM Total = [140.4] GB
2026-09-09 02:41:52,220 - VRAM Used = [9.0] GB
2026-09-09 02:41:52,220 - 
2026-09-09 02:41:52,245 - Get SMARTINFO error, error=Expecting value: line 1 column 1 (char 0)
2026-09-09 02:41:52,245 - 
2026-09-09 02:41:52,245 - ================================================================================
2026-09-09 02:41:53,246 - DRAM Used + Cache + Buffer + Swap = 57.8 GB
2026-09-09 02:41:53,247 - DRAM Used + Cache + Buffer = 57.8 GB
2026-09-09 02:41:53,247 - DRAM Used = 31.88 GB
2026-09-09 02:41:53,247 - DRAM Swap = 0.0 GB
2026-09-09 02:41:53,247 - 
2026-09-09 02:41:53,453 - VRAM Total = [140.4] GB
2026-09-09 02:41:53,453 - VRAM Used = [12.75] GB
2026-09-09 02:41:53,453 - 
2026-09-09 02:41:53,477 - Get SMARTINFO error, error=Expecting value: line 1 column 1 (char 0)
2026-09-09 02:41:53,477 - 
2026-09-09 02:41:53,477 - ================================================================================
2026-09-09 02:41:54,478 - DRAM Used + Cache + Buffer + Swap = 60.43 GB
2026-09-09 02:41:54,479 - DRAM Used + Cache + Buffer = 60.43 GB
2026-09-09 02:41:54,479 - DRAM Used = 34.52 GB
2026-09-09 02:41:54,479 - DRAM Swap = 0.0 GB
2026-09-09 02:41:54,479 - 
2026-09-09 02:41:54,686 - VRAM Total = [140.4] GB
2026-09-09 02:41:54,686 - VRAM Used = [12.75] GB
2026-09-09 02:41:54,686 - 
2026-09-09 02:41:54,711 - Get SMARTINFO error, error=Expecting value: line 1 column 1 (char 0)
2026-09-09 02:41:54,711 - 
2026-09-09 02:41:54,711 - ================================================================================
2026-09-09 02:41:55,712 - DRAM Used + Cache + Buffer + Swap = 61.72 GB
2026-09-09 02:41:55,712 - DRAM Used + Cache + Buffer = 61.72 GB
2026-09-09 02:41:55,712 - DRAM Used = 35.8 GB
2026-09-09 02:41:55,712 - DRAM Swap = 0.0 GB
2026-09-09 02:41:55,712 - 
2026-09-09 02:41:55,919 - VRAM Total = [140.4] GB
2026-09-09 02:41:55,919 - VRAM Used = [12.75] GB
2026-09-09 02:41:55,919 - 
2026-09-09 02:41:55,944 - Get SMARTINFO error, error=Expecting value: line 1 column 1 (char 0)
2026-09-09 02:41:55,944 - 
2026-09-09 02:41:55,944 - ================================================================================
2026-09-09 02:41:56,947 - DRAM Used + Cache + Buffer + Swap = 61.67 GB
2026-09-09 02:41:56,947 - DRAM Used + Cache + Buffer = 61.67 GB
2026-09-09 02:41:56,948 - DRAM Used = 35.76 GB
2026-09-09 02:41:56,948 - DRAM Swap = 0.0 GB
2026-09-09 02:41:56,948 - 
2026-09-09 02:41:57,154 - VRAM Total = [140.4] GB
2026-09-09 02:41:57,154 - VRAM Used = [12.75] GB
2026-09-09 02:41:57,154 - 
2026-09-09 02:41:57,178 - Get SMARTINFO error, error=Expecting value: line 1 column 1 (char 0)
2026-09-09 02:41:57,178 - 
2026-09-09 02:41:57,178 - ================================================================================
2026-09-09 02:41:58,179 - DRAM Used + Cache + Buffer + Swap = 61.65 GB
2026-09-09 02:41:58,179 - DRAM Used + Cache + Buffer = 61.65 GB
2026-09-09 02:41:58,179 - DRAM Used = 35.73 GB
2026-09-09 02:41:58,179 - DRAM Swap = 0.0 GB
2026-09-09 02:41:58,179 - 
2026-09-09 02:41:58,385 - VRAM Total = [140.4] GB
2026-09-09 02:41:58,385 - VRAM Used = [12.75] GB
2026-09-09 02:41:58,385 - 
2026-09-09 02:41:58,412 - Get SMARTINFO error, error=Expecting value: line 1 column 1 (char 0)
2026-09-09 02:41:58,412 - 
2026-09-09 02:41:58,412 - ================================================================================
2026-09-09 02:41:59,413 - DRAM Used + Cache + Buffer + Swap = 61.62 GB
2026-09-09 02:41:59,414 - DRAM Used + Cache + Buffer = 61.62 GB
2026-09-09 02:41:59,414 - DRAM Used = 35.71 GB
2026-09-09 02:41:59,414 - DRAM Swap = 0.0 GB
2026-09-09 02:41:59,414 - 
2026-09-09 02:41:59,622 - VRAM Total = [140.4] GB
2026-09-09 02:41:59,622 - VRAM Used = [12.75] GB
2026-09-09 02:41:59,622 - 
2026-09-09 02:41:59,634 - Get SMARTINFO error, error=Expecting value: line 1 column 1 (char 0)
2026-09-09 02:41:59,634 - 
2026-09-09 02:41:59,634 - ================================================================================
2026-09-09 02:42:00,635 - DRAM Used + Cache + Buffer + Swap = 61.59 GB
2026-09-09 02:42:00,636 - DRAM Used + Cache + Buffer = 61.59 GB
2026-09-09 02:42:00,636 - DRAM Used = 35.68 GB
2026-09-09 02:42:00,636 - DRAM Swap = 0.0 GB
2026-09-09 02:42:00,636 - 
2026-09-09 02:42:00,854 - VRAM Total = [140.4] GB
2026-09-09 02:42:00,855 - VRAM Used = [12.75] GB
2026-09-09 02:42:00,855 - 
2026-09-09 02:42:00,877 - Get SMARTINFO error, error=Expecting value: line 1 column 1 (char 0)
2026-09-09 02:42:00,878 - 
2026-09-09 02:42:00,878 - ================================================================================
2026-09-09 02:42:01,879 - DRAM Used + Cache + Buffer + Swap = 61.54 GB
2026-09-09 02:42:01,879 - DRAM Used + Cache + Buffer = 61.54 GB
2026-09-09 02:42:01,879 - DRAM Used = 35.62 GB
2026-09-09 02:42:01,879 - DRAM Swap = 0.0 GB
2026-09-09 02:42:01,879 - 
2026-09-09 02:42:02,084 - VRAM Total = [140.4] GB
2026-09-09 02:42:02,084 - VRAM Used = [12.75] GB
2026-09-09 02:42:02,084 - 
2026-09-09 02:42:02,105 - Get SMARTINFO error, error=Expecting value: line 1 column 1 (char 0)
2026-09-09 02:42:02,105 - 
2026-09-09 02:42:02,105 - ================================================================================
2026-09-09 02:42:03,106 - DRAM Used + Cache + Buffer + Swap = 61.51 GB
2026-09-09 02:42:03,106 - DRAM Used + Cache + Buffer = 61.51 GB
2026-09-09 02:42:03,106 - DRAM Used = 35.6 GB
2026-09-09 02:42:03,106 - DRAM Swap = 0.0 GB
2026-09-09 02:42:03,106 - 
2026-09-09 02:42:03,313 - VRAM Total = [140.4] GB
2026-09-09 02:42:03,314 - VRAM Used = [12.75] GB
2026-09-09 02:42:03,314 - 
2026-09-09 02:42:03,337 - Get SMARTINFO error, error=Expecting value: line 1 column 1 (char 0)
2026-09-09 02:42:03,338 - 
2026-09-09 02:42:03,338 - ================================================================================
2026-09-09 02:42:04,339 - DRAM Used + Cache + Buffer + Swap = 61.49 GB
2026-09-09 02:42:04,339 - DRAM Used + Cache + Buffer = 61.49 GB
2026-09-09 02:42:04,340 - DRAM Used = 35.58 GB
2026-09-09 02:42:04,340 - DRAM Swap = 0.0 GB
2026-09-09 02:42:04,340 - 
2026-09-09 02:42:04,547 - VRAM Total = [140.4] GB
2026-09-09 02:42:04,548 - VRAM Used = [12.75] GB
2026-09-09 02:42:04,548 - 
2026-09-09 02:42:04,564 - Get SMARTINFO error, error=Expecting value: line 1 column 1 (char 0)
2026-09-09 02:42:04,564 - 
2026-09-09 02:42:04,564 - ================================================================================
2026-09-09 02:42:05,565 - DRAM Used + Cache + Buffer + Swap = 61.47 GB
2026-09-09 02:42:05,566 - DRAM Used + Cache + Buffer = 61.47 GB
2026-09-09 02:42:05,566 - DRAM Used = 35.55 GB
2026-09-09 02:42:05,566 - DRAM Swap = 0.0 GB
2026-09-09 02:42:05,566 - 
2026-09-09 02:42:05,777 - VRAM Total = [140.4] GB
2026-09-09 02:42:05,780 - VRAM Used = [12.75] GB
2026-09-09 02:42:05,781 - 
2026-09-09 02:42:05,796 - Get SMARTINFO error, error=Expecting value: line 1 column 1 (char 0)
2026-09-09 02:42:05,796 - 
2026-09-09 02:42:05,796 - ================================================================================
2026-09-09 02:42:06,798 - DRAM Used + Cache + Buffer + Swap = 61.44 GB
2026-09-09 02:42:06,798 - DRAM Used + Cache + Buffer = 61.44 GB
2026-09-09 02:42:06,798 - DRAM Used = 35.52 GB
2026-09-09 02:42:06,798 - DRAM Swap = 0.0 GB
2026-09-09 02:42:06,798 - 
2026-09-09 02:42:07,005 - VRAM Total = [140.4] GB
2026-09-09 02:42:07,005 - VRAM Used = [12.75] GB
2026-09-09 02:42:07,006 - 
2026-09-09 02:42:07,029 - Get SMARTINFO error, error=Expecting value: line 1 column 1 (char 0)
2026-09-09 02:42:07,029 - 
2026-09-09 02:42:07,029 - ================================================================================
2026-09-09 02:42:08,030 - DRAM Used + Cache + Buffer + Swap = 61.41 GB
2026-09-09 02:42:08,030 - DRAM Used + Cache + Buffer = 61.41 GB
2026-09-09 02:42:08,030 - DRAM Used = 35.49 GB
2026-09-09 02:42:08,030 - DRAM Swap = 0.0 GB
2026-09-09 02:42:08,030 - 
2026-09-09 02:42:08,236 - VRAM Total = [140.4] GB
2026-09-09 02:42:08,237 - VRAM Used = [12.75] GB
2026-09-09 02:42:08,237 - 
2026-09-09 02:42:08,261 - Get SMARTINFO error, error=Expecting value: line 1 column 1 (char 0)
2026-09-09 02:42:08,261 - 
2026-09-09 02:42:08,262 - ================================================================================
2026-09-09 02:42:09,263 - DRAM Used + Cache + Buffer + Swap = 61.39 GB
2026-09-09 02:42:09,263 - DRAM Used + Cache + Buffer = 61.39 GB
2026-09-09 02:42:09,264 - DRAM Used = 35.47 GB
2026-09-09 02:42:09,264 - DRAM Swap = 0.0 GB
2026-09-09 02:42:09,264 - 
2026-09-09 02:42:09,471 - VRAM Total = [140.4] GB
2026-09-09 02:42:09,472 - VRAM Used = [12.75] GB
2026-09-09 02:42:09,472 - 
2026-09-09 02:42:09,498 - Get SMARTINFO error, error=Expecting value: line 1 column 1 (char 0)
2026-09-09 02:42:09,498 - 
2026-09-09 02:42:09,498 - ================================================================================
2026-09-09 02:42:10,499 - DRAM Used + Cache + Buffer + Swap = 61.37 GB
2026-09-09 02:42:10,500 - DRAM Used + Cache + Buffer = 61.37 GB
2026-09-09 02:42:10,500 - DRAM Used = 35.45 GB
2026-09-09 02:42:10,500 - DRAM Swap = 0.0 GB
2026-09-09 02:42:10,500 - 
2026-09-09 02:42:10,709 - VRAM Total = [140.4] GB
2026-09-09 02:42:10,710 - VRAM Used = [12.75] GB
2026-09-09 02:42:10,710 - 
2026-09-09 02:42:10,723 - Get SMARTINFO error, error=Expecting value: line 1 column 1 (char 0)
2026-09-09 02:42:10,723 - 
2026-09-09 02:42:10,723 - ================================================================================
2026-09-09 02:42:11,724 - DRAM Used + Cache + Buffer + Swap = 61.35 GB
2026-09-09 02:42:11,724 - DRAM Used + Cache + Buffer = 61.35 GB
2026-09-09 02:42:11,724 - DRAM Used = 35.43 GB
2026-09-09 02:42:11,724 - DRAM Swap = 0.0 GB
2026-09-09 02:42:11,724 - 
2026-09-09 02:42:11,939 - VRAM Total = [140.4] GB
2026-09-09 02:42:11,940 - VRAM Used = [12.75] GB
2026-09-09 02:42:11,940 - 
2026-09-09 02:42:11,965 - Get SMARTINFO error, error=Expecting value: line 1 column 1 (char 0)
2026-09-09 02:42:11,966 - 
2026-09-09 02:42:11,966 - ================================================================================
2026-09-09 02:42:12,967 - DRAM Used + Cache + Buffer + Swap = 61.31 GB
2026-09-09 02:42:12,967 - DRAM Used + Cache + Buffer = 61.31 GB
2026-09-09 02:42:12,967 - DRAM Used = 35.4 GB
2026-09-09 02:42:12,967 - DRAM Swap = 0.0 GB
2026-09-09 02:42:12,967 - 
2026-09-09 02:42:13,173 - VRAM Total = [140.4] GB
2026-09-09 02:42:13,173 - VRAM Used = [12.75] GB
2026-09-09 02:42:13,173 - 
2026-09-09 02:42:13,198 - Get SMARTINFO error, error=Expecting value: line 1 column 1 (char 0)
2026-09-09 02:42:13,199 - 
2026-09-09 02:42:13,199 - ================================================================================
2026-09-09 02:42:14,201 - DRAM Used + Cache + Buffer + Swap = 61.3 GB
2026-09-09 02:42:14,201 - DRAM Used + Cache + Buffer = 61.3 GB
2026-09-09 02:42:14,201 - DRAM Used = 35.38 GB
2026-09-09 02:42:14,201 - DRAM Swap = 0.0 GB
2026-09-09 02:42:14,201 - 
2026-09-09 02:42:14,409 - VRAM Total = [140.4] GB
2026-09-09 02:42:14,409 - VRAM Used = [12.75] GB
2026-09-09 02:42:14,409 - 
2026-09-09 02:42:14,429 - Get SMARTINFO error, error=Expecting value: line 1 column 1 (char 0)
2026-09-09 02:42:14,429 - 
2026-09-09 02:42:14,429 - ================================================================================
2026-09-09 02:42:15,431 - DRAM Used + Cache + Buffer + Swap = 61.28 GB
2026-09-09 02:42:15,431 - DRAM Used + Cache + Buffer = 61.28 GB
2026-09-09 02:42:15,431 - DRAM Used = 35.36 GB
2026-09-09 02:42:15,431 - DRAM Swap = 0.0 GB
2026-09-09 02:42:15,431 - 
2026-09-09 02:42:15,639 - VRAM Total = [140.4] GB
2026-09-09 02:42:15,640 - VRAM Used = [12.75] GB
2026-09-09 02:42:15,640 - 
2026-09-09 02:42:15,653 - Get SMARTINFO error, error=Expecting value: line 1 column 1 (char 0)
2026-09-09 02:42:15,653 - 
2026-09-09 02:42:15,653 - ================================================================================
2026-09-09 02:42:16,654 - DRAM Used + Cache + Buffer + Swap = 61.26 GB
2026-09-09 02:42:16,654 - DRAM Used + Cache + Buffer = 61.26 GB
2026-09-09 02:42:16,655 - DRAM Used = 35.35 GB
2026-09-09 02:42:16,655 - DRAM Swap = 0.0 GB
2026-09-09 02:42:16,655 - 
2026-09-09 02:42:16,862 - VRAM Total = [140.4] GB
2026-09-09 02:42:16,862 - VRAM Used = [12.75] GB
2026-09-09 02:42:16,862 - 
2026-09-09 02:42:16,888 - Get SMARTINFO error, error=Expecting value: line 1 column 1 (char 0)
2026-09-09 02:42:16,888 - 
2026-09-09 02:42:16,888 - ================================================================================
2026-09-09 02:42:17,891 - DRAM Used + Cache + Buffer + Swap = 61.22 GB
2026-09-09 02:42:17,891 - DRAM Used + Cache + Buffer = 61.22 GB
2026-09-09 02:42:17,891 - DRAM Used = 35.31 GB
2026-09-09 02:42:17,891 - DRAM Swap = 0.0 GB
2026-09-09 02:42:17,891 - 
2026-09-09 02:42:18,098 - VRAM Total = [140.4] GB
2026-09-09 02:42:18,098 - VRAM Used = [12.75] GB
2026-09-09 02:42:18,098 - 
2026-09-09 02:42:18,124 - Get SMARTINFO error, error=Expecting value: line 1 column 1 (char 0)
2026-09-09 02:42:18,124 - 
2026-09-09 02:42:18,124 - ================================================================================
2026-09-09 02:42:19,126 - DRAM Used + Cache + Buffer + Swap = 61.2 GB
2026-09-09 02:42:19,126 - DRAM Used + Cache + Buffer = 61.2 GB
2026-09-09 02:42:19,126 - DRAM Used = 35.29 GB
2026-09-09 02:42:19,126 - DRAM Swap = 0.0 GB
2026-09-09 02:42:19,126 - 
2026-09-09 02:42:19,334 - VRAM Total = [140.4] GB
2026-09-09 02:42:19,334 - VRAM Used = [12.75] GB
2026-09-09 02:42:19,334 - 
2026-09-09 02:42:19,354 - Get SMARTINFO error, error=Expecting value: line 1 column 1 (char 0)
2026-09-09 02:42:19,354 - 
2026-09-09 02:42:19,354 - ================================================================================
2026-09-09 02:42:20,355 - DRAM Used + Cache + Buffer + Swap = 61.19 GB
2026-09-09 02:42:20,356 - DRAM Used + Cache + Buffer = 61.19 GB
2026-09-09 02:42:20,356 - DRAM Used = 35.27 GB
2026-09-09 02:42:20,356 - DRAM Swap = 0.0 GB
2026-09-09 02:42:20,356 - 
2026-09-09 02:42:20,564 - VRAM Total = [140.4] GB
2026-09-09 02:42:20,564 - VRAM Used = [12.75] GB
2026-09-09 02:42:20,564 - 
2026-09-09 02:42:20,592 - Get SMARTINFO error, error=Expecting value: line 1 column 1 (char 0)
2026-09-09 02:42:20,592 - 
2026-09-09 02:42:20,592 - ================================================================================
2026-09-09 02:42:21,593 - DRAM Used + Cache + Buffer + Swap = 61.17 GB
2026-09-09 02:42:21,594 - DRAM Used + Cache + Buffer = 61.17 GB
2026-09-09 02:42:21,594 - DRAM Used = 35.25 GB
2026-09-09 02:42:21,594 - DRAM Swap = 0.0 GB
2026-09-09 02:42:21,594 - 
2026-09-09 02:42:21,801 - VRAM Total = [140.4] GB
2026-09-09 02:42:21,802 - VRAM Used = [12.75] GB
2026-09-09 02:42:21,802 - 
2026-09-09 02:42:21,825 - Get SMARTINFO error, error=Expecting value: line 1 column 1 (char 0)
2026-09-09 02:42:21,825 - 
2026-09-09 02:42:21,825 - ================================================================================
2026-09-09 02:42:22,826 - DRAM Used + Cache + Buffer + Swap = 61.15 GB
2026-09-09 02:42:22,826 - DRAM Used + Cache + Buffer = 61.15 GB
2026-09-09 02:42:22,826 - DRAM Used = 35.23 GB
2026-09-09 02:42:22,826 - DRAM Swap = 0.0 GB
2026-09-09 02:42:22,827 - 
2026-09-09 02:42:23,034 - VRAM Total = [140.4] GB
2026-09-09 02:42:23,034 - VRAM Used = [12.75] GB
2026-09-09 02:42:23,034 - 
2026-09-09 02:42:23,060 - Get SMARTINFO error, error=Expecting value: line 1 column 1 (char 0)
2026-09-09 02:42:23,061 - 
2026-09-09 02:42:23,061 - ================================================================================
2026-09-09 02:42:24,062 - DRAM Used + Cache + Buffer + Swap = 61.12 GB
2026-09-09 02:42:24,062 - DRAM Used + Cache + Buffer = 61.12 GB
2026-09-09 02:42:24,062 - DRAM Used = 35.2 GB
2026-09-09 02:42:24,062 - DRAM Swap = 0.0 GB
2026-09-09 02:42:24,062 - 
2026-09-09 02:42:24,269 - VRAM Total = [140.4] GB
2026-09-09 02:42:24,269 - VRAM Used = [7.12] GB
2026-09-09 02:42:24,270 - 
2026-09-09 02:42:24,295 - Get SMARTINFO error, error=Expecting value: line 1 column 1 (char 0)
2026-09-09 02:42:24,295 - 
2026-09-09 02:42:24,295 - ================================================================================
2026-09-09 02:42:25,296 - DRAM Used + Cache + Buffer + Swap = 61.1 GB
2026-09-09 02:42:25,296 - DRAM Used + Cache + Buffer = 61.1 GB
2026-09-09 02:42:25,296 - DRAM Used = 35.19 GB
2026-09-09 02:42:25,296 - DRAM Swap = 0.0 GB
2026-09-09 02:42:25,296 - 
2026-09-09 02:42:25,503 - VRAM Total = [140.4] GB
2026-09-09 02:42:25,503 - VRAM Used = [7.12] GB
2026-09-09 02:42:25,503 - 
2026-09-09 02:42:25,525 - Get SMARTINFO error, error=Expecting value: line 1 column 1 (char 0)
2026-09-09 02:42:25,525 - 
2026-09-09 02:42:25,525 - ================================================================================
2026-09-09 02:42:26,526 - DRAM Used + Cache + Buffer + Swap = 61.09 GB
2026-09-09 02:42:26,526 - DRAM Used + Cache + Buffer = 61.09 GB
2026-09-09 02:42:26,526 - DRAM Used = 35.17 GB
2026-09-09 02:42:26,526 - DRAM Swap = 0.0 GB
2026-09-09 02:42:26,526 - 
2026-09-09 02:42:26,733 - VRAM Total = [140.4] GB
2026-09-09 02:42:26,733 - VRAM Used = [8.99] GB
2026-09-09 02:42:26,733 - 
2026-09-09 02:42:26,759 - Get SMARTINFO error, error=Expecting value: line 1 column 1 (char 0)
2026-09-09 02:42:26,759 - 
2026-09-09 02:42:26,759 - ================================================================================
2026-09-09 02:42:27,760 - DRAM Used + Cache + Buffer + Swap = 61.06 GB
2026-09-09 02:42:27,760 - DRAM Used + Cache + Buffer = 61.06 GB
2026-09-09 02:42:27,760 - DRAM Used = 35.15 GB
2026-09-09 02:42:27,761 - DRAM Swap = 0.0 GB
2026-09-09 02:42:27,761 - 
2026-09-09 02:42:27,967 - VRAM Total = [140.4] GB
2026-09-09 02:42:27,967 - VRAM Used = [9.0] GB
2026-09-09 02:42:27,968 - 
2026-09-09 02:42:27,995 - Get SMARTINFO error, error=Expecting value: line 1 column 1 (char 0)
2026-09-09 02:42:27,995 - 
2026-09-09 02:42:27,995 - ================================================================================
2026-09-09 02:42:28,996 - DRAM Used + Cache + Buffer + Swap = 61.04 GB
2026-09-09 02:42:28,996 - DRAM Used + Cache + Buffer = 61.04 GB
2026-09-09 02:42:28,997 - DRAM Used = 35.12 GB
2026-09-09 02:42:28,997 - DRAM Swap = 0.0 GB
2026-09-09 02:42:28,997 - 
2026-09-09 02:42:29,203 - VRAM Total = [140.4] GB
2026-09-09 02:42:29,203 - VRAM Used = [9.0] GB
2026-09-09 02:42:29,203 - 
2026-09-09 02:42:29,229 - Get SMARTINFO error, error=Expecting value: line 1 column 1 (char 0)
2026-09-09 02:42:29,229 - 
2026-09-09 02:42:29,229 - ================================================================================
2026-09-09 02:42:30,230 - DRAM Used + Cache + Buffer + Swap = 61.02 GB
2026-09-09 02:42:30,230 - DRAM Used + Cache + Buffer = 61.02 GB
2026-09-09 02:42:30,230 - DRAM Used = 35.1 GB
2026-09-09 02:42:30,230 - DRAM Swap = 0.0 GB
2026-09-09 02:42:30,230 - 
2026-09-09 02:42:30,437 - VRAM Total = [140.4] GB
2026-09-09 02:42:30,437 - VRAM Used = [9.0] GB
2026-09-09 02:42:30,437 - 
2026-09-09 02:42:30,461 - Get SMARTINFO error, error=Expecting value: line 1 column 1 (char 0)
2026-09-09 02:42:30,461 - 
2026-09-09 02:42:30,461 - ================================================================================
2026-09-09 02:42:31,462 - DRAM Used + Cache + Buffer + Swap = 61.0 GB
2026-09-09 02:42:31,462 - DRAM Used + Cache + Buffer = 61.0 GB
2026-09-09 02:42:31,463 - DRAM Used = 35.09 GB
2026-09-09 02:42:31,463 - DRAM Swap = 0.0 GB
2026-09-09 02:42:31,463 - 
2026-09-09 02:42:31,669 - VRAM Total = [140.4] GB
2026-09-09 02:42:31,669 - VRAM Used = [12.75] GB
2026-09-09 02:42:31,669 - 
2026-09-09 02:42:31,692 - Get SMARTINFO error, error=Expecting value: line 1 column 1 (char 0)
2026-09-09 02:42:31,692 - 
2026-09-09 02:42:31,692 - ================================================================================
2026-09-09 02:42:32,693 - DRAM Used + Cache + Buffer + Swap = 60.99 GB
2026-09-09 02:42:32,693 - DRAM Used + Cache + Buffer = 60.99 GB
2026-09-09 02:42:32,693 - DRAM Used = 35.07 GB
2026-09-09 02:42:32,693 - DRAM Swap = 0.0 GB
2026-09-09 02:42:32,693 - 
2026-09-09 02:42:32,900 - VRAM Total = [140.4] GB
2026-09-09 02:42:32,900 - VRAM Used = [7.12] GB
2026-09-09 02:42:32,900 - 
2026-09-09 02:42:32,925 - Get SMARTINFO error, error=Expecting value: line 1 column 1 (char 0)
2026-09-09 02:42:32,925 - 
2026-09-09 02:42:32,925 - ================================================================================
2026-09-09 02:42:33,926 - DRAM Used + Cache + Buffer + Swap = 60.97 GB
2026-09-09 02:42:33,926 - DRAM Used + Cache + Buffer = 60.97 GB
2026-09-09 02:42:33,926 - DRAM Used = 35.05 GB
2026-09-09 02:42:33,926 - DRAM Swap = 0.0 GB
2026-09-09 02:42:33,926 - 
2026-09-09 02:42:34,134 - VRAM Total = [140.4] GB
2026-09-09 02:42:34,134 - VRAM Used = [9.0] GB
2026-09-09 02:42:34,134 - 
2026-09-09 02:42:34,160 - Get SMARTINFO error, error=Expecting value: line 1 column 1 (char 0)
2026-09-09 02:42:34,161 - 
2026-09-09 02:42:34,161 - ================================================================================
2026-09-09 02:42:35,162 - DRAM Used + Cache + Buffer + Swap = 60.95 GB
2026-09-09 02:42:35,162 - DRAM Used + Cache + Buffer = 60.95 GB
2026-09-09 02:42:35,162 - DRAM Used = 35.03 GB
2026-09-09 02:42:35,162 - DRAM Swap = 0.0 GB
2026-09-09 02:42:35,162 - 
2026-09-09 02:42:35,369 - VRAM Total = [140.4] GB
2026-09-09 02:42:35,369 - VRAM Used = [9.0] GB
2026-09-09 02:42:35,369 - 
2026-09-09 02:42:35,395 - Get SMARTINFO error, error=Expecting value: line 1 column 1 (char 0)
2026-09-09 02:42:35,395 - 
2026-09-09 02:42:35,395 - ================================================================================
2026-09-09 02:42:36,396 - DRAM Used + Cache + Buffer + Swap = 60.93 GB
2026-09-09 02:42:36,396 - DRAM Used + Cache + Buffer = 60.93 GB
2026-09-09 02:42:36,396 - DRAM Used = 35.02 GB
2026-09-09 02:42:36,396 - DRAM Swap = 0.0 GB
2026-09-09 02:42:36,396 - 
2026-09-09 02:42:36,602 - VRAM Total = [140.4] GB
2026-09-09 02:42:36,603 - VRAM Used = [9.0] GB
2026-09-09 02:42:36,603 - 
2026-09-09 02:42:36,627 - Get SMARTINFO error, error=Expecting value: line 1 column 1 (char 0)
2026-09-09 02:42:36,628 - 
2026-09-09 02:42:36,628 - ================================================================================
2026-09-09 02:42:37,629 - DRAM Used + Cache + Buffer + Swap = 60.92 GB
2026-09-09 02:42:37,629 - DRAM Used + Cache + Buffer = 60.92 GB
2026-09-09 02:42:37,629 - DRAM Used = 35.0 GB
2026-09-09 02:42:37,629 - DRAM Swap = 0.0 GB
2026-09-09 02:42:37,629 - 
2026-09-09 02:42:37,839 - VRAM Total = [140.4] GB
2026-09-09 02:42:37,839 - VRAM Used = [9.0] GB
2026-09-09 02:42:37,839 - 
2026-09-09 02:42:37,859 - Get SMARTINFO error, error=Expecting value: line 1 column 1 (char 0)
2026-09-09 02:42:37,859 - 
2026-09-09 02:42:37,859 - ================================================================================
2026-09-09 02:42:38,860 - DRAM Used + Cache + Buffer + Swap = 60.89 GB
2026-09-09 02:42:38,861 - DRAM Used + Cache + Buffer = 60.89 GB
2026-09-09 02:42:38,861 - DRAM Used = 34.98 GB
2026-09-09 02:42:38,861 - DRAM Swap = 0.0 GB
2026-09-09 02:42:38,861 - 
2026-09-09 02:42:39,067 - VRAM Total = [140.4] GB
2026-09-09 02:42:39,068 - VRAM Used = [9.0] GB
2026-09-09 02:42:39,068 - 
2026-09-09 02:42:39,092 - Get SMARTINFO error, error=Expecting value: line 1 column 1 (char 0)
2026-09-09 02:42:39,093 - 
2026-09-09 02:42:39,093 - ================================================================================
2026-09-09 02:42:40,094 - DRAM Used + Cache + Buffer + Swap = 60.87 GB
2026-09-09 02:42:40,094 - DRAM Used + Cache + Buffer = 60.87 GB
2026-09-09 02:42:40,094 - DRAM Used = 34.95 GB
2026-09-09 02:42:40,094 - DRAM Swap = 0.0 GB
2026-09-09 02:42:40,094 - 
2026-09-09 02:42:40,302 - VRAM Total = [140.4] GB
2026-09-09 02:42:40,302 - VRAM Used = [9.0] GB
2026-09-09 02:42:40,302 - 
2026-09-09 02:42:40,328 - Get SMARTINFO error, error=Expecting value: line 1 column 1 (char 0)
2026-09-09 02:42:40,328 - 
2026-09-09 02:42:40,328 - ================================================================================
2026-09-09 02:42:41,329 - DRAM Used + Cache + Buffer + Swap = 60.85 GB
2026-09-09 02:42:41,329 - DRAM Used + Cache + Buffer = 60.85 GB
2026-09-09 02:42:41,329 - DRAM Used = 34.94 GB
2026-09-09 02:42:41,329 - DRAM Swap = 0.0 GB
2026-09-09 02:42:41,329 - 
2026-09-09 02:42:41,536 - VRAM Total = [140.4] GB
2026-09-09 02:42:41,536 - VRAM Used = [9.0] GB
2026-09-09 02:42:41,536 - 
2026-09-09 02:42:41,560 - Get SMARTINFO error, error=Expecting value: line 1 column 1 (char 0)
2026-09-09 02:42:41,561 - 
2026-09-09 02:42:41,561 - ================================================================================
2026-09-09 02:42:42,562 - DRAM Used + Cache + Buffer + Swap = 60.84 GB
2026-09-09 02:42:42,562 - DRAM Used + Cache + Buffer = 60.84 GB
2026-09-09 02:42:42,562 - DRAM Used = 34.92 GB
2026-09-09 02:42:42,562 - DRAM Swap = 0.0 GB
2026-09-09 02:42:42,562 - 
2026-09-09 02:42:42,770 - VRAM Total = [140.4] GB
2026-09-09 02:42:42,770 - VRAM Used = [9.0] GB
2026-09-09 02:42:42,770 - 
2026-09-09 02:42:42,795 - Get SMARTINFO error, error=Expecting value: line 1 column 1 (char 0)
2026-09-09 02:42:42,796 - 
2026-09-09 02:42:42,796 - ================================================================================
2026-09-09 02:42:43,797 - DRAM Used + Cache + Buffer + Swap = 60.81 GB
2026-09-09 02:42:43,797 - DRAM Used + Cache + Buffer = 60.81 GB
2026-09-09 02:42:43,797 - DRAM Used = 34.9 GB
2026-09-09 02:42:43,797 - DRAM Swap = 0.0 GB
2026-09-09 02:42:43,797 - 
2026-09-09 02:42:44,004 - VRAM Total = [140.4] GB
2026-09-09 02:42:44,004 - VRAM Used = [7.12] GB
2026-09-09 02:42:44,004 - 
2026-09-09 02:42:44,030 - Get SMARTINFO error, error=Expecting value: line 1 column 1 (char 0)
2026-09-09 02:42:44,030 - 
2026-09-09 02:42:44,030 - ================================================================================
2026-09-09 02:42:45,031 - DRAM Used + Cache + Buffer + Swap = 60.79 GB
2026-09-09 02:42:45,032 - DRAM Used + Cache + Buffer = 60.79 GB
2026-09-09 02:42:45,032 - DRAM Used = 34.87 GB
2026-09-09 02:42:45,032 - DRAM Swap = 0.0 GB
2026-09-09 02:42:45,032 - 
2026-09-09 02:42:45,238 - VRAM Total = [140.4] GB
2026-09-09 02:42:45,238 - VRAM Used = [7.12] GB
2026-09-09 02:42:45,238 - 
2026-09-09 02:42:45,265 - Get SMARTINFO error, error=Expecting value: line 1 column 1 (char 0)
2026-09-09 02:42:45,265 - 
2026-09-09 02:42:45,265 - ================================================================================
2026-09-09 02:42:46,266 - DRAM Used + Cache + Buffer + Swap = 60.77 GB
2026-09-09 02:42:46,267 - DRAM Used + Cache + Buffer = 60.77 GB
2026-09-09 02:42:46,267 - DRAM Used = 34.85 GB
2026-09-09 02:42:46,267 - DRAM Swap = 0.0 GB
2026-09-09 02:42:46,267 - 
2026-09-09 02:42:46,473 - VRAM Total = [140.4] GB
2026-09-09 02:42:46,473 - VRAM Used = [9.0] GB
2026-09-09 02:42:46,473 - 
2026-09-09 02:42:46,496 - Get SMARTINFO error, error=Expecting value: line 1 column 1 (char 0)
2026-09-09 02:42:46,496 - 
2026-09-09 02:42:46,496 - ================================================================================
2026-09-09 02:42:47,497 - DRAM Used + Cache + Buffer + Swap = 60.75 GB
2026-09-09 02:42:47,498 - DRAM Used + Cache + Buffer = 60.75 GB
2026-09-09 02:42:47,498 - DRAM Used = 34.84 GB
2026-09-09 02:42:47,498 - DRAM Swap = 0.0 GB
2026-09-09 02:42:47,498 - 
2026-09-09 02:42:47,704 - VRAM Total = [140.4] GB
2026-09-09 02:42:47,704 - VRAM Used = [9.0] GB
2026-09-09 02:42:47,704 - 
2026-09-09 02:42:47,728 - Get SMARTINFO error, error=Expecting value: line 1 column 1 (char 0)
2026-09-09 02:42:47,728 - 
2026-09-09 02:42:47,728 - ================================================================================
2026-09-09 02:42:48,729 - DRAM Used + Cache + Buffer + Swap = 60.73 GB
2026-09-09 02:42:48,729 - DRAM Used + Cache + Buffer = 60.73 GB
2026-09-09 02:42:48,729 - DRAM Used = 34.82 GB
2026-09-09 02:42:48,729 - DRAM Swap = 0.0 GB
2026-09-09 02:42:48,729 - 
2026-09-09 02:42:48,936 - VRAM Total = [140.4] GB
2026-09-09 02:42:48,936 - VRAM Used = [9.0] GB
2026-09-09 02:42:48,936 - 
2026-09-09 02:42:48,959 - Get SMARTINFO error, error=Expecting value: line 1 column 1 (char 0)
2026-09-09 02:42:48,959 - 
2026-09-09 02:42:48,959 - ================================================================================
2026-09-09 02:42:49,960 - DRAM Used + Cache + Buffer + Swap = 60.72 GB
2026-09-09 02:42:49,960 - DRAM Used + Cache + Buffer = 60.72 GB
2026-09-09 02:42:49,960 - DRAM Used = 34.8 GB
2026-09-09 02:42:49,960 - DRAM Swap = 0.0 GB
2026-09-09 02:42:49,961 - 
2026-09-09 02:42:50,168 - VRAM Total = [140.4] GB
2026-09-09 02:42:50,168 - VRAM Used = [9.0] GB
2026-09-09 02:42:50,168 - 
2026-09-09 02:42:50,192 - Get SMARTINFO error, error=Expecting value: line 1 column 1 (char 0)
2026-09-09 02:42:50,192 - 
2026-09-09 02:42:50,192 - ================================================================================
2026-09-09 02:42:51,193 - DRAM Used + Cache + Buffer + Swap = 60.72 GB
2026-09-09 02:42:51,193 - DRAM Used + Cache + Buffer = 60.72 GB
2026-09-09 02:42:51,193 - DRAM Used = 34.8 GB
2026-09-09 02:42:51,193 - DRAM Swap = 0.0 GB
2026-09-09 02:42:51,193 - 
2026-09-09 02:42:51,400 - VRAM Total = [140.4] GB
2026-09-09 02:42:51,400 - VRAM Used = [9.0] GB
2026-09-09 02:42:51,400 - 
2026-09-09 02:42:51,424 - Get SMARTINFO error, error=Expecting value: line 1 column 1 (char 0)
2026-09-09 02:42:51,424 - 
2026-09-09 02:42:51,424 - ================================================================================
2026-09-09 02:42:52,425 - DRAM Used + Cache + Buffer + Swap = 60.71 GB
2026-09-09 02:42:52,425 - DRAM Used + Cache + Buffer = 60.71 GB
2026-09-09 02:42:52,425 - DRAM Used = 34.8 GB
2026-09-09 02:42:52,425 - DRAM Swap = 0.0 GB
2026-09-09 02:42:52,425 - 
2026-09-09 02:42:52,632 - VRAM Total = [140.4] GB
2026-09-09 02:42:52,633 - VRAM Used = [9.0] GB
2026-09-09 02:42:52,633 - 
2026-09-09 02:42:52,656 - Get SMARTINFO error, error=Expecting value: line 1 column 1 (char 0)
2026-09-09 02:42:52,656 - 
2026-09-09 02:42:52,656 - ================================================================================
2026-09-09 02:42:53,657 - DRAM Used + Cache + Buffer + Swap = 60.71 GB
2026-09-09 02:42:53,657 - DRAM Used + Cache + Buffer = 60.71 GB
2026-09-09 02:42:53,658 - DRAM Used = 34.79 GB
2026-09-09 02:42:53,658 - DRAM Swap = 0.0 GB
2026-09-09 02:42:53,658 - 
2026-09-09 02:42:53,865 - VRAM Total = [140.4] GB
2026-09-09 02:42:53,865 - VRAM Used = [9.0] GB
2026-09-09 02:42:53,865 - 
2026-09-09 02:42:53,891 - Get SMARTINFO error, error=Expecting value: line 1 column 1 (char 0)
2026-09-09 02:42:53,891 - 
2026-09-09 02:42:53,891 - ================================================================================
2026-09-09 02:42:54,892 - DRAM Used + Cache + Buffer + Swap = 60.7 GB
2026-09-09 02:42:54,892 - DRAM Used + Cache + Buffer = 60.7 GB
2026-09-09 02:42:54,892 - DRAM Used = 34.78 GB
2026-09-09 02:42:54,892 - DRAM Swap = 0.0 GB
2026-09-09 02:42:54,892 - 
2026-09-09 02:42:55,099 - VRAM Total = [140.4] GB
2026-09-09 02:42:55,099 - VRAM Used = [7.12] GB
2026-09-09 02:42:55,099 - 
2026-09-09 02:42:55,124 - Get SMARTINFO error, error=Expecting value: line 1 column 1 (char 0)
2026-09-09 02:42:55,124 - 
2026-09-09 02:42:55,124 - ================================================================================
2026-09-09 02:42:56,125 - DRAM Used + Cache + Buffer + Swap = 60.69 GB
2026-09-09 02:42:56,126 - DRAM Used + Cache + Buffer = 60.69 GB
2026-09-09 02:42:56,126 - DRAM Used = 34.77 GB
2026-09-09 02:42:56,126 - DRAM Swap = 0.0 GB
2026-09-09 02:42:56,126 - 
2026-09-09 02:42:56,332 - VRAM Total = [140.4] GB
2026-09-09 02:42:56,333 - VRAM Used = [7.12] GB
2026-09-09 02:42:56,333 - 
2026-09-09 02:42:56,359 - Get SMARTINFO error, error=Expecting value: line 1 column 1 (char 0)
2026-09-09 02:42:56,360 - 
2026-09-09 02:42:56,360 - ================================================================================
2026-09-09 02:42:57,361 - DRAM Used + Cache + Buffer + Swap = 60.69 GB
2026-09-09 02:42:57,361 - DRAM Used + Cache + Buffer = 60.69 GB
2026-09-09 02:42:57,361 - DRAM Used = 34.77 GB
2026-09-09 02:42:57,361 - DRAM Swap = 0.0 GB
2026-09-09 02:42:57,361 - 
2026-09-09 02:42:57,567 - VRAM Total = [140.4] GB
2026-09-09 02:42:57,568 - VRAM Used = [8.99] GB
2026-09-09 02:42:57,568 - 
2026-09-09 02:42:57,592 - Get SMARTINFO error, error=Expecting value: line 1 column 1 (char 0)
2026-09-09 02:42:57,592 - 
2026-09-09 02:42:57,592 - ================================================================================
2026-09-09 02:42:58,593 - DRAM Used + Cache + Buffer + Swap = 60.69 GB
2026-09-09 02:42:58,593 - DRAM Used + Cache + Buffer = 60.69 GB
2026-09-09 02:42:58,593 - DRAM Used = 34.77 GB
2026-09-09 02:42:58,593 - DRAM Swap = 0.0 GB
2026-09-09 02:42:58,594 - 
2026-09-09 02:42:58,800 - VRAM Total = [140.4] GB
2026-09-09 02:42:58,800 - VRAM Used = [9.0] GB
2026-09-09 02:42:58,800 - 
2026-09-09 02:42:58,824 - Get SMARTINFO error, error=Expecting value: line 1 column 1 (char 0)
2026-09-09 02:42:58,824 - 
2026-09-09 02:42:58,824 - ================================================================================
2026-09-09 02:42:59,825 - DRAM Used + Cache + Buffer + Swap = 60.69 GB
2026-09-09 02:42:59,825 - DRAM Used + Cache + Buffer = 60.69 GB
2026-09-09 02:42:59,825 - DRAM Used = 34.77 GB
2026-09-09 02:42:59,825 - DRAM Swap = 0.0 GB
2026-09-09 02:42:59,825 - 
2026-09-09 02:43:00,032 - VRAM Total = [140.4] GB
2026-09-09 02:43:00,033 - VRAM Used = [9.0] GB
2026-09-09 02:43:00,033 - 
2026-09-09 02:43:00,056 - Get SMARTINFO error, error=Expecting value: line 1 column 1 (char 0)
2026-09-09 02:43:00,056 - 
2026-09-09 02:43:00,056 - ================================================================================
2026-09-09 02:43:01,057 - DRAM Used + Cache + Buffer + Swap = 60.68 GB
2026-09-09 02:43:01,057 - DRAM Used + Cache + Buffer = 60.68 GB
2026-09-09 02:43:01,057 - DRAM Used = 34.76 GB
2026-09-09 02:43:01,057 - DRAM Swap = 0.0 GB
2026-09-09 02:43:01,057 - 
2026-09-09 02:43:01,264 - VRAM Total = [140.4] GB
2026-09-09 02:43:01,264 - VRAM Used = [9.0] GB
2026-09-09 02:43:01,264 - 
2026-09-09 02:43:01,285 - Get SMARTINFO error, error=Expecting value: line 1 column 1 (char 0)
2026-09-09 02:43:01,286 - 
2026-09-09 02:43:01,286 - ================================================================================
2026-09-09 02:43:02,287 - DRAM Used + Cache + Buffer + Swap = 60.68 GB
2026-09-09 02:43:02,287 - DRAM Used + Cache + Buffer = 60.68 GB
2026-09-09 02:43:02,287 - DRAM Used = 34.76 GB
2026-09-09 02:43:02,287 - DRAM Swap = 0.0 GB
2026-09-09 02:43:02,287 - 
2026-09-09 02:43:02,493 - VRAM Total = [140.4] GB
2026-09-09 02:43:02,493 - VRAM Used = [9.0] GB
2026-09-09 02:43:02,493 - 
2026-09-09 02:43:02,517 - Get SMARTINFO error, error=Expecting value: line 1 column 1 (char 0)
2026-09-09 02:43:02,517 - 
2026-09-09 02:43:02,518 - ================================================================================
2026-09-09 02:43:03,519 - DRAM Used + Cache + Buffer + Swap = 60.68 GB
2026-09-09 02:43:03,519 - DRAM Used + Cache + Buffer = 60.68 GB
2026-09-09 02:43:03,519 - DRAM Used = 34.76 GB
2026-09-09 02:43:03,519 - DRAM Swap = 0.0 GB
2026-09-09 02:43:03,519 - 
2026-09-09 02:43:03,725 - VRAM Total = [140.4] GB
2026-09-09 02:43:03,726 - VRAM Used = [9.0] GB
2026-09-09 02:43:03,726 - 
2026-09-09 02:43:03,749 - Get SMARTINFO error, error=Expecting value: line 1 column 1 (char 0)
2026-09-09 02:43:03,749 - 
2026-09-09 02:43:03,749 - ================================================================================
2026-09-09 02:43:04,750 - DRAM Used + Cache + Buffer + Swap = 60.68 GB
2026-09-09 02:43:04,750 - DRAM Used + Cache + Buffer = 60.68 GB
2026-09-09 02:43:04,750 - DRAM Used = 34.76 GB
2026-09-09 02:43:04,751 - DRAM Swap = 0.0 GB
2026-09-09 02:43:04,751 - 
2026-09-09 02:43:04,957 - VRAM Total = [140.4] GB
2026-09-09 02:43:04,957 - VRAM Used = [9.0] GB
2026-09-09 02:43:04,957 - 
2026-09-09 02:43:04,981 - Get SMARTINFO error, error=Expecting value: line 1 column 1 (char 0)
2026-09-09 02:43:04,981 - 
2026-09-09 02:43:04,982 - ================================================================================
2026-09-09 02:43:05,983 - DRAM Used + Cache + Buffer + Swap = 60.68 GB
2026-09-09 02:43:05,983 - DRAM Used + Cache + Buffer = 60.68 GB
2026-09-09 02:43:05,983 - DRAM Used = 34.76 GB
2026-09-09 02:43:05,983 - DRAM Swap = 0.0 GB
2026-09-09 02:43:05,983 - 
2026-09-09 02:43:06,197 - VRAM Total = [140.4] GB
2026-09-09 02:43:06,197 - VRAM Used = [12.75] GB
2026-09-09 02:43:06,197 - 
2026-09-09 02:43:06,221 - Get SMARTINFO error, error=Expecting value: line 1 column 1 (char 0)
2026-09-09 02:43:06,221 - 
2026-09-09 02:43:06,221 - ================================================================================
2026-09-09 02:43:07,222 - DRAM Used + Cache + Buffer + Swap = 60.65 GB
2026-09-09 02:43:07,222 - DRAM Used + Cache + Buffer = 60.65 GB
2026-09-09 02:43:07,222 - DRAM Used = 34.73 GB
2026-09-09 02:43:07,222 - DRAM Swap = 0.0 GB
2026-09-09 02:43:07,222 - 
2026-09-09 02:43:07,428 - VRAM Total = [140.4] GB
2026-09-09 02:43:07,428 - VRAM Used = [12.75] GB
2026-09-09 02:43:07,428 - 
2026-09-09 02:43:07,445 - Get SMARTINFO error, error=Expecting value: line 1 column 1 (char 0)
2026-09-09 02:43:07,445 - 
2026-09-09 02:43:07,445 - ================================================================================
2026-09-09 02:43:08,446 - DRAM Used + Cache + Buffer + Swap = 60.63 GB
2026-09-09 02:43:08,446 - DRAM Used + Cache + Buffer = 60.63 GB
2026-09-09 02:43:08,446 - DRAM Used = 34.72 GB
2026-09-09 02:43:08,446 - DRAM Swap = 0.0 GB
2026-09-09 02:43:08,447 - 
2026-09-09 02:43:08,654 - VRAM Total = [140.4] GB
2026-09-09 02:43:08,654 - VRAM Used = [12.75] GB
2026-09-09 02:43:08,654 - 
2026-09-09 02:43:08,679 - Get SMARTINFO error, error=Expecting value: line 1 column 1 (char 0)
2026-09-09 02:43:08,679 - 
2026-09-09 02:43:08,679 - ================================================================================
2026-09-09 02:43:09,681 - DRAM Used + Cache + Buffer + Swap = 60.62 GB
2026-09-09 02:43:09,681 - DRAM Used + Cache + Buffer = 60.62 GB
2026-09-09 02:43:09,681 - DRAM Used = 34.7 GB
2026-09-09 02:43:09,681 - DRAM Swap = 0.0 GB
2026-09-09 02:43:09,681 - 
2026-09-09 02:43:09,895 - VRAM Total = [140.4] GB
2026-09-09 02:43:09,895 - VRAM Used = [12.75] GB
2026-09-09 02:43:09,895 - 
2026-09-09 02:43:09,924 - Get SMARTINFO error, error=Expecting value: line 1 column 1 (char 0)
2026-09-09 02:43:09,924 - 
2026-09-09 02:43:09,924 - ================================================================================
2026-09-09 02:43:10,926 - DRAM Used + Cache + Buffer + Swap = 60.59 GB
2026-09-09 02:43:10,926 - DRAM Used + Cache + Buffer = 60.59 GB
2026-09-09 02:43:10,926 - DRAM Used = 34.67 GB
2026-09-09 02:43:10,926 - DRAM Swap = 0.0 GB
2026-09-09 02:43:10,926 - 
2026-09-09 02:43:11,135 - VRAM Total = [140.4] GB
2026-09-09 02:43:11,135 - VRAM Used = [12.75] GB
2026-09-09 02:43:11,135 - 
2026-09-09 02:43:11,159 - Get SMARTINFO error, error=Expecting value: line 1 column 1 (char 0)
2026-09-09 02:43:11,159 - 
2026-09-09 02:43:11,159 - ================================================================================
2026-09-09 02:43:12,161 - DRAM Used + Cache + Buffer + Swap = 60.57 GB
2026-09-09 02:43:12,161 - DRAM Used + Cache + Buffer = 60.57 GB
2026-09-09 02:43:12,161 - DRAM Used = 34.65 GB
2026-09-09 02:43:12,161 - DRAM Swap = 0.0 GB
2026-09-09 02:43:12,161 - 
2026-09-09 02:43:12,376 - VRAM Total = [140.4] GB
2026-09-09 02:43:12,376 - VRAM Used = [12.75] GB
2026-09-09 02:43:12,376 - 
2026-09-09 02:43:12,392 - Get SMARTINFO error, error=Expecting value: line 1 column 1 (char 0)
2026-09-09 02:43:12,392 - 
2026-09-09 02:43:12,392 - ================================================================================
2026-09-09 02:43:13,393 - DRAM Used + Cache + Buffer + Swap = 60.55 GB
2026-09-09 02:43:13,393 - DRAM Used + Cache + Buffer = 60.55 GB
2026-09-09 02:43:13,393 - DRAM Used = 34.64 GB
2026-09-09 02:43:13,393 - DRAM Swap = 0.0 GB
2026-09-09 02:43:13,393 - 
2026-09-09 02:43:13,599 - VRAM Total = [140.4] GB
2026-09-09 02:43:13,600 - VRAM Used = [12.75] GB
2026-09-09 02:43:13,600 - 
2026-09-09 02:43:13,628 - Get SMARTINFO error, error=Expecting value: line 1 column 1 (char 0)
2026-09-09 02:43:13,628 - 
2026-09-09 02:43:13,628 - ================================================================================
2026-09-09 02:43:14,629 - DRAM Used + Cache + Buffer + Swap = 60.54 GB
2026-09-09 02:43:14,629 - DRAM Used + Cache + Buffer = 60.54 GB
2026-09-09 02:43:14,629 - DRAM Used = 34.62 GB
2026-09-09 02:43:14,629 - DRAM Swap = 0.0 GB
2026-09-09 02:43:14,629 - 
2026-09-09 02:43:14,835 - VRAM Total = [140.4] GB
2026-09-09 02:43:14,836 - VRAM Used = [12.75] GB
2026-09-09 02:43:14,836 - 
2026-09-09 02:43:14,862 - Get SMARTINFO error, error=Expecting value: line 1 column 1 (char 0)
2026-09-09 02:43:14,862 - 
2026-09-09 02:43:14,862 - ================================================================================
2026-09-09 02:43:15,864 - DRAM Used + Cache + Buffer + Swap = 60.5 GB
2026-09-09 02:43:15,864 - DRAM Used + Cache + Buffer = 60.5 GB
2026-09-09 02:43:15,864 - DRAM Used = 34.59 GB
2026-09-09 02:43:15,864 - DRAM Swap = 0.0 GB
2026-09-09 02:43:15,864 - 
2026-09-09 02:43:16,071 - VRAM Total = [140.4] GB
2026-09-09 02:43:16,072 - VRAM Used = [12.75] GB
2026-09-09 02:43:16,072 - 
2026-09-09 02:43:16,093 - Get SMARTINFO error, error=Expecting value: line 1 column 1 (char 0)
2026-09-09 02:43:16,093 - 
2026-09-09 02:43:16,093 - ================================================================================
2026-09-09 02:43:17,094 - DRAM Used + Cache + Buffer + Swap = 60.48 GB
2026-09-09 02:43:17,095 - DRAM Used + Cache + Buffer = 60.48 GB
2026-09-09 02:43:17,095 - DRAM Used = 34.56 GB
2026-09-09 02:43:17,095 - DRAM Swap = 0.0 GB
2026-09-09 02:43:17,095 - 
2026-09-09 02:43:17,301 - VRAM Total = [140.4] GB
2026-09-09 02:43:17,302 - VRAM Used = [12.75] GB
2026-09-09 02:43:17,302 - 
2026-09-09 02:43:17,328 - Get SMARTINFO error, error=Expecting value: line 1 column 1 (char 0)
2026-09-09 02:43:17,328 - 
2026-09-09 02:43:17,328 - ================================================================================
2026-09-09 02:43:18,329 - DRAM Used + Cache + Buffer + Swap = 60.46 GB
2026-09-09 02:43:18,329 - DRAM Used + Cache + Buffer = 60.46 GB
2026-09-09 02:43:18,329 - DRAM Used = 34.54 GB
2026-09-09 02:43:18,329 - DRAM Swap = 0.0 GB
2026-09-09 02:43:18,329 - 
2026-09-09 02:43:18,535 - VRAM Total = [140.4] GB
2026-09-09 02:43:18,535 - VRAM Used = [12.75] GB
2026-09-09 02:43:18,535 - 
2026-09-09 02:43:18,562 - Get SMARTINFO error, error=Expecting value: line 1 column 1 (char 0)
2026-09-09 02:43:18,563 - 
2026-09-09 02:43:18,563 - ================================================================================
2026-09-09 02:43:19,564 - DRAM Used + Cache + Buffer + Swap = 60.44 GB
2026-09-09 02:43:19,564 - DRAM Used + Cache + Buffer = 60.44 GB
2026-09-09 02:43:19,564 - DRAM Used = 34.53 GB
2026-09-09 02:43:19,565 - DRAM Swap = 0.0 GB
2026-09-09 02:43:19,565 - 
2026-09-09 02:43:19,773 - VRAM Total = [140.4] GB
2026-09-09 02:43:19,773 - VRAM Used = [12.75] GB
2026-09-09 02:43:19,774 - 
2026-09-09 02:43:19,796 - Get SMARTINFO error, error=Expecting value: line 1 column 1 (char 0)
2026-09-09 02:43:19,796 - 
2026-09-09 02:43:19,796 - ================================================================================
2026-09-09 02:43:20,797 - DRAM Used + Cache + Buffer + Swap = 60.42 GB
2026-09-09 02:43:20,797 - DRAM Used + Cache + Buffer = 60.42 GB
2026-09-09 02:43:20,798 - DRAM Used = 34.5 GB
2026-09-09 02:43:20,798 - DRAM Swap = 0.0 GB
2026-09-09 02:43:20,798 - 
2026-09-09 02:43:21,007 - VRAM Total = [140.4] GB
2026-09-09 02:43:21,008 - VRAM Used = [12.75] GB
2026-09-09 02:43:21,009 - 
2026-09-09 02:43:21,028 - Get SMARTINFO error, error=Expecting value: line 1 column 1 (char 0)
2026-09-09 02:43:21,028 - 
2026-09-09 02:43:21,028 - ================================================================================
2026-09-09 02:43:22,029 - DRAM Used + Cache + Buffer + Swap = 60.39 GB
2026-09-09 02:43:22,029 - DRAM Used + Cache + Buffer = 60.39 GB
2026-09-09 02:43:22,029 - DRAM Used = 34.48 GB
2026-09-09 02:43:22,030 - DRAM Swap = 0.0 GB
2026-09-09 02:43:22,030 - 
2026-09-09 02:43:22,239 - VRAM Total = [140.4] GB
2026-09-09 02:43:22,239 - VRAM Used = [12.75] GB
2026-09-09 02:43:22,239 - 
2026-09-09 02:43:22,262 - Get SMARTINFO error, error=Expecting value: line 1 column 1 (char 0)
2026-09-09 02:43:22,262 - 
2026-09-09 02:43:22,262 - ================================================================================
2026-09-09 02:43:23,264 - DRAM Used + Cache + Buffer + Swap = 60.38 GB
2026-09-09 02:43:23,264 - DRAM Used + Cache + Buffer = 60.38 GB
2026-09-09 02:43:23,264 - DRAM Used = 34.46 GB
2026-09-09 02:43:23,264 - DRAM Swap = 0.0 GB
2026-09-09 02:43:23,264 - 
2026-09-09 02:43:23,471 - VRAM Total = [140.4] GB
2026-09-09 02:43:23,471 - VRAM Used = [12.75] GB
2026-09-09 02:43:23,471 - 
2026-09-09 02:43:23,496 - Get SMARTINFO error, error=Expecting value: line 1 column 1 (char 0)
2026-09-09 02:43:23,497 - 
2026-09-09 02:43:23,497 - ================================================================================
2026-09-09 02:43:24,498 - DRAM Used + Cache + Buffer + Swap = 60.35 GB
2026-09-09 02:43:24,498 - DRAM Used + Cache + Buffer = 60.35 GB
2026-09-09 02:43:24,498 - DRAM Used = 34.44 GB
2026-09-09 02:43:24,498 - DRAM Swap = 0.0 GB
2026-09-09 02:43:24,498 - 
2026-09-09 02:43:24,706 - VRAM Total = [140.4] GB
2026-09-09 02:43:24,706 - VRAM Used = [12.75] GB
2026-09-09 02:43:24,706 - 
2026-09-09 02:43:24,732 - Get SMARTINFO error, error=Expecting value: line 1 column 1 (char 0)
2026-09-09 02:43:24,732 - 
2026-09-09 02:43:24,732 - ================================================================================
2026-09-09 02:43:25,734 - DRAM Used + Cache + Buffer + Swap = 60.34 GB
2026-09-09 02:43:25,734 - DRAM Used + Cache + Buffer = 60.34 GB
2026-09-09 02:43:25,734 - DRAM Used = 34.42 GB
2026-09-09 02:43:25,734 - DRAM Swap = 0.0 GB
2026-09-09 02:43:25,734 - 
2026-09-09 02:43:25,942 - VRAM Total = [140.4] GB
2026-09-09 02:43:25,942 - VRAM Used = [12.75] GB
2026-09-09 02:43:25,942 - 
2026-09-09 02:43:25,956 - Get SMARTINFO error, error=Expecting value: line 1 column 1 (char 0)
2026-09-09 02:43:25,956 - 
2026-09-09 02:43:25,957 - ================================================================================
2026-09-09 02:43:26,957 - DRAM Used + Cache + Buffer + Swap = 60.31 GB
2026-09-09 02:43:26,958 - DRAM Used + Cache + Buffer = 60.31 GB
2026-09-09 02:43:26,958 - DRAM Used = 34.39 GB
2026-09-09 02:43:26,958 - DRAM Swap = 0.0 GB
2026-09-09 02:43:26,958 - 
2026-09-09 02:43:27,163 - VRAM Total = [140.4] GB
2026-09-09 02:43:27,164 - VRAM Used = [12.75] GB
2026-09-09 02:43:27,164 - 
2026-09-09 02:43:27,188 - Get SMARTINFO error, error=Expecting value: line 1 column 1 (char 0)
2026-09-09 02:43:27,189 - 
2026-09-09 02:43:27,189 - ================================================================================
2026-09-09 02:43:28,190 - DRAM Used + Cache + Buffer + Swap = 60.3 GB
2026-09-09 02:43:28,190 - DRAM Used + Cache + Buffer = 60.3 GB
2026-09-09 02:43:28,190 - DRAM Used = 34.38 GB
2026-09-09 02:43:28,190 - DRAM Swap = 0.0 GB
2026-09-09 02:43:28,190 - 
2026-09-09 02:43:28,397 - VRAM Total = [140.4] GB
2026-09-09 02:43:28,397 - VRAM Used = [12.75] GB
2026-09-09 02:43:28,397 - 
2026-09-09 02:43:28,423 - Get SMARTINFO error, error=Expecting value: line 1 column 1 (char 0)
2026-09-09 02:43:28,423 - 
2026-09-09 02:43:28,423 - ================================================================================
2026-09-09 02:43:29,424 - DRAM Used + Cache + Buffer + Swap = 60.28 GB
2026-09-09 02:43:29,424 - DRAM Used + Cache + Buffer = 60.28 GB
2026-09-09 02:43:29,424 - DRAM Used = 34.37 GB
2026-09-09 02:43:29,424 - DRAM Swap = 0.0 GB
2026-09-09 02:43:29,424 - 
2026-09-09 02:43:29,630 - VRAM Total = [140.4] GB
2026-09-09 02:43:29,630 - VRAM Used = [12.75] GB
2026-09-09 02:43:29,630 - 
2026-09-09 02:43:29,655 - Get SMARTINFO error, error=Expecting value: line 1 column 1 (char 0)
2026-09-09 02:43:29,655 - 
2026-09-09 02:43:29,655 - ================================================================================
2026-09-09 02:43:30,657 - DRAM Used + Cache + Buffer + Swap = 60.27 GB
2026-09-09 02:43:30,658 - DRAM Used + Cache + Buffer = 60.27 GB
2026-09-09 02:43:30,658 - DRAM Used = 34.35 GB
2026-09-09 02:43:30,658 - DRAM Swap = 0.0 GB
2026-09-09 02:43:30,658 - 
2026-09-09 02:43:30,868 - VRAM Total = [140.4] GB
2026-09-09 02:43:30,868 - VRAM Used = [12.75] GB
2026-09-09 02:43:30,868 - 
2026-09-09 02:43:30,891 - Get SMARTINFO error, error=Expecting value: line 1 column 1 (char 0)
2026-09-09 02:43:30,891 - 
2026-09-09 02:43:30,891 - ================================================================================
2026-09-09 02:43:31,892 - DRAM Used + Cache + Buffer + Swap = 60.25 GB
2026-09-09 02:43:31,892 - DRAM Used + Cache + Buffer = 60.25 GB
2026-09-09 02:43:31,892 - DRAM Used = 34.33 GB
2026-09-09 02:43:31,892 - DRAM Swap = 0.0 GB
2026-09-09 02:43:31,893 - 
2026-09-09 02:43:32,100 - VRAM Total = [140.4] GB
2026-09-09 02:43:32,100 - VRAM Used = [12.75] GB
2026-09-09 02:43:32,100 - 
2026-09-09 02:43:32,126 - Get SMARTINFO error, error=Expecting value: line 1 column 1 (char 0)
2026-09-09 02:43:32,126 - 
2026-09-09 02:43:32,126 - ================================================================================
2026-09-09 02:43:33,128 - DRAM Used + Cache + Buffer + Swap = 60.23 GB
2026-09-09 02:43:33,128 - DRAM Used + Cache + Buffer = 60.23 GB
2026-09-09 02:43:33,128 - DRAM Used = 34.31 GB
2026-09-09 02:43:33,128 - DRAM Swap = 0.0 GB
2026-09-09 02:43:33,128 - 
2026-09-09 02:43:33,338 - VRAM Total = [140.4] GB
2026-09-09 02:43:33,339 - VRAM Used = [12.75] GB
2026-09-09 02:43:33,339 - 
2026-09-09 02:43:33,353 - Get SMARTINFO error, error=Expecting value: line 1 column 1 (char 0)
2026-09-09 02:43:33,353 - 
2026-09-09 02:43:33,353 - ================================================================================
2026-09-09 02:43:34,354 - DRAM Used + Cache + Buffer + Swap = 60.22 GB
2026-09-09 02:43:34,354 - DRAM Used + Cache + Buffer = 60.22 GB
2026-09-09 02:43:34,354 - DRAM Used = 34.3 GB
2026-09-09 02:43:34,354 - DRAM Swap = 0.0 GB
2026-09-09 02:43:34,354 - 
2026-09-09 02:43:34,561 - VRAM Total = [140.4] GB
2026-09-09 02:43:34,562 - VRAM Used = [12.75] GB
2026-09-09 02:43:34,562 - 
2026-09-09 02:43:34,589 - Get SMARTINFO error, error=Expecting value: line 1 column 1 (char 0)
2026-09-09 02:43:34,589 - 
2026-09-09 02:43:34,589 - ================================================================================
2026-09-09 02:43:35,591 - DRAM Used + Cache + Buffer + Swap = 60.21 GB
2026-09-09 02:43:35,591 - DRAM Used + Cache + Buffer = 60.21 GB
2026-09-09 02:43:35,591 - DRAM Used = 34.3 GB
2026-09-09 02:43:35,591 - DRAM Swap = 0.0 GB
2026-09-09 02:43:35,591 - 
2026-09-09 02:43:35,798 - VRAM Total = [140.4] GB
2026-09-09 02:43:35,798 - VRAM Used = [7.12] GB
2026-09-09 02:43:35,798 - 
2026-09-09 02:43:35,823 - Get SMARTINFO error, error=Expecting value: line 1 column 1 (char 0)
2026-09-09 02:43:35,824 - 
2026-09-09 02:43:35,824 - ================================================================================
2026-09-09 02:43:36,825 - DRAM Used + Cache + Buffer + Swap = 60.2 GB
2026-09-09 02:43:36,825 - DRAM Used + Cache + Buffer = 60.2 GB
2026-09-09 02:43:36,825 - DRAM Used = 34.29 GB
2026-09-09 02:43:36,825 - DRAM Swap = 0.0 GB
2026-09-09 02:43:36,825 - 
2026-09-09 02:43:37,031 - VRAM Total = [140.4] GB
2026-09-09 02:43:37,031 - VRAM Used = [7.12] GB
2026-09-09 02:43:37,031 - 
2026-09-09 02:43:37,054 - Get SMARTINFO error, error=Expecting value: line 1 column 1 (char 0)
2026-09-09 02:43:37,054 - 
2026-09-09 02:43:37,054 - ================================================================================
2026-09-09 02:43:38,055 - DRAM Used + Cache + Buffer + Swap = 60.2 GB
2026-09-09 02:43:38,055 - DRAM Used + Cache + Buffer = 60.2 GB
2026-09-09 02:43:38,055 - DRAM Used = 34.29 GB
2026-09-09 02:43:38,056 - DRAM Swap = 0.0 GB
2026-09-09 02:43:38,056 - 
2026-09-09 02:43:38,264 - VRAM Total = [140.4] GB
2026-09-09 02:43:38,264 - VRAM Used = [8.99] GB
2026-09-09 02:43:38,264 - 
2026-09-09 02:43:38,287 - Get SMARTINFO error, error=Expecting value: line 1 column 1 (char 0)
2026-09-09 02:43:38,288 - 
2026-09-09 02:43:38,288 - ================================================================================
2026-09-09 02:43:39,289 - DRAM Used + Cache + Buffer + Swap = 60.2 GB
2026-09-09 02:43:39,289 - DRAM Used + Cache + Buffer = 60.2 GB
2026-09-09 02:43:39,289 - DRAM Used = 34.28 GB
2026-09-09 02:43:39,289 - DRAM Swap = 0.0 GB
2026-09-09 02:43:39,289 - 
2026-09-09 02:43:39,496 - VRAM Total = [140.4] GB
2026-09-09 02:43:39,496 - VRAM Used = [9.0] GB
2026-09-09 02:43:39,496 - 
2026-09-09 02:43:39,518 - Get SMARTINFO error, error=Expecting value: line 1 column 1 (char 0)
2026-09-09 02:43:39,519 - 
2026-09-09 02:43:39,519 - ================================================================================
2026-09-09 02:43:40,520 - DRAM Used + Cache + Buffer + Swap = 60.2 GB
2026-09-09 02:43:40,520 - DRAM Used + Cache + Buffer = 60.2 GB
2026-09-09 02:43:40,520 - DRAM Used = 34.28 GB
2026-09-09 02:43:40,520 - DRAM Swap = 0.0 GB
2026-09-09 02:43:40,520 - 
2026-09-09 02:43:40,726 - VRAM Total = [140.4] GB
2026-09-09 02:43:40,726 - VRAM Used = [9.0] GB
2026-09-09 02:43:40,726 - 
2026-09-09 02:43:40,749 - Get SMARTINFO error, error=Expecting value: line 1 column 1 (char 0)
2026-09-09 02:43:40,750 - 
2026-09-09 02:43:40,750 - ================================================================================
2026-09-09 02:43:41,751 - DRAM Used + Cache + Buffer + Swap = 60.19 GB
2026-09-09 02:43:41,751 - DRAM Used + Cache + Buffer = 60.19 GB
2026-09-09 02:43:41,751 - DRAM Used = 34.27 GB
2026-09-09 02:43:41,751 - DRAM Swap = 0.0 GB
2026-09-09 02:43:41,751 - 
2026-09-09 02:43:41,957 - VRAM Total = [140.4] GB
2026-09-09 02:43:41,957 - VRAM Used = [9.0] GB
2026-09-09 02:43:41,957 - 
2026-09-09 02:43:41,980 - Get SMARTINFO error, error=Expecting value: line 1 column 1 (char 0)
2026-09-09 02:43:41,981 - 
2026-09-09 02:43:41,981 - ================================================================================
2026-09-09 02:43:42,982 - DRAM Used + Cache + Buffer + Swap = 60.18 GB
2026-09-09 02:43:42,982 - DRAM Used + Cache + Buffer = 60.18 GB
2026-09-09 02:43:42,982 - DRAM Used = 34.27 GB
2026-09-09 02:43:42,983 - DRAM Swap = 0.0 GB
2026-09-09 02:43:42,983 - 
2026-09-09 02:43:43,190 - VRAM Total = [140.4] GB
2026-09-09 02:43:43,190 - VRAM Used = [12.75] GB
2026-09-09 02:43:43,190 - 
2026-09-09 02:43:43,214 - Get SMARTINFO error, error=Expecting value: line 1 column 1 (char 0)
2026-09-09 02:43:43,215 - 
2026-09-09 02:43:43,215 - ================================================================================
2026-09-09 02:43:44,216 - DRAM Used + Cache + Buffer + Swap = 60.17 GB
2026-09-09 02:43:44,216 - DRAM Used + Cache + Buffer = 60.17 GB
2026-09-09 02:43:44,216 - DRAM Used = 34.26 GB
2026-09-09 02:43:44,216 - DRAM Swap = 0.0 GB
2026-09-09 02:43:44,216 - 
2026-09-09 02:43:44,422 - VRAM Total = [140.4] GB
2026-09-09 02:43:44,423 - VRAM Used = [7.12] GB
2026-09-09 02:43:44,423 - 
2026-09-09 02:43:44,449 - Get SMARTINFO error, error=Expecting value: line 1 column 1 (char 0)
2026-09-09 02:43:44,449 - 
2026-09-09 02:43:44,449 - ================================================================================
2026-09-09 02:43:45,450 - DRAM Used + Cache + Buffer + Swap = 60.17 GB
2026-09-09 02:43:45,450 - DRAM Used + Cache + Buffer = 60.17 GB
2026-09-09 02:43:45,450 - DRAM Used = 34.25 GB
2026-09-09 02:43:45,450 - DRAM Swap = 0.0 GB
2026-09-09 02:43:45,450 - 
2026-09-09 02:43:45,657 - VRAM Total = [140.4] GB
2026-09-09 02:43:45,657 - VRAM Used = [9.0] GB
2026-09-09 02:43:45,657 - 
2026-09-09 02:43:45,680 - Get SMARTINFO error, error=Expecting value: line 1 column 1 (char 0)
2026-09-09 02:43:45,681 - 
2026-09-09 02:43:45,681 - ================================================================================
2026-09-09 02:43:46,682 - DRAM Used + Cache + Buffer + Swap = 60.16 GB
2026-09-09 02:43:46,682 - DRAM Used + Cache + Buffer = 60.16 GB
2026-09-09 02:43:46,682 - DRAM Used = 34.24 GB
2026-09-09 02:43:46,682 - DRAM Swap = 0.0 GB
2026-09-09 02:43:46,682 - 
2026-09-09 02:43:46,889 - VRAM Total = [140.4] GB
2026-09-09 02:43:46,889 - VRAM Used = [9.0] GB
2026-09-09 02:43:46,889 - 
2026-09-09 02:43:46,915 - Get SMARTINFO error, error=Expecting value: line 1 column 1 (char 0)
2026-09-09 02:43:46,915 - 
2026-09-09 02:43:46,915 - ================================================================================
2026-09-09 02:43:47,917 - DRAM Used + Cache + Buffer + Swap = 60.15 GB
2026-09-09 02:43:47,917 - DRAM Used + Cache + Buffer = 60.15 GB
2026-09-09 02:43:47,917 - DRAM Used = 34.23 GB
2026-09-09 02:43:47,917 - DRAM Swap = 0.0 GB
2026-09-09 02:43:47,917 - 
2026-09-09 02:43:48,124 - VRAM Total = [140.4] GB
2026-09-09 02:43:48,124 - VRAM Used = [9.0] GB
2026-09-09 02:43:48,124 - 
2026-09-09 02:43:48,147 - Get SMARTINFO error, error=Expecting value: line 1 column 1 (char 0)
2026-09-09 02:43:48,147 - 
2026-09-09 02:43:48,147 - ================================================================================
2026-09-09 02:43:49,149 - DRAM Used + Cache + Buffer + Swap = 60.13 GB
2026-09-09 02:43:49,149 - DRAM Used + Cache + Buffer = 60.13 GB
2026-09-09 02:43:49,149 - DRAM Used = 34.22 GB
2026-09-09 02:43:49,149 - DRAM Swap = 0.0 GB
2026-09-09 02:43:49,149 - 
2026-09-09 02:43:49,355 - VRAM Total = [140.4] GB
2026-09-09 02:43:49,356 - VRAM Used = [9.0] GB
2026-09-09 02:43:49,356 - 
2026-09-09 02:43:49,378 - Get SMARTINFO error, error=Expecting value: line 1 column 1 (char 0)
2026-09-09 02:43:49,378 - 
2026-09-09 02:43:49,379 - ================================================================================
2026-09-09 02:43:50,380 - DRAM Used + Cache + Buffer + Swap = 60.12 GB
2026-09-09 02:43:50,380 - DRAM Used + Cache + Buffer = 60.12 GB
2026-09-09 02:43:50,380 - DRAM Used = 34.21 GB
2026-09-09 02:43:50,380 - DRAM Swap = 0.0 GB
2026-09-09 02:43:50,380 - 
2026-09-09 02:43:50,586 - VRAM Total = [140.4] GB
2026-09-09 02:43:50,586 - VRAM Used = [9.0] GB
2026-09-09 02:43:50,586 - 
2026-09-09 02:43:50,612 - Get SMARTINFO error, error=Expecting value: line 1 column 1 (char 0)
2026-09-09 02:43:50,613 - 
2026-09-09 02:43:50,613 - ================================================================================
2026-09-09 02:43:51,614 - DRAM Used + Cache + Buffer + Swap = 60.12 GB
2026-09-09 02:43:51,614 - DRAM Used + Cache + Buffer = 60.12 GB
2026-09-09 02:43:51,614 - DRAM Used = 34.2 GB
2026-09-09 02:43:51,614 - DRAM Swap = 0.0 GB
2026-09-09 02:43:51,614 - 
2026-09-09 02:43:51,820 - VRAM Total = [140.4] GB
2026-09-09 02:43:51,820 - VRAM Used = [9.0] GB
2026-09-09 02:43:51,820 - 
2026-09-09 02:43:51,844 - Get SMARTINFO error, error=Expecting value: line 1 column 1 (char 0)
2026-09-09 02:43:51,844 - 
2026-09-09 02:43:51,844 - ================================================================================
2026-09-09 02:43:52,845 - DRAM Used + Cache + Buffer + Swap = 60.11 GB
2026-09-09 02:43:52,846 - DRAM Used + Cache + Buffer = 60.11 GB
2026-09-09 02:43:52,846 - DRAM Used = 34.19 GB
2026-09-09 02:43:52,846 - DRAM Swap = 0.0 GB
2026-09-09 02:43:52,846 - 
2026-09-09 02:43:53,052 - VRAM Total = [140.4] GB
2026-09-09 02:43:53,052 - VRAM Used = [9.0] GB
2026-09-09 02:43:53,052 - 
2026-09-09 02:43:53,075 - Get SMARTINFO error, error=Expecting value: line 1 column 1 (char 0)
2026-09-09 02:43:53,075 - 
2026-09-09 02:43:53,075 - ================================================================================
2026-09-09 02:43:54,076 - DRAM Used + Cache + Buffer + Swap = 60.09 GB
2026-09-09 02:43:54,076 - DRAM Used + Cache + Buffer = 60.09 GB
2026-09-09 02:43:54,077 - DRAM Used = 34.17 GB
2026-09-09 02:43:54,077 - DRAM Swap = 0.0 GB
2026-09-09 02:43:54,077 - 
2026-09-09 02:43:54,283 - VRAM Total = [140.4] GB
2026-09-09 02:43:54,283 - VRAM Used = [12.75] GB
2026-09-09 02:43:54,283 - 
2026-09-09 02:43:54,308 - Get SMARTINFO error, error=Expecting value: line 1 column 1 (char 0)
2026-09-09 02:43:54,308 - 
2026-09-09 02:43:54,308 - ================================================================================
2026-09-09 02:43:55,309 - DRAM Used + Cache + Buffer + Swap = 60.08 GB
2026-09-09 02:43:55,309 - DRAM Used + Cache + Buffer = 60.08 GB
2026-09-09 02:43:55,309 - DRAM Used = 34.16 GB
2026-09-09 02:43:55,309 - DRAM Swap = 0.0 GB
2026-09-09 02:43:55,310 - 
2026-09-09 02:43:55,515 - VRAM Total = [140.4] GB
2026-09-09 02:43:55,516 - VRAM Used = [7.12] GB
2026-09-09 02:43:55,516 - 
2026-09-09 02:43:55,540 - Get SMARTINFO error, error=Expecting value: line 1 column 1 (char 0)
2026-09-09 02:43:55,540 - 
2026-09-09 02:43:55,540 - ================================================================================
2026-09-09 02:43:56,542 - DRAM Used + Cache + Buffer + Swap = 60.07 GB
2026-09-09 02:43:56,542 - DRAM Used + Cache + Buffer = 60.07 GB
2026-09-09 02:43:56,542 - DRAM Used = 34.16 GB
2026-09-09 02:43:56,542 - DRAM Swap = 0.0 GB
2026-09-09 02:43:56,542 - 
2026-09-09 02:43:56,750 - VRAM Total = [140.4] GB
2026-09-09 02:43:56,750 - VRAM Used = [9.0] GB
2026-09-09 02:43:56,750 - 
2026-09-09 02:43:56,774 - Get SMARTINFO error, error=Expecting value: line 1 column 1 (char 0)
2026-09-09 02:43:56,775 - 
2026-09-09 02:43:56,775 - ================================================================================
2026-09-09 02:43:57,776 - DRAM Used + Cache + Buffer + Swap = 60.06 GB
2026-09-09 02:43:57,776 - DRAM Used + Cache + Buffer = 60.06 GB
2026-09-09 02:43:57,776 - DRAM Used = 34.14 GB
2026-09-09 02:43:57,776 - DRAM Swap = 0.0 GB
2026-09-09 02:43:57,776 - 
2026-09-09 02:43:57,984 - VRAM Total = [140.4] GB
2026-09-09 02:43:57,984 - VRAM Used = [9.0] GB
2026-09-09 02:43:57,984 - 
2026-09-09 02:43:58,009 - Get SMARTINFO error, error=Expecting value: line 1 column 1 (char 0)
2026-09-09 02:43:58,009 - 
2026-09-09 02:43:58,009 - ================================================================================
2026-09-09 02:43:59,010 - DRAM Used + Cache + Buffer + Swap = 60.05 GB
2026-09-09 02:43:59,010 - DRAM Used + Cache + Buffer = 60.05 GB
2026-09-09 02:43:59,010 - DRAM Used = 34.14 GB
2026-09-09 02:43:59,010 - DRAM Swap = 0.0 GB
2026-09-09 02:43:59,010 - 
2026-09-09 02:43:59,217 - VRAM Total = [140.4] GB
2026-09-09 02:43:59,217 - VRAM Used = [9.0] GB
2026-09-09 02:43:59,217 - 
2026-09-09 02:43:59,241 - Get SMARTINFO error, error=Expecting value: line 1 column 1 (char 0)
2026-09-09 02:43:59,241 - 
2026-09-09 02:43:59,241 - ================================================================================
2026-09-09 02:44:00,242 - DRAM Used + Cache + Buffer + Swap = 60.05 GB
2026-09-09 02:44:00,242 - DRAM Used + Cache + Buffer = 60.05 GB
2026-09-09 02:44:00,242 - DRAM Used = 34.13 GB
2026-09-09 02:44:00,242 - DRAM Swap = 0.0 GB
2026-09-09 02:44:00,242 - 
2026-09-09 02:44:00,449 - VRAM Total = [140.4] GB
2026-09-09 02:44:00,449 - VRAM Used = [9.0] GB
2026-09-09 02:44:00,449 - 
2026-09-09 02:44:00,474 - Get SMARTINFO error, error=Expecting value: line 1 column 1 (char 0)
2026-09-09 02:44:00,474 - 
2026-09-09 02:44:00,474 - ================================================================================
2026-09-09 02:44:01,475 - DRAM Used + Cache + Buffer + Swap = 60.04 GB
2026-09-09 02:44:01,475 - DRAM Used + Cache + Buffer = 60.04 GB
2026-09-09 02:44:01,476 - DRAM Used = 34.12 GB
2026-09-09 02:44:01,476 - DRAM Swap = 0.0 GB
2026-09-09 02:44:01,476 - 
2026-09-09 02:44:01,683 - VRAM Total = [140.4] GB
2026-09-09 02:44:01,683 - VRAM Used = [9.0] GB
2026-09-09 02:44:01,683 - 
2026-09-09 02:44:01,705 - Get SMARTINFO error, error=Expecting value: line 1 column 1 (char 0)
2026-09-09 02:44:01,705 - 
2026-09-09 02:44:01,705 - ================================================================================
2026-09-09 02:44:02,706 - DRAM Used + Cache + Buffer + Swap = 60.03 GB
2026-09-09 02:44:02,707 - DRAM Used + Cache + Buffer = 60.03 GB
2026-09-09 02:44:02,707 - DRAM Used = 34.11 GB
2026-09-09 02:44:02,707 - DRAM Swap = 0.0 GB
2026-09-09 02:44:02,707 - 
2026-09-09 02:44:02,914 - VRAM Total = [140.4] GB
2026-09-09 02:44:02,914 - VRAM Used = [9.0] GB
2026-09-09 02:44:02,914 - 
2026-09-09 02:44:02,938 - Get SMARTINFO error, error=Expecting value: line 1 column 1 (char 0)
2026-09-09 02:44:02,938 - 
2026-09-09 02:44:02,938 - ================================================================================
2026-09-09 02:44:03,939 - DRAM Used + Cache + Buffer + Swap = 60.02 GB
2026-09-09 02:44:03,939 - DRAM Used + Cache + Buffer = 60.02 GB
2026-09-09 02:44:03,939 - DRAM Used = 34.1 GB
2026-09-09 02:44:03,939 - DRAM Swap = 0.0 GB
2026-09-09 02:44:03,940 - 
2026-09-09 02:44:04,147 - VRAM Total = [140.4] GB
2026-09-09 02:44:04,147 - VRAM Used = [9.0] GB
2026-09-09 02:44:04,147 - 
2026-09-09 02:44:04,172 - Get SMARTINFO error, error=Expecting value: line 1 column 1 (char 0)
2026-09-09 02:44:04,172 - 
2026-09-09 02:44:04,172 - ================================================================================
2026-09-09 02:44:05,173 - DRAM Used + Cache + Buffer + Swap = 60.01 GB
2026-09-09 02:44:05,173 - DRAM Used + Cache + Buffer = 60.01 GB
2026-09-09 02:44:05,173 - DRAM Used = 34.09 GB
2026-09-09 02:44:05,173 - DRAM Swap = 0.0 GB
2026-09-09 02:44:05,173 - 
2026-09-09 02:44:05,380 - VRAM Total = [140.4] GB
2026-09-09 02:44:05,380 - VRAM Used = [9.0] GB
2026-09-09 02:44:05,380 - 
2026-09-09 02:44:05,404 - Get SMARTINFO error, error=Expecting value: line 1 column 1 (char 0)
2026-09-09 02:44:05,405 - 
2026-09-09 02:44:05,405 - ================================================================================
2026-09-09 02:44:06,406 - DRAM Used + Cache + Buffer + Swap = 60.0 GB
2026-09-09 02:44:06,406 - DRAM Used + Cache + Buffer = 60.0 GB
2026-09-09 02:44:06,406 - DRAM Used = 34.08 GB
2026-09-09 02:44:06,406 - DRAM Swap = 0.0 GB
2026-09-09 02:44:06,406 - 
2026-09-09 02:44:06,612 - VRAM Total = [140.4] GB
2026-09-09 02:44:06,612 - VRAM Used = [7.12] GB
2026-09-09 02:44:06,612 - 
2026-09-09 02:44:06,636 - Get SMARTINFO error, error=Expecting value: line 1 column 1 (char 0)
2026-09-09 02:44:06,636 - 
2026-09-09 02:44:06,636 - ================================================================================
2026-09-09 02:44:07,637 - DRAM Used + Cache + Buffer + Swap = 60.0 GB
2026-09-09 02:44:07,638 - DRAM Used + Cache + Buffer = 60.0 GB
2026-09-09 02:44:07,638 - DRAM Used = 34.08 GB
2026-09-09 02:44:07,638 - DRAM Swap = 0.0 GB
2026-09-09 02:44:07,638 - 
2026-09-09 02:44:07,844 - VRAM Total = [140.4] GB
2026-09-09 02:44:07,844 - VRAM Used = [7.12] GB
2026-09-09 02:44:07,844 - 
2026-09-09 02:44:07,868 - Get SMARTINFO error, error=Expecting value: line 1 column 1 (char 0)
2026-09-09 02:44:07,868 - 
2026-09-09 02:44:07,868 - ================================================================================
2026-09-09 02:44:08,869 - DRAM Used + Cache + Buffer + Swap = 59.99 GB
2026-09-09 02:44:08,869 - DRAM Used + Cache + Buffer = 59.99 GB
2026-09-09 02:44:08,869 - DRAM Used = 34.07 GB
2026-09-09 02:44:08,869 - DRAM Swap = 0.0 GB
2026-09-09 02:44:08,869 - 
2026-09-09 02:44:09,076 - VRAM Total = [140.4] GB
2026-09-09 02:44:09,076 - VRAM Used = [8.99] GB
2026-09-09 02:44:09,076 - 
2026-09-09 02:44:09,101 - Get SMARTINFO error, error=Expecting value: line 1 column 1 (char 0)
2026-09-09 02:44:09,101 - 
2026-09-09 02:44:09,101 - ================================================================================
2026-09-09 02:44:10,102 - DRAM Used + Cache + Buffer + Swap = 59.97 GB
2026-09-09 02:44:10,103 - DRAM Used + Cache + Buffer = 59.97 GB
2026-09-09 02:44:10,103 - DRAM Used = 34.05 GB
2026-09-09 02:44:10,103 - DRAM Swap = 0.0 GB
2026-09-09 02:44:10,103 - 
2026-09-09 02:44:10,309 - VRAM Total = [140.4] GB
2026-09-09 02:44:10,309 - VRAM Used = [9.0] GB
2026-09-09 02:44:10,309 - 
2026-09-09 02:44:10,333 - Get SMARTINFO error, error=Expecting value: line 1 column 1 (char 0)
2026-09-09 02:44:10,334 - 
2026-09-09 02:44:10,334 - ================================================================================
2026-09-09 02:44:11,335 - DRAM Used + Cache + Buffer + Swap = 59.96 GB
2026-09-09 02:44:11,335 - DRAM Used + Cache + Buffer = 59.96 GB
2026-09-09 02:44:11,335 - DRAM Used = 34.05 GB
2026-09-09 02:44:11,335 - DRAM Swap = 0.0 GB
2026-09-09 02:44:11,335 - 
2026-09-09 02:44:11,542 - VRAM Total = [140.4] GB
2026-09-09 02:44:11,542 - VRAM Used = [9.0] GB
2026-09-09 02:44:11,542 - 
2026-09-09 02:44:11,566 - Get SMARTINFO error, error=Expecting value: line 1 column 1 (char 0)
2026-09-09 02:44:11,566 - 
2026-09-09 02:44:11,566 - ================================================================================
2026-09-09 02:44:12,568 - DRAM Used + Cache + Buffer + Swap = 59.95 GB
2026-09-09 02:44:12,568 - DRAM Used + Cache + Buffer = 59.95 GB
2026-09-09 02:44:12,568 - DRAM Used = 34.04 GB
2026-09-09 02:44:12,568 - DRAM Swap = 0.0 GB
2026-09-09 02:44:12,568 - 
2026-09-09 02:44:12,775 - VRAM Total = [140.4] GB
2026-09-09 02:44:12,775 - VRAM Used = [9.0] GB
2026-09-09 02:44:12,775 - 
2026-09-09 02:44:12,798 - Get SMARTINFO error, error=Expecting value: line 1 column 1 (char 0)
2026-09-09 02:44:12,799 - 
2026-09-09 02:44:12,799 - ================================================================================
2026-09-09 02:44:13,800 - DRAM Used + Cache + Buffer + Swap = 59.95 GB
2026-09-09 02:44:13,800 - DRAM Used + Cache + Buffer = 59.95 GB
2026-09-09 02:44:13,800 - DRAM Used = 34.03 GB
2026-09-09 02:44:13,800 - DRAM Swap = 0.0 GB
2026-09-09 02:44:13,800 - 
2026-09-09 02:44:14,007 - VRAM Total = [140.4] GB
2026-09-09 02:44:14,007 - VRAM Used = [9.0] GB
2026-09-09 02:44:14,007 - 
2026-09-09 02:44:14,031 - Get SMARTINFO error, error=Expecting value: line 1 column 1 (char 0)
2026-09-09 02:44:14,031 - 
2026-09-09 02:44:14,031 - ================================================================================
2026-09-09 02:44:15,032 - DRAM Used + Cache + Buffer + Swap = 59.93 GB
2026-09-09 02:44:15,032 - DRAM Used + Cache + Buffer = 59.93 GB
2026-09-09 02:44:15,032 - DRAM Used = 34.01 GB
2026-09-09 02:44:15,032 - DRAM Swap = 0.0 GB
2026-09-09 02:44:15,032 - 
2026-09-09 02:44:15,239 - VRAM Total = [140.4] GB
2026-09-09 02:44:15,239 - VRAM Used = [9.0] GB
2026-09-09 02:44:15,239 - 
2026-09-09 02:44:15,263 - Get SMARTINFO error, error=Expecting value: line 1 column 1 (char 0)
2026-09-09 02:44:15,263 - 
2026-09-09 02:44:15,263 - ================================================================================
2026-09-09 02:44:16,264 - DRAM Used + Cache + Buffer + Swap = 59.93 GB
2026-09-09 02:44:16,264 - DRAM Used + Cache + Buffer = 59.93 GB
2026-09-09 02:44:16,264 - DRAM Used = 34.01 GB
2026-09-09 02:44:16,265 - DRAM Swap = 0.0 GB
2026-09-09 02:44:16,265 - 
2026-09-09 02:44:16,471 - VRAM Total = [140.4] GB
2026-09-09 02:44:16,471 - VRAM Used = [9.0] GB
2026-09-09 02:44:16,471 - 
2026-09-09 02:44:16,495 - Get SMARTINFO error, error=Expecting value: line 1 column 1 (char 0)
2026-09-09 02:44:16,495 - 
2026-09-09 02:44:16,495 - ================================================================================
2026-09-09 02:44:17,496 - DRAM Used + Cache + Buffer + Swap = 59.92 GB
2026-09-09 02:44:17,497 - DRAM Used + Cache + Buffer = 59.92 GB
2026-09-09 02:44:17,497 - DRAM Used = 34.0 GB
2026-09-09 02:44:17,497 - DRAM Swap = 0.0 GB
2026-09-09 02:44:17,497 - 
2026-09-09 02:44:17,704 - VRAM Total = [140.4] GB
2026-09-09 02:44:17,704 - VRAM Used = [12.75] GB
2026-09-09 02:44:17,704 - 
2026-09-09 02:44:17,731 - Get SMARTINFO error, error=Expecting value: line 1 column 1 (char 0)
2026-09-09 02:44:17,731 - 
2026-09-09 02:44:17,731 - ================================================================================
2026-09-09 02:44:18,733 - DRAM Used + Cache + Buffer + Swap = 60.04 GB
2026-09-09 02:44:18,733 - DRAM Used + Cache + Buffer = 60.04 GB
2026-09-09 02:44:18,733 - DRAM Used = 34.13 GB
2026-09-09 02:44:18,733 - DRAM Swap = 0.0 GB
2026-09-09 02:44:18,733 - 
2026-09-09 02:44:18,940 - VRAM Total = [140.4] GB
2026-09-09 02:44:18,940 - VRAM Used = [12.75] GB
2026-09-09 02:44:18,941 - 
2026-09-09 02:44:18,965 - Get SMARTINFO error, error=Expecting value: line 1 column 1 (char 0)
2026-09-09 02:44:18,965 - 
2026-09-09 02:44:18,965 - ================================================================================
2026-09-09 02:44:19,967 - DRAM Used + Cache + Buffer + Swap = 60.04 GB
2026-09-09 02:44:19,967 - DRAM Used + Cache + Buffer = 60.04 GB
2026-09-09 02:44:19,967 - DRAM Used = 34.13 GB
2026-09-09 02:44:19,967 - DRAM Swap = 0.0 GB
2026-09-09 02:44:19,967 - 
2026-09-09 02:44:20,175 - VRAM Total = [140.4] GB
2026-09-09 02:44:20,176 - VRAM Used = [12.75] GB
2026-09-09 02:44:20,176 - 
2026-09-09 02:44:20,203 - Get SMARTINFO error, error=Expecting value: line 1 column 1 (char 0)
2026-09-09 02:44:20,203 - 
2026-09-09 02:44:20,203 - ================================================================================
2026-09-09 02:44:21,208 - DRAM Used + Cache + Buffer + Swap = 60.05 GB
2026-09-09 02:44:21,208 - DRAM Used + Cache + Buffer = 60.05 GB
2026-09-09 02:44:21,209 - DRAM Used = 34.13 GB
2026-09-09 02:44:21,209 - DRAM Swap = 0.0 GB
2026-09-09 02:44:21,209 - 
2026-09-09 02:44:21,415 - VRAM Total = [140.4] GB
2026-09-09 02:44:21,416 - VRAM Used = [12.75] GB
2026-09-09 02:44:21,416 - 
2026-09-09 02:44:21,444 - Get SMARTINFO error, error=Expecting value: line 1 column 1 (char 0)
2026-09-09 02:44:21,445 - 
2026-09-09 02:44:21,445 - ================================================================================
2026-09-09 02:44:22,446 - DRAM Used + Cache + Buffer + Swap = 60.04 GB
2026-09-09 02:44:22,446 - DRAM Used + Cache + Buffer = 60.04 GB
2026-09-09 02:44:22,447 - DRAM Used = 34.13 GB
2026-09-09 02:44:22,447 - DRAM Swap = 0.0 GB
2026-09-09 02:44:22,447 - 
2026-09-09 02:44:22,654 - VRAM Total = [140.4] GB
2026-09-09 02:44:22,654 - VRAM Used = [12.75] GB
2026-09-09 02:44:22,654 - 
2026-09-09 02:44:22,668 - Get SMARTINFO error, error=Expecting value: line 1 column 1 (char 0)
2026-09-09 02:44:22,668 - 
2026-09-09 02:44:22,668 - ================================================================================
2026-09-09 02:44:23,669 - DRAM Used + Cache + Buffer + Swap = 60.04 GB
2026-09-09 02:44:23,669 - DRAM Used + Cache + Buffer = 60.04 GB
2026-09-09 02:44:23,669 - DRAM Used = 34.12 GB
2026-09-09 02:44:23,669 - DRAM Swap = 0.0 GB
2026-09-09 02:44:23,669 - 
2026-09-09 02:44:23,876 - VRAM Total = [140.4] GB
2026-09-09 02:44:23,876 - VRAM Used = [12.75] GB
2026-09-09 02:44:23,876 - 
2026-09-09 02:44:23,898 - Get SMARTINFO error, error=Expecting value: line 1 column 1 (char 0)
2026-09-09 02:44:23,898 - 
2026-09-09 02:44:23,898 - ================================================================================
2026-09-09 02:44:24,900 - DRAM Used + Cache + Buffer + Swap = 60.03 GB
2026-09-09 02:44:24,900 - DRAM Used + Cache + Buffer = 60.03 GB
2026-09-09 02:44:24,900 - DRAM Used = 34.11 GB
2026-09-09 02:44:24,900 - DRAM Swap = 0.0 GB
2026-09-09 02:44:24,900 - 
2026-09-09 02:44:25,109 - VRAM Total = [140.4] GB
2026-09-09 02:44:25,110 - VRAM Used = [12.75] GB
2026-09-09 02:44:25,110 - 
2026-09-09 02:44:25,132 - Get SMARTINFO error, error=Expecting value: line 1 column 1 (char 0)
2026-09-09 02:44:25,133 - 
2026-09-09 02:44:25,133 - ================================================================================
2026-09-09 02:44:26,134 - DRAM Used + Cache + Buffer + Swap = 60.03 GB
2026-09-09 02:44:26,134 - DRAM Used + Cache + Buffer = 60.03 GB
2026-09-09 02:44:26,135 - DRAM Used = 34.11 GB
2026-09-09 02:44:26,135 - DRAM Swap = 0.0 GB
2026-09-09 02:44:26,135 - 
2026-09-09 02:44:26,343 - VRAM Total = [140.4] GB
2026-09-09 02:44:26,343 - VRAM Used = [12.75] GB
2026-09-09 02:44:26,343 - 
2026-09-09 02:44:26,360 - Get SMARTINFO error, error=Expecting value: line 1 column 1 (char 0)
2026-09-09 02:44:26,360 - 
2026-09-09 02:44:26,360 - ================================================================================
2026-09-09 02:44:27,361 - DRAM Used + Cache + Buffer + Swap = 60.03 GB
2026-09-09 02:44:27,361 - DRAM Used + Cache + Buffer = 60.03 GB
2026-09-09 02:44:27,361 - DRAM Used = 34.11 GB
2026-09-09 02:44:27,361 - DRAM Swap = 0.0 GB
2026-09-09 02:44:27,361 - 
2026-09-09 02:44:27,570 - VRAM Total = [140.4] GB
2026-09-09 02:44:27,570 - VRAM Used = [12.75] GB
2026-09-09 02:44:27,570 - 
2026-09-09 02:44:27,598 - Get SMARTINFO error, error=Expecting value: line 1 column 1 (char 0)
2026-09-09 02:44:27,598 - 
2026-09-09 02:44:27,598 - ================================================================================
2026-09-09 02:44:28,600 - DRAM Used + Cache + Buffer + Swap = 60.03 GB
2026-09-09 02:44:28,600 - DRAM Used + Cache + Buffer = 60.03 GB
2026-09-09 02:44:28,600 - DRAM Used = 34.11 GB
2026-09-09 02:44:28,600 - DRAM Swap = 0.0 GB
2026-09-09 02:44:28,600 - 
2026-09-09 02:44:28,806 - VRAM Total = [140.4] GB
2026-09-09 02:44:28,807 - VRAM Used = [12.75] GB
2026-09-09 02:44:28,807 - 
2026-09-09 02:44:28,834 - Get SMARTINFO error, error=Expecting value: line 1 column 1 (char 0)
2026-09-09 02:44:28,834 - 
2026-09-09 02:44:28,834 - ================================================================================
2026-09-09 02:44:29,835 - DRAM Used + Cache + Buffer + Swap = 60.03 GB
2026-09-09 02:44:29,836 - DRAM Used + Cache + Buffer = 60.03 GB
2026-09-09 02:44:29,836 - DRAM Used = 34.11 GB
2026-09-09 02:44:29,836 - DRAM Swap = 0.0 GB
2026-09-09 02:44:29,836 - 
2026-09-09 02:44:30,044 - VRAM Total = [140.4] GB
2026-09-09 02:44:30,044 - VRAM Used = [12.75] GB
2026-09-09 02:44:30,044 - 
2026-09-09 02:44:30,059 - Get SMARTINFO error, error=Expecting value: line 1 column 1 (char 0)
2026-09-09 02:44:30,059 - 
2026-09-09 02:44:30,059 - ================================================================================
2026-09-09 02:44:31,060 - DRAM Used + Cache + Buffer + Swap = 60.02 GB
2026-09-09 02:44:31,060 - DRAM Used + Cache + Buffer = 60.02 GB
2026-09-09 02:44:31,060 - DRAM Used = 34.1 GB
2026-09-09 02:44:31,060 - DRAM Swap = 0.0 GB
2026-09-09 02:44:31,060 - 
2026-09-09 02:44:31,267 - VRAM Total = [140.4] GB
2026-09-09 02:44:31,268 - VRAM Used = [12.75] GB
2026-09-09 02:44:31,268 - 
2026-09-09 02:44:31,289 - Get SMARTINFO error, error=Expecting value: line 1 column 1 (char 0)
2026-09-09 02:44:31,289 - 
2026-09-09 02:44:31,289 - ================================================================================
2026-09-09 02:44:32,291 - DRAM Used + Cache + Buffer + Swap = 60.02 GB
2026-09-09 02:44:32,291 - DRAM Used + Cache + Buffer = 60.02 GB
2026-09-09 02:44:32,291 - DRAM Used = 34.1 GB
2026-09-09 02:44:32,291 - DRAM Swap = 0.0 GB
2026-09-09 02:44:32,291 - 
2026-09-09 02:44:32,498 - VRAM Total = [140.4] GB
2026-09-09 02:44:32,498 - VRAM Used = [12.75] GB
2026-09-09 02:44:32,498 - 
2026-09-09 02:44:32,522 - Get SMARTINFO error, error=Expecting value: line 1 column 1 (char 0)
2026-09-09 02:44:32,522 - 
2026-09-09 02:44:32,522 - ================================================================================
2026-09-09 02:44:33,523 - DRAM Used + Cache + Buffer + Swap = 59.7 GB
2026-09-09 02:44:33,524 - DRAM Used + Cache + Buffer = 59.7 GB
2026-09-09 02:44:33,524 - DRAM Used = 33.78 GB
2026-09-09 02:44:33,524 - DRAM Swap = 0.0 GB
2026-09-09 02:44:33,524 - 
2026-09-09 02:44:33,732 - VRAM Total = [140.4] GB
2026-09-09 02:44:33,732 - VRAM Used = [12.75] GB
2026-09-09 02:44:33,732 - 
2026-09-09 02:44:33,756 - Get SMARTINFO error, error=Expecting value: line 1 column 1 (char 0)
2026-09-09 02:44:33,756 - 
2026-09-09 02:44:33,756 - ================================================================================
2026-09-09 02:44:34,758 - DRAM Used + Cache + Buffer + Swap = 59.7 GB
2026-09-09 02:44:34,758 - DRAM Used + Cache + Buffer = 59.7 GB
2026-09-09 02:44:34,758 - DRAM Used = 33.78 GB
2026-09-09 02:44:34,758 - DRAM Swap = 0.0 GB
2026-09-09 02:44:34,758 - 
2026-09-09 02:44:34,970 - VRAM Total = [140.4] GB
2026-09-09 02:44:34,971 - VRAM Used = [12.75] GB
2026-09-09 02:44:34,971 - 
2026-09-09 02:44:34,987 - Get SMARTINFO error, error=Expecting value: line 1 column 1 (char 0)
2026-09-09 02:44:34,988 - 
2026-09-09 02:44:34,988 - ================================================================================
2026-09-09 02:44:35,989 - DRAM Used + Cache + Buffer + Swap = 59.69 GB
2026-09-09 02:44:35,989 - DRAM Used + Cache + Buffer = 59.69 GB
2026-09-09 02:44:35,989 - DRAM Used = 33.77 GB
2026-09-09 02:44:35,989 - DRAM Swap = 0.0 GB
2026-09-09 02:44:35,990 - 
2026-09-09 02:44:36,197 - VRAM Total = [140.4] GB
2026-09-09 02:44:36,197 - VRAM Used = [12.75] GB
2026-09-09 02:44:36,197 - 
2026-09-09 02:44:36,224 - Get SMARTINFO error, error=Expecting value: line 1 column 1 (char 0)
2026-09-09 02:44:36,225 - 
2026-09-09 02:44:36,225 - ================================================================================
2026-09-09 02:44:37,226 - DRAM Used + Cache + Buffer + Swap = 59.69 GB
2026-09-09 02:44:37,226 - DRAM Used + Cache + Buffer = 59.69 GB
2026-09-09 02:44:37,226 - DRAM Used = 33.77 GB
2026-09-09 02:44:37,227 - DRAM Swap = 0.0 GB
2026-09-09 02:44:37,227 - 
2026-09-09 02:44:37,439 - VRAM Total = [140.4] GB
2026-09-09 02:44:37,439 - VRAM Used = [12.75] GB
2026-09-09 02:44:37,439 - 
2026-09-09 02:44:37,466 - Get SMARTINFO error, error=Expecting value: line 1 column 1 (char 0)
2026-09-09 02:44:37,466 - 
2026-09-09 02:44:37,467 - ================================================================================
2026-09-09 02:44:38,468 - DRAM Used + Cache + Buffer + Swap = 59.67 GB
2026-09-09 02:44:38,468 - DRAM Used + Cache + Buffer = 59.67 GB
2026-09-09 02:44:38,468 - DRAM Used = 33.76 GB
2026-09-09 02:44:38,468 - DRAM Swap = 0.0 GB
2026-09-09 02:44:38,468 - 
2026-09-09 02:44:38,676 - VRAM Total = [140.4] GB
2026-09-09 02:44:38,677 - VRAM Used = [12.75] GB
2026-09-09 02:44:38,677 - 
2026-09-09 02:44:38,699 - Get SMARTINFO error, error=Expecting value: line 1 column 1 (char 0)
2026-09-09 02:44:38,699 - 
2026-09-09 02:44:38,699 - ================================================================================
2026-09-09 02:44:39,700 - DRAM Used + Cache + Buffer + Swap = 59.67 GB
2026-09-09 02:44:39,700 - DRAM Used + Cache + Buffer = 59.67 GB
2026-09-09 02:44:39,701 - DRAM Used = 33.75 GB
2026-09-09 02:44:39,701 - DRAM Swap = 0.0 GB
2026-09-09 02:44:39,701 - 
2026-09-09 02:44:39,909 - VRAM Total = [140.4] GB
2026-09-09 02:44:39,909 - VRAM Used = [12.75] GB
2026-09-09 02:44:39,909 - 
2026-09-09 02:44:39,930 - Get SMARTINFO error, error=Expecting value: line 1 column 1 (char 0)
2026-09-09 02:44:39,931 - 
2026-09-09 02:44:39,931 - ================================================================================
2026-09-09 02:44:40,932 - DRAM Used + Cache + Buffer + Swap = 59.66 GB
2026-09-09 02:44:40,932 - DRAM Used + Cache + Buffer = 59.66 GB
2026-09-09 02:44:40,932 - DRAM Used = 33.75 GB
2026-09-09 02:44:40,932 - DRAM Swap = 0.0 GB
2026-09-09 02:44:40,932 - 
2026-09-09 02:44:41,140 - VRAM Total = [140.4] GB
2026-09-09 02:44:41,140 - VRAM Used = [12.75] GB
2026-09-09 02:44:41,140 - 
2026-09-09 02:44:41,158 - Get SMARTINFO error, error=Expecting value: line 1 column 1 (char 0)
2026-09-09 02:44:41,158 - 
2026-09-09 02:44:41,158 - ================================================================================
2026-09-09 02:44:42,160 - DRAM Used + Cache + Buffer + Swap = 59.66 GB
2026-09-09 02:44:42,160 - DRAM Used + Cache + Buffer = 59.66 GB
2026-09-09 02:44:42,160 - DRAM Used = 33.75 GB
2026-09-09 02:44:42,160 - DRAM Swap = 0.0 GB
2026-09-09 02:44:42,160 - 
2026-09-09 02:44:42,369 - VRAM Total = [140.4] GB
2026-09-09 02:44:42,370 - VRAM Used = [12.75] GB
2026-09-09 02:44:42,370 - 
2026-09-09 02:44:42,386 - Get SMARTINFO error, error=Expecting value: line 1 column 1 (char 0)
2026-09-09 02:44:42,387 - 
2026-09-09 02:44:42,387 - ================================================================================
2026-09-09 02:44:43,388 - DRAM Used + Cache + Buffer + Swap = 50.31 GB
2026-09-09 02:44:43,388 - DRAM Used + Cache + Buffer = 50.31 GB
2026-09-09 02:44:43,388 - DRAM Used = 24.44 GB
2026-09-09 02:44:43,388 - DRAM Swap = 0.0 GB
2026-09-09 02:44:43,388 - 
2026-09-09 02:44:43,934 - VRAM Total = [140.4] GB
2026-09-09 02:44:43,935 - VRAM Used = [0.1] GB
2026-09-09 02:44:43,935 - 
2026-09-09 02:44:43,961 - Get SMARTINFO error, error=Expecting value: line 1 column 1 (char 0)
2026-09-09 02:44:43,961 - 
2026-09-09 02:44:43,961 - ================================================================================
2026-09-09 02:44:44,962 - DRAM Used + Cache + Buffer + Swap = 43.97 GB
2026-09-09 02:44:44,963 - DRAM Used + Cache + Buffer = 43.97 GB
2026-09-09 02:44:44,963 - DRAM Used = 18.1 GB
2026-09-09 02:44:44,963 - DRAM Swap = 0.0 GB
2026-09-09 02:44:44,963 - 
2026-09-09 02:44:45,168 - VRAM Total = [140.4] GB
2026-09-09 02:44:45,168 - VRAM Used = [0.1] GB
2026-09-09 02:44:45,168 - 
2026-09-09 02:44:45,194 - Get SMARTINFO error, error=Expecting value: line 1 column 1 (char 0)
2026-09-09 02:44:45,194 - 
2026-09-09 02:44:45,194 - ================================================================================
2026-09-09 02:44:46,196 - DRAM Used + Cache + Buffer + Swap = 43.97 GB
2026-09-09 02:44:46,196 - DRAM Used + Cache + Buffer = 43.97 GB
2026-09-09 02:44:46,197 - DRAM Used = 18.1 GB
2026-09-09 02:44:46,197 - DRAM Swap = 0.0 GB
2026-09-09 02:44:46,197 - 
2026-09-09 02:44:46,403 - VRAM Total = [140.4] GB
2026-09-09 02:44:46,403 - VRAM Used = [0.1] GB
2026-09-09 02:44:46,403 - 
2026-09-09 02:44:46,428 - Get SMARTINFO error, error=Expecting value: line 1 column 1 (char 0)
2026-09-09 02:44:46,428 - 
2026-09-09 02:44:46,428 - ================================================================================
2026-09-09 02:44:47,429 - DRAM Used + Cache + Buffer + Swap = 43.97 GB
2026-09-09 02:44:47,430 - DRAM Used + Cache + Buffer = 43.97 GB
2026-09-09 02:44:47,430 - DRAM Used = 18.1 GB
2026-09-09 02:44:47,430 - DRAM Swap = 0.0 GB
2026-09-09 02:44:47,430 - 
2026-09-09 02:44:47,634 - VRAM Total = [140.4] GB
2026-09-09 02:44:47,634 - VRAM Used = [0.1] GB
2026-09-09 02:44:47,634 - 
2026-09-09 02:44:47,658 - Get SMARTINFO error, error=Expecting value: line 1 column 1 (char 0)
2026-09-09 02:44:47,659 - 
2026-09-09 02:44:47,659 - ================================================================================
2026-09-09 02:44:48,660 - ================================================================================
2026-09-09 02:44:48,661 - dram total = [21.02, 21.3, 21.38, 21.48, 21.49, 21.54, 21.55, 21.55, 21.54, 21.54, 21.7, 22.04, 22.55, 22.69, 22.69, 22.68, 22.68, 22.68, 22.67, 22.67, 22.67, 22.67, 22.67, 22.67, 22.67, 22.67, 22.66, 22.66, 22.66, 22.66, 22.66, 22.66, 22.66, 22.66, 22.66, 22.65, 22.65, 22.66, 22.66, 22.66, 22.65, 22.65, 22.65, 22.65, 22.65, 22.65, 22.64, 22.64, 22.64, 22.64, 22.64, 22.64, 22.64, 22.64, 22.63, 22.63, 22.63, 22.63, 22.63, 22.63, 22.66, 22.66, 22.66, 22.66, 22.66, 22.65, 22.65, 22.65, 22.65, 22.65, 22.65, 22.64, 22.64, 22.64, 22.64, 22.64, 22.66, 22.67, 22.67, 22.91, 27.05, 29.71, 31.88, 33.84, 36.03, 37.99, 40.21, 42.09, 42.82, 43.53, 43.92, 43.92, 43.92, 43.92, 43.92, 43.92, 43.92, 43.92, 43.92, 43.92, 43.92, 43.92, 45.79, 45.18, 46.22, 46.61, 48.24, 50.32, 51.25, 59.87, 61.63, 58.98, 58.5, 58.56, 58.79, 58.7, 58.71, 58.44, 58.32, 58.71, 58.43, 58.99, 58.81, 58.85, 58.32, 58.54, 58.22, 58.66, 58.37, 58.05, 58.39, 58.19, 58.57, 58.55, 58.53, 58.58, 58.69, 58.62, 58.62, 58.59, 58.57, 58.54, 58.51, 58.49, 58.46, 58.43, 58.4, 58.37, 58.36, 58.32, 58.28, 58.26, 58.24, 58.23, 58.17, 58.15, 58.13, 58.11, 58.07, 58.04, 58.02, 58.0, 57.97, 57.94, 57.91, 57.9, 57.86, 57.82, 57.8, 60.43, 61.72, 61.67, 61.65, 61.62, 61.59, 61.54, 61.51, 61.49, 61.47, 61.44, 61.41, 61.39, 61.37, 61.35, 61.31, 61.3, 61.28, 61.26, 61.22, 61.2, 61.19, 61.17, 61.15, 61.12, 61.1, 61.09, 61.06, 61.04, 61.02, 61.0, 60.99, 60.97, 60.95, 60.93, 60.92, 60.89, 60.87, 60.85, 60.84, 60.81, 60.79, 60.77, 60.75, 60.73, 60.72, 60.72, 60.71, 60.71, 60.7, 60.69, 60.69, 60.69, 60.69, 60.68, 60.68, 60.68, 60.68, 60.68, 60.65, 60.63, 60.62, 60.59, 60.57, 60.55, 60.54, 60.5, 60.48, 60.46, 60.44, 60.42, 60.39, 60.38, 60.35, 60.34, 60.31, 60.3, 60.28, 60.27, 60.25, 60.23, 60.22, 60.21, 60.2, 60.2, 60.2, 60.2, 60.19, 60.18, 60.17, 60.17, 60.16, 60.15, 60.13, 60.12, 60.12, 60.11, 60.09, 60.08, 60.07, 60.06, 60.05, 60.05, 60.04, 60.03, 60.02, 60.01, 60.0, 60.0, 59.99, 59.97, 59.96, 59.95, 59.95, 59.93, 59.93, 59.92, 60.04, 60.04, 60.05, 60.04, 60.04, 60.03, 60.03, 60.03, 60.03, 60.03, 60.02, 60.02, 59.7, 59.7, 59.69, 59.69, 59.67, 59.67, 59.66, 59.66, 50.31, 43.97, 43.97, 43.97]
2026-09-09 02:44:48,661 - dram high = [21.02, 21.3, 21.38, 21.48, 21.49, 21.54, 21.55, 21.55, 21.54, 21.54, 21.7, 22.04, 22.55, 22.69, 22.69, 22.68, 22.68, 22.68, 22.67, 22.67, 22.67, 22.67, 22.67, 22.67, 22.67, 22.67, 22.66, 22.66, 22.66, 22.66, 22.66, 22.66, 22.66, 22.66, 22.66, 22.65, 22.65, 22.66, 22.66, 22.66, 22.65, 22.65, 22.65, 22.65, 22.65, 22.65, 22.64, 22.64, 22.64, 22.64, 22.64, 22.64, 22.64, 22.64, 22.63, 22.63, 22.63, 22.63, 22.63, 22.63, 22.66, 22.66, 22.66, 22.66, 22.66, 22.65, 22.65, 22.65, 22.65, 22.65, 22.65, 22.64, 22.64, 22.64, 22.64, 22.64, 22.66, 22.67, 22.67, 22.91, 27.05, 29.71, 31.88, 33.84, 36.03, 37.99, 40.21, 42.09, 42.82, 43.53, 43.92, 43.92, 43.92, 43.92, 43.92, 43.92, 43.92, 43.92, 43.92, 43.92, 43.92, 43.92, 45.79, 45.18, 46.22, 46.61, 48.24, 50.32, 51.25, 59.87, 61.63, 58.98, 58.5, 58.56, 58.79, 58.7, 58.71, 58.44, 58.32, 58.71, 58.43, 58.99, 58.81, 58.85, 58.32, 58.54, 58.22, 58.66, 58.37, 58.05, 58.39, 58.19, 58.57, 58.55, 58.53, 58.58, 58.69, 58.62, 58.62, 58.59, 58.57, 58.54, 58.51, 58.49, 58.46, 58.43, 58.4, 58.37, 58.36, 58.32, 58.28, 58.26, 58.24, 58.23, 58.17, 58.15, 58.13, 58.11, 58.07, 58.04, 58.02, 58.0, 57.97, 57.94, 57.91, 57.9, 57.86, 57.82, 57.8, 60.43, 61.72, 61.67, 61.65, 61.62, 61.59, 61.54, 61.51, 61.49, 61.47, 61.44, 61.41, 61.39, 61.37, 61.35, 61.31, 61.3, 61.28, 61.26, 61.22, 61.2, 61.19, 61.17, 61.15, 61.12, 61.1, 61.09, 61.06, 61.04, 61.02, 61.0, 60.99, 60.97, 60.95, 60.93, 60.92, 60.89, 60.87, 60.85, 60.84, 60.81, 60.79, 60.77, 60.75, 60.73, 60.72, 60.72, 60.71, 60.71, 60.7, 60.69, 60.69, 60.69, 60.69, 60.68, 60.68, 60.68, 60.68, 60.68, 60.65, 60.63, 60.62, 60.59, 60.57, 60.55, 60.54, 60.5, 60.48, 60.46, 60.44, 60.42, 60.39, 60.38, 60.35, 60.34, 60.31, 60.3, 60.28, 60.27, 60.25, 60.23, 60.22, 60.21, 60.2, 60.2, 60.2, 60.2, 60.19, 60.18, 60.17, 60.17, 60.16, 60.15, 60.13, 60.12, 60.12, 60.11, 60.09, 60.08, 60.07, 60.06, 60.05, 60.05, 60.04, 60.03, 60.02, 60.01, 60.0, 60.0, 59.99, 59.97, 59.96, 59.95, 59.95, 59.93, 59.93, 59.92, 60.04, 60.04, 60.05, 60.04, 60.04, 60.03, 60.03, 60.03, 60.03, 60.03, 60.02, 60.02, 59.7, 59.7, 59.69, 59.69, 59.67, 59.67, 59.66, 59.66, 50.31, 43.97, 43.97, 43.97]
2026-09-09 02:44:48,661 - dram low = [18.47, 18.76, 18.8, 18.86, 18.87, 18.91, 18.92, 18.92, 18.9, 18.91, 19.02, 19.36, 19.8, 19.8, 19.79, 19.79, 19.78, 19.78, 19.78, 19.78, 19.78, 19.78, 19.78, 19.77, 19.77, 19.77, 19.77, 19.77, 19.77, 19.76, 19.76, 19.76, 19.76, 19.76, 19.76, 19.76, 19.76, 19.76, 19.76, 19.76, 19.76, 19.76, 19.75, 19.75, 19.75, 19.75, 19.75, 19.75, 19.75, 19.74, 19.74, 19.74, 19.74, 19.74, 19.74, 19.74, 19.74, 19.73, 19.73, 19.73, 19.76, 19.76, 19.76, 19.76, 19.75, 19.75, 19.75, 19.75, 19.74, 19.74, 19.74, 19.74, 19.74, 19.74, 19.74, 19.74, 19.75, 19.76, 19.76, 20.0, 24.14, 25.75, 25.72, 25.72, 25.72, 25.72, 25.71, 25.76, 26.48, 27.2, 27.59, 27.59, 27.59, 27.59, 27.59, 27.59, 27.59, 27.59, 27.59, 27.59, 27.59, 27.59, 27.58, 25.8, 25.77, 25.74, 25.73, 25.73, 25.74, 34.35, 36.12, 33.46, 32.99, 33.05, 33.27, 33.18, 33.19, 32.92, 32.8, 33.19, 32.91, 33.47, 33.29, 33.32, 32.8, 33.02, 32.7, 33.13, 32.85, 32.52, 32.86, 32.57, 32.68, 32.66, 32.63, 32.68, 32.77, 32.71, 32.7, 32.68, 32.65, 32.62, 32.59, 32.57, 32.55, 32.51, 32.48, 32.46, 32.44, 32.4, 32.37, 32.34, 32.32, 32.31, 32.26, 32.23, 32.21, 32.19, 32.16, 32.12, 32.11, 32.08, 32.05, 32.02, 32.0, 31.98, 31.94, 31.91, 31.88, 34.52, 35.8, 35.76, 35.73, 35.71, 35.68, 35.62, 35.6, 35.58, 35.55, 35.52, 35.49, 35.47, 35.45, 35.43, 35.4, 35.38, 35.36, 35.35, 35.31, 35.29, 35.27, 35.25, 35.23, 35.2, 35.19, 35.17, 35.15, 35.12, 35.1, 35.09, 35.07, 35.05, 35.03, 35.02, 35.0, 34.98, 34.95, 34.94, 34.92, 34.9, 34.87, 34.85, 34.84, 34.82, 34.8, 34.8, 34.8, 34.79, 34.78, 34.77, 34.77, 34.77, 34.77, 34.76, 34.76, 34.76, 34.76, 34.76, 34.73, 34.72, 34.7, 34.67, 34.65, 34.64, 34.62, 34.59, 34.56, 34.54, 34.53, 34.5, 34.48, 34.46, 34.44, 34.42, 34.39, 34.38, 34.37, 34.35, 34.33, 34.31, 34.3, 34.3, 34.29, 34.29, 34.28, 34.28, 34.27, 34.27, 34.26, 34.25, 34.24, 34.23, 34.22, 34.21, 34.2, 34.19, 34.17, 34.16, 34.16, 34.14, 34.14, 34.13, 34.12, 34.11, 34.1, 34.09, 34.08, 34.08, 34.07, 34.05, 34.05, 34.04, 34.03, 34.01, 34.01, 34.0, 34.13, 34.13, 34.13, 34.13, 34.12, 34.11, 34.11, 34.11, 34.11, 34.11, 34.1, 34.1, 33.78, 33.78, 33.77, 33.77, 33.76, 33.75, 33.75, 33.75, 24.44, 18.1, 18.1, 18.1]
2026-09-09 02:44:48,661 - dram swap = [0.0, 0.0, 0.0, 0.0, 0.0, 0.0, 0.0, 0.0, 0.0, 0.0, 0.0, 0.0, 0.0, 0.0, 0.0, 0.0, 0.0, 0.0, 0.0, 0.0, 0.0, 0.0, 0.0, 0.0, 0.0, 0.0, 0.0, 0.0, 0.0, 0.0, 0.0, 0.0, 0.0, 0.0, 0.0, 0.0, 0.0, 0.0, 0.0, 0.0, 0.0, 0.0, 0.0, 0.0, 0.0, 0.0, 0.0, 0.0, 0.0, 0.0, 0.0, 0.0, 0.0, 0.0, 0.0, 0.0, 0.0, 0.0, 0.0, 0.0, 0.0, 0.0, 0.0, 0.0, 0.0, 0.0, 0.0, 0.0, 0.0, 0.0, 0.0, 0.0, 0.0, 0.0, 0.0, 0.0, 0.0, 0.0, 0.0, 0.0, 0.0, 0.0, 0.0, 0.0, 0.0, 0.0, 0.0, 0.0, 0.0, 0.0, 0.0, 0.0, 0.0, 0.0, 0.0, 0.0, 0.0, 0.0, 0.0, 0.0, 0.0, 0.0, 0.0, 0.0, 0.0, 0.0, 0.0, 0.0, 0.0, 0.0, 0.0, 0.0, 0.0, 0.0, 0.0, 0.0, 0.0, 0.0, 0.0, 0.0, 0.0, 0.0, 0.0, 0.0, 0.0, 0.0, 0.0, 0.0, 0.0, 0.0, 0.0, 0.0, 0.0, 0.0, 0.0, 0.0, 0.0, 0.0, 0.0, 0.0, 0.0, 0.0, 0.0, 0.0, 0.0, 0.0, 0.0, 0.0, 0.0, 0.0, 0.0, 0.0, 0.0, 0.0, 0.0, 0.0, 0.0, 0.0, 0.0, 0.0, 0.0, 0.0, 0.0, 0.0, 0.0, 0.0, 0.0, 0.0, 0.0, 0.0, 0.0, 0.0, 0.0, 0.0, 0.0, 0.0, 0.0, 0.0, 0.0, 0.0, 0.0, 0.0, 0.0, 0.0, 0.0, 0.0, 0.0, 0.0, 0.0, 0.0, 0.0, 0.0, 0.0, 0.0, 0.0, 0.0, 0.0, 0.0, 0.0, 0.0, 0.0, 0.0, 0.0, 0.0, 0.0, 0.0, 0.0, 0.0, 0.0, 0.0, 0.0, 0.0, 0.0, 0.0, 0.0, 0.0, 0.0, 0.0, 0.0, 0.0, 0.0, 0.0, 0.0, 0.0, 0.0, 0.0, 0.0, 0.0, 0.0, 0.0, 0.0, 0.0, 0.0, 0.0, 0.0, 0.0, 0.0, 0.0, 0.0, 0.0, 0.0, 0.0, 0.0, 0.0, 0.0, 0.0, 0.0, 0.0, 0.0, 0.0, 0.0, 0.0, 0.0, 0.0, 0.0, 0.0, 0.0, 0.0, 0.0, 0.0, 0.0, 0.0, 0.0, 0.0, 0.0, 0.0, 0.0, 0.0, 0.0, 0.0, 0.0, 0.0, 0.0, 0.0, 0.0, 0.0, 0.0, 0.0, 0.0, 0.0, 0.0, 0.0, 0.0, 0.0, 0.0, 0.0, 0.0, 0.0, 0.0, 0.0, 0.0, 0.0, 0.0, 0.0, 0.0, 0.0, 0.0, 0.0, 0.0, 0.0, 0.0, 0.0, 0.0, 0.0, 0.0, 0.0, 0.0, 0.0, 0.0, 0.0]
2026-09-09 02:44:48,675 - Dram analysis 
     Dram Used+Cache+Buffer+Swap (GB)  Dram Used+Cache+Buffer (GB)  Dram Used (GB)  Dram Swap (GB)
max                             40.70                        40.70           17.65             0.0
min                              0.00                         0.00            0.00             0.0
avg                             27.39                        27.39           10.96             0.0
2026-09-09 02:44:48,707 - 
2026-09-09 02:44:48,707 - ================================================================================
2026-09-09 02:44:48,707 - GPU0 used = [0.1, 0.1, 0.1, 0.1, 0.1, 0.1, 0.1, 0.1, 0.1, 0.1, 0.35, 0.35, 0.94, 2.0, 2.0, 2.0, 2.0, 2.0, 2.0, 2.0, 2.0, 2.0, 2.0, 2.0, 2.0, 2.0, 2.0, 2.0, 2.0, 2.0, 2.0, 2.0, 2.0, 2.0, 2.0, 2.0, 2.0, 2.0, 2.0, 2.0, 2.0, 2.0, 2.0, 2.0, 2.0, 2.0, 2.0, 2.0, 2.0, 2.0, 2.0, 2.0, 2.0, 2.0, 2.0, 2.0, 2.0, 2.0, 2.0, 2.0, 2.0, 2.0, 2.0, 2.0, 2.0, 2.0, 2.0, 2.0, 2.0, 2.0, 2.0, 2.0, 2.0, 2.0, 2.0, 2.0, 2.0, 2.0, 2.0, 2.0, 2.0, 2.01, 2.01, 2.01, 2.01, 2.01, 2.01, 2.01, 2.01, 2.01, 2.01, 2.01, 2.01, 2.01, 2.01, 2.01, 2.01, 2.01, 2.01, 2.01, 2.01, 2.01, 2.01, 2.01, 2.01, 2.01, 2.01, 2.01, 2.01, 2.01, 2.02, 2.02, 2.02, 2.02, 2.02, 2.02, 2.02, 2.02, 2.02, 2.02, 2.02, 2.02, 2.02, 2.02, 2.02, 2.02, 2.02, 2.02, 2.02, 2.02, 2.02, 4.03, 5.39, 5.39, 5.39, 7.11, 7.18, 7.18, 7.18, 7.18, 12.81, 7.12, 9.0, 9.0, 9.0, 9.0, 9.0, 9.0, 9.0, 9.0, 7.12, 7.12, 8.99, 9.0, 9.0, 9.0, 9.0, 9.0, 9.0, 7.12, 7.12, 8.99, 9.0, 9.0, 9.0, 9.0, 9.0, 9.0, 12.75, 12.75, 12.75, 12.75, 12.75, 12.75, 12.75, 12.75, 12.75, 12.75, 12.75, 12.75, 12.75, 12.75, 12.75, 12.75, 12.75, 12.75, 12.75, 12.75, 12.75, 12.75, 12.75, 12.75, 12.75, 7.12, 7.12, 8.99, 9.0, 9.0, 9.0, 12.75, 7.12, 9.0, 9.0, 9.0, 9.0, 9.0, 9.0, 9.0, 9.0, 7.12, 7.12, 9.0, 9.0, 9.0, 9.0, 9.0, 9.0, 9.0, 7.12, 7.12, 8.99, 9.0, 9.0, 9.0, 9.0, 9.0, 9.0, 12.75, 12.75, 12.75, 12.75, 12.75, 12.75, 12.75, 12.75, 12.75, 12.75, 12.75, 12.75, 12.75, 12.75, 12.75, 12.75, 12.75, 12.75, 12.75, 12.75, 12.75, 12.75, 12.75, 12.75, 7.12, 7.12, 8.99, 9.0, 9.0, 9.0, 12.75, 7.12, 9.0, 9.0, 9.0, 9.0, 9.0, 9.0, 9.0, 12.75, 7.12, 9.0, 9.0, 9.0, 9.0, 9.0, 9.0, 9.0, 9.0, 7.12, 7.12, 8.99, 9.0, 9.0, 9.0, 9.0, 9.0, 9.0, 12.75, 12.75, 12.75, 12.75, 12.75, 12.75, 12.75, 12.75, 12.75, 12.75, 12.75, 12.75, 12.75, 12.75, 12.75, 12.75, 12.75, 12.75, 12.75, 12.75, 12.75, 0.1, 0.1, 0.1, 0.1]
2026-09-09 02:44:48,709 - Vram analysis
      GPU0
max  12.81
min   0.10
avg   6.56
2026-09-09 02:44:48,755 - 
2026-09-09 02:44:48,755 - ================================================================================
2026-09-09 02:44:48,780 - Analyze smart info error, error='/dev/nvme1n1'
2026-09-09 02:44:48,780 - 
2026-09-09 02:44:48,780 - ================================================================================
2026-09-09 02:44:48,781 - found mw log = Phison_2026-09-09_0238.log
2026-09-09 02:44:48,785 - The training didn't converge (loss shold less than 1).
2026-09-09 02:44:48,785 - Coverage Time = 0:03:00
2026-09-09 02:44:48,785 - ================================================================================
2026-09-09 02:44:48,785 - Lost List
2026-09-09 02:44:48,785 - [18.37, 14.22, 12.83, 13.53, 4.56, 4.56, 4.56, 9.13, 3.16, 6.17, 4.38, 2.13]
2026-09-09 02:44:48,785 - Forward Time List
2026-09-09 02:44:48,785 - [4.69, 1.94, 1.94, 1.94, 1.93, 1.95, 1.94, 1.94, 1.93, 1.95, 1.95, 1.95]
2026-09-09 02:44:48,785 - Backward Time List
2026-09-09 02:44:48,785 - [6.66, 8.59, 8.48, 8.56, 4.92, 8.5, 8.42, 8.38, 4.89, 8.45, 8.66, 8.45]
2026-09-09 02:44:48,785 - Backward Update Time List
2026-09-09 02:44:48,785 - [8.56, 8.38]
2026-09-09 02:44:48,785 - Update Time List
2026-09-09 02:44:48,785 - [30.98, 30.09]
2026-09-09 02:44:48,785 - Training Efficiency List
2026-09-09 02:44:48,785 - [106.2, 114.73]
2026-09-09 02:44:48,785 - ================================================================================
2026-09-09 02:44:48,785 - Analysis Section (unit is second)
2026-09-09 02:44:48,790 - Training info 
     Forward  Backward  Backward_Update  Update  Efficiency
max     4.69      8.66             8.56   30.98      114.73
min     1.93      4.89             8.38   30.09      106.20
avg     2.17      7.75             8.47   30.54      114.73
2026-09-09 02:44:48,836 - 
2026-09-09 02:44:48,836 - ================================================================================
2026-09-09 02:44:48,860 - 
